Organisation,ID,Validity start,Validity end,Publication start,Publication end,Reason,Planned,Modes affected,Operators affected,Services affected,Stops affected
West of England,18224249-29cf-4f65-a023-11067e7c2b6f,Sun Sep 01 2024 08:00:00 GMT+0000 (Coordinated Universal Time),,Sun Sep 01 2024 08:00:00 GMT+0000 (Coordinated Universal Time),,roadworks,true,bus,,,
WYCA,2b9e1d8f-b0ee-43a7-8ca5-7334d6fc4587,Mon Nov 04 2024 08:30:00 GMT+0000 (Coordinated Universal Time),,Mon Nov 04 2024 08:30:00 GMT+0000 (Coordinated Universal Time),,roadworks,true,bus,,1,4
West of England,ba174836-2698-4f06-8f22-e6c90aca9a7d,Thu Mar 06 2025 09:16:00 GMT+0000 (Coordinated Universal Time),,Thu Mar 06 2025 09:16:00 GMT+0000 (Coordinated Universal Time),,roadworks,false,bus,,1,1
West of England,8e8d2259-4d28-490b-9785-c08b0fd034bd,Sun Mar 30 2025 22:01:00 GMT+0000 (Coordinated Universal Time),,Sun Mar 30 2025 00:01:00 GMT+0000 (Coordinated Universal Time),,roadworks,true,bus,,15,1
West of England,526571b9-9ead-4d5a-a7f0-511c879be31e,Sun Apr 06 2025 22:00:00 GMT+0000 (Coordinated Universal Time),Sun Nov 01 2026 23:59:00 GMT+0000 (Coordinated Universal Time),Mon Mar 31 2025 10:39:00 GMT+0000 (Coordinated Universal Time),Sun Nov 01 2026 23:59:00 GMT+0000 (Coordinated Universal Time),repairWork,true,bus,,1,1
West of England,31e19fef-b34f-4da4-b59e-fd9a3579a261,Fri May 30 2025 13:27:00 GMT+0000 (Coordinated Universal Time),,Fri May 30 2025 13:27:00 GMT+0000 (Coordinated Universal Time),,roadworks,true,bus,,1,1
SYMCA,ab3e67f3-fd60-41e4-b1e2-54464fecfc8f,Sun Jun 08 2025 23:00:00 GMT+0000 (Coordinated Universal Time),,Fri Jun 06 2025 09:44:00 GMT+0000 (Coordinated Universal Time),,roadworks,true,bus,,7,4
SYMCA,0ef61208-0210-46b1-83a1-30d6518177f8,Wed Aug 06 2025 17:47:00 GMT+0000 (Coordinated Universal Time),,Wed Aug 06 2025 17:47:00 GMT+0000 (Coordinated Universal Time),,routeDiversion,false,bus,,3,1
West of England,6de2b8a5-19fe-4850-865e-508587aadc46,Sun Aug 17 2025 23:01:00 GMT+0000 (Coordinated Universal Time),Tue Oct 06 2026 22:59:00 GMT+0000 (Coordinated Universal Time),Thu Jul 31 2025 09:58:00 GMT+0000 (Coordinated Universal Time),Tue Oct 06 2026 22:59:00 GMT+0000 (Coordinated Universal Time),maintenanceWork,true,bus,,1,1
WYCA,de178bce-11a5-4a61-9897-5360b40c0e37,Sat Aug 23 2025 11:34:00 GMT+0000 (Coordinated Universal Time),Mon Aug 31 2026 22:59:00 GMT+0000 (Coordinated Universal Time),Sat Aug 23 2025 11:34:00 GMT+0000 (Coordinated Universal Time),Mon Aug 31 2026 22:59:00 GMT+0000 (Coordinated Universal Time),roadClosed,true,bus,,9,
West of England,862b4d56-cf1f-4561-bc8a-5fead0c2b9ae,Sat Nov 01 2025 00:00:00 GMT+0000 (Coordinated Universal Time),Sun Nov 01 2026 00:00:00 GMT+0000 (Coordinated Universal Time),Sat Nov 01 2025 00:00:00 GMT+0000 (Coordinated Universal Time),Sun Nov 01 2026 00:00:00 GMT+0000 (Coordinated Universal Time),roadworks,true,bus,,1,1
Merseytravel,d37f4283-a9bc-4a05-b3be-b1b0ae2d7246,Fri Nov 07 2025 11:10:00 GMT+0000 (Coordinated Universal Time),,Fri Nov 07 2025 11:05:00 GMT+0000 (Coordinated Universal Time),,emergencyEngineeringWork,true,bus,,2,15
WYCA,289217e6-6830-4718-97f9-59621a5064f2,Mon Nov 24 2025 06:00:00 GMT+0000 (Coordinated Universal Time),Sun Nov 07 2027 23:59:00 GMT+0000 (Coordinated Universal Time),Sat Nov 22 2025 09:00:00 GMT+0000 (Coordinated Universal Time),Sun Nov 07 2027 23:59:00 GMT+0000 (Coordinated Universal Time),roadworks,true,bus,,8,3
WYCA,f258b9b9-0c10-4e73-b4f9-830781431919,Wed Nov 26 2025 10:29:00 GMT+0000 (Coordinated Universal Time),,Wed Nov 26 2025 10:29:00 GMT+0000 (Coordinated Universal Time),,roadworks,true,bus,,1,1
Merseytravel,7ca298fa-1fab-4b05-bf29-03b8e0a5a1ec,Wed Dec 03 2025 13:29:00 GMT+0000 (Coordinated Universal Time),,Wed Dec 03 2025 13:29:00 GMT+0000 (Coordinated Universal Time),,roadworks,true,bus,,1,6
West of England,b2b9feb6-4b52-4731-a8a0-b0d80bcb7355,Wed Jan 07 2026 19:26:00 GMT+0000 (Coordinated Universal Time),,Wed Jan 07 2026 19:26:00 GMT+0000 (Coordinated Universal Time),,roadworks,true,bus,,5,2
Merseytravel,5baddf73-ac02-4ab8-8688-99d25d5f75ac,Thu Jan 08 2026 10:40:00 GMT+0000 (Coordinated Universal Time),,Thu Jan 08 2026 10:40:00 GMT+0000 (Coordinated Universal Time),,roadworks,true,bus,,7,7
West of England,64156b6e-7b1c-48f3-8187-31c76f654713,Mon Jan 12 2026 00:00:00 GMT+0000 (Coordinated Universal Time),,Tue Jan 06 2026 16:02:00 GMT+0000 (Coordinated Universal Time),,roadworks,true,bus,,1,1
SYMCA,83695087-cbc6-49a7-9555-eb4b34a14077,Mon Jan 12 2026 00:00:00 GMT+0000 (Coordinated Universal Time),Mon Oct 12 2026 22:59:00 GMT+0000 (Coordinated Universal Time),Mon Jan 05 2026 10:30:00 GMT+0000 (Coordinated Universal Time),Mon Oct 12 2026 22:59:00 GMT+0000 (Coordinated Universal Time),roadworks,true,bus,,4,9
WYCA,630d9779-55de-4b37-9a2c-fe0c70285bb1,Fri Jan 16 2026 10:59:00 GMT+0000 (Coordinated Universal Time),,Fri Jan 16 2026 10:59:00 GMT+0000 (Coordinated Universal Time),,roadworks,true,bus,,11,1
TfGM,c3a3f86a-7443-4d9b-accb-3aa40d6b3392,Sun Jan 18 2026 18:00:00 GMT+0000 (Coordinated Universal Time),Thu Jun 17 2027 19:00:00 GMT+0000 (Coordinated Universal Time),Fri Jan 16 2026 17:39:00 GMT+0000 (Coordinated Universal Time),Thu Jun 17 2027 19:00:00 GMT+0000 (Coordinated Universal Time),maintenanceWork,true,bus,,1,31
West of England,691a12e7-1e9d-43ce-8f19-de6bdcd7ca2f,Mon Jan 19 2026 10:01:00 GMT+0000 (Coordinated Universal Time),,Mon Jan 19 2026 10:01:00 GMT+0000 (Coordinated Universal Time),,roadworks,true,bus,,6,2
WYCA,706b6b5f-532e-4e92-ba5b-80418e2c5807,Tue Jan 27 2026 13:07:00 GMT+0000 (Coordinated Universal Time),Fri Jul 31 2026 22:59:00 GMT+0000 (Coordinated Universal Time),Tue Jan 27 2026 13:07:00 GMT+0000 (Coordinated Universal Time),Fri Jul 31 2026 22:59:00 GMT+0000 (Coordinated Universal Time),roadClosed,true,bus,,1,1
WYCA,7b4e17d3-95c1-46aa-99c0-08ff6e350bfd,Wed Jan 28 2026 09:39:00 GMT+0000 (Coordinated Universal Time),,Wed Jan 28 2026 09:39:00 GMT+0000 (Coordinated Universal Time),,roadworks,true,bus,,12,2
TfGM,9942b82c-16bf-4d1e-b35e-bbc56c718ba6,Thu Feb 05 2026 00:00:00 GMT+0000 (Coordinated Universal Time),Fri Feb 27 2026 12:05:00 GMT+0000 (Coordinated Universal Time),Wed Feb 04 2026 16:51:00 GMT+0000 (Coordinated Universal Time),Fri Oct 30 2026 12:05:00 GMT+0000 (Coordinated Universal Time),maintenanceWork,true,bus,,3,10
TfGM,b2d96d0e-76e1-4ca7-912e-4884e0cffba6,Mon Feb 09 2026 00:00:00 GMT+0000 (Coordinated Universal Time),Tue Feb 09 2027 23:59:00 GMT+0000 (Coordinated Universal Time),Fri Feb 06 2026 07:16:00 GMT+0000 (Coordinated Universal Time),Tue Feb 09 2027 23:59:00 GMT+0000 (Coordinated Universal Time),maintenanceWork,true,bus,,1,
TfGM,2cd1b1d5-08ee-440b-90b2-568830611a0e,Tue Feb 10 2026 13:26:00 GMT+0000 (Coordinated Universal Time),Mon Aug 31 2026 22:59:00 GMT+0000 (Coordinated Universal Time),Tue Feb 10 2026 13:26:00 GMT+0000 (Coordinated Universal Time),Mon Aug 31 2026 22:59:00 GMT+0000 (Coordinated Universal Time),roadworks,true,bus,,10,13
TfGM,72acbf50-4ac3-4158-8da6-52056cdeb454,Mon Feb 23 2026 00:00:00 GMT+0000 (Coordinated Universal Time),Sun Nov 22 2026 23:59:00 GMT+0000 (Coordinated Universal Time),Thu Feb 19 2026 16:00:00 GMT+0000 (Coordinated Universal Time),Sun Nov 22 2026 23:59:00 GMT+0000 (Coordinated Universal Time),roadClosed,false,bus,,3,3
West of England,bf623719-51d2-4597-8e68-85cff99ff53f,Mon Feb 23 2026 00:00:00 GMT+0000 (Coordinated Universal Time),,Mon Feb 23 2026 00:00:00 GMT+0000 (Coordinated Universal Time),,constructionWork,true,bus,,12,1
TfGM,ba17eaca-45f6-4cd4-8f4a-52b648bfd679,Mon Feb 23 2026 00:00:00 GMT+0000 (Coordinated Universal Time),Mon Nov 30 2026 23:59:00 GMT+0000 (Coordinated Universal Time),Mon Feb 16 2026 15:20:00 GMT+0000 (Coordinated Universal Time),Mon Nov 30 2026 23:59:00 GMT+0000 (Coordinated Universal Time),roadClosed,true,bus,,2,2
TfGM,3f9c934e-1c0c-4e8e-ace4-66aa2510d613,Wed Feb 25 2026 00:00:00 GMT+0000 (Coordinated Universal Time),Thu Dec 31 2026 23:59:00 GMT+0000 (Coordinated Universal Time),Tue Feb 24 2026 17:33:00 GMT+0000 (Coordinated Universal Time),Thu Dec 31 2026 23:59:00 GMT+0000 (Coordinated Universal Time),routeDiversion,true,bus,,10,2
WYCA,f9b01a78-5ff0-4e37-a4a7-2b2d65a98261,Mon Mar 02 2026 06:00:00 GMT+0000 (Coordinated Universal Time),Fri Dec 04 2026 23:59:00 GMT+0000 (Coordinated Universal Time),Fri Feb 27 2026 06:00:00 GMT+0000 (Coordinated Universal Time),Fri Dec 04 2026 23:59:00 GMT+0000 (Coordinated Universal Time),routeDiversion,true,bus,,1,4
TfGM,7538d9ac-7084-474a-879a-777181f7efd5,Mon Mar 09 2026 00:01:00 GMT+0000 (Coordinated Universal Time),Sat Mar 14 2026 23:59:00 GMT+0000 (Coordinated Universal Time),Fri Feb 20 2026 19:42:00 GMT+0000 (Coordinated Universal Time),Thu Feb 14 3202 23:59:00 GMT+0000 (Coordinated Universal Time),maintenanceWork,true,bus,,3,1
TfGM,d7a131da-c91e-4d48-b17b-e616bb78f71c,Sat Mar 14 2026 09:21:00 GMT+0000 (Coordinated Universal Time),Fri Oct 30 2026 23:59:00 GMT+0000 (Coordinated Universal Time),Sat Mar 14 2026 09:21:00 GMT+0000 (Coordinated Universal Time),Fri Oct 30 2026 23:59:00 GMT+0000 (Coordinated Universal Time),roadClosed,false,bus,,2,9
SYMCA,bd4184ba-3483-4318-8093-61493428a439,Tue Mar 17 2026 12:59:00 GMT+0000 (Coordinated Universal Time),,Tue Mar 17 2026 12:59:00 GMT+0000 (Coordinated Universal Time),,maintenanceWork,false,bus,,5,2
TfGM,cc51b6a4-656e-479d-9875-67fad839a8e2,Tue Mar 17 2026 19:41:00 GMT+0000 (Coordinated Universal Time),Tue Mar 17 2026 22:00:00 GMT+0000 (Coordinated Universal Time),Tue Mar 17 2026 19:41:00 GMT+0000 (Coordinated Universal Time),Thu Dec 10 2026 22:00:00 GMT+0000 (Coordinated Universal Time),congestion,false,bus,,3,
SYMCA,92d88a5d-1302-4c86-b507-31409f5da51f,Sun Mar 22 2026 23:00:00 GMT+0000 (Coordinated Universal Time),,Wed Mar 18 2026 12:12:00 GMT+0000 (Coordinated Universal Time),,unknown,true,bus,,7,1
TfGM,0e1765ab-86c1-4f38-a48f-b6694c9a062a,Tue Mar 24 2026 12:52:00 GMT+0000 (Coordinated Universal Time),,Tue Mar 24 2026 12:52:00 GMT+0000 (Coordinated Universal Time),,incident,false,bus,,9,6
TfGM,21f296c6-b844-43f1-a630-6aa01ff91d2d,Fri Mar 27 2026 14:47:00 GMT+0000 (Coordinated Universal Time),,Fri Mar 27 2026 14:47:00 GMT+0000 (Coordinated Universal Time),,roadClosed,false,bus,,2,5
Cornwall,900c9d6a-c94d-4ccc-9a06-ef61eb8e7d4d,Tue Mar 31 2026 14:00:00 GMT+0000 (Coordinated Universal Time),,Tue Mar 31 2026 14:00:00 GMT+0000 (Coordinated Universal Time),,constructionWork,false,bus,,1,8
WYCA,43864a74-527d-494b-941a-dc2c99b2210e,Thu Apr 02 2026 12:08:00 GMT+0000 (Coordinated Universal Time),Sun Nov 01 2026 23:59:00 GMT+0000 (Coordinated Universal Time),Thu Apr 02 2026 12:08:00 GMT+0000 (Coordinated Universal Time),Sun Nov 01 2026 23:59:00 GMT+0000 (Coordinated Universal Time),roadworks,false,bus,,1,3
WYCA,fce0f123-f591-46ef-9242-d970c24d1b85,Tue Apr 07 2026 05:00:00 GMT+0000 (Coordinated Universal Time),Fri Jan 15 2027 23:59:00 GMT+0000 (Coordinated Universal Time),Sat Apr 04 2026 05:00:00 GMT+0000 (Coordinated Universal Time),Fri Jan 15 2027 23:59:00 GMT+0000 (Coordinated Universal Time),roadworks,true,bus,,2,6
West of England,92d5edc3-fefd-4a3d-a758-b7716f91c56a,Tue Apr 07 2026 11:30:00 GMT+0000 (Coordinated Universal Time),,Tue Apr 07 2026 11:30:00 GMT+0000 (Coordinated Universal Time),,maintenanceWork,true,bus,,1,13
TfGM,ff6bb6b7-5aa1-42c6-b2da-d08006094f07,Sat Apr 11 2026 03:00:00 GMT+0000 (Coordinated Universal Time),,Fri Mar 27 2026 14:47:00 GMT+0000 (Coordinated Universal Time),,roadClosed,false,bus,,1,3
SYMCA,882f00be-54e0-42dc-a792-5e6a889e700a,Wed Apr 15 2026 06:37:00 GMT+0000 (Coordinated Universal Time),,Wed Apr 15 2026 06:37:00 GMT+0000 (Coordinated Universal Time),,roadworks,false,bus,,1,100
Merseytravel,9c2fe6ef-7a58-4311-925e-1c7228f1a0e2,Fri Apr 17 2026 12:48:00 GMT+0000 (Coordinated Universal Time),,Fri Apr 17 2026 12:47:00 GMT+0000 (Coordinated Universal Time),,roadworks,true,bus,,3,11
West of England,6803fff0-0cc0-436b-a629-6fa58a4ef69c,Mon Apr 20 2026 07:00:00 GMT+0000 (Coordinated Universal Time),Wed Sep 02 2026 16:00:00 GMT+0000 (Coordinated Universal Time),Thu Apr 16 2026 10:56:00 GMT+0000 (Coordinated Universal Time),Wed Sep 02 2026 16:00:00 GMT+0000 (Coordinated Universal Time),roadworks,true,bus,,1,2
Merseytravel,2025de4c-8d0d-44ae-969d-224ffb6d8c37,Mon Apr 20 2026 13:38:00 GMT+0000 (Coordinated Universal Time),,Mon Apr 20 2026 13:38:00 GMT+0000 (Coordinated Universal Time),,unknown,true,bus,,2,22
WYCA,161e4b52-cc54-488d-bf72-a999d5743421,Tue Apr 21 2026 05:00:00 GMT+0000 (Coordinated Universal Time),Fri Sep 04 2026 22:59:00 GMT+0000 (Coordinated Universal Time),Fri Apr 17 2026 05:00:00 GMT+0000 (Coordinated Universal Time),Fri Sep 04 2026 22:59:00 GMT+0000 (Coordinated Universal Time),roadworks,true,bus,,5,2
WYCA,16bc4ee7-8f4b-4da4-9a8e-c9450e3cc9ec,Wed Apr 22 2026 11:34:00 GMT+0000 (Coordinated Universal Time),Fri Sep 18 2026 22:59:00 GMT+0000 (Coordinated Universal Time),Wed Apr 22 2026 11:34:00 GMT+0000 (Coordinated Universal Time),Fri Sep 18 2026 22:59:00 GMT+0000 (Coordinated Universal Time),routeDiversion,true,bus,,4,2
WYCA,66b28bdf-d018-4ee5-b837-587fcccec5cc,Tue Apr 28 2026 03:00:00 GMT+0000 (Coordinated Universal Time),,Tue Apr 28 2026 03:00:00 GMT+0000 (Coordinated Universal Time),,roadworks,true,bus,,4,11
WYCA,0bda7948-bd66-4945-b1cc-00220bf69040,Thu Apr 30 2026 13:13:00 GMT+0000 (Coordinated Universal Time),,Thu Apr 30 2026 13:13:00 GMT+0000 (Coordinated Universal Time),,vandalism,true,bus,,1,3
West of England,e39569e2-9e7e-4a23-8702-14db12a8902f,Mon May 04 2026 19:00:00 GMT+0000 (Coordinated Universal Time),Fri Jul 24 2026 05:00:00 GMT+0000 (Coordinated Universal Time),Mon May 04 2026 19:00:00 GMT+0000 (Coordinated Universal Time),Fri Jul 24 2026 05:00:00 GMT+0000 (Coordinated Universal Time),roadworks,true,bus,,1,7
SYMCA,a4d6c439-4096-4a58-ab1d-2a3ea408f912,Mon May 04 2026 23:01:00 GMT+0000 (Coordinated Universal Time),Tue Mar 30 2027 22:59:00 GMT+0000 (Coordinated Universal Time),Fri May 01 2026 12:22:00 GMT+0000 (Coordinated Universal Time),Tue Mar 30 2027 22:59:00 GMT+0000 (Coordinated Universal Time),unknown,true,bus,,16,2
TfGM,3b5de335-52f3-453d-b2bc-35917a45da46,Tue May 12 2026 17:43:00 GMT+0000 (Coordinated Universal Time),,Tue May 12 2026 17:43:00 GMT+0000 (Coordinated Universal Time),,maintenanceWork,false,bus,,,1
WYCA,abdfb8c1-7f5e-4396-9140-d427070bda64,Wed May 13 2026 08:20:00 GMT+0000 (Coordinated Universal Time),,Wed May 13 2026 08:20:00 GMT+0000 (Coordinated Universal Time),,roadworks,true,bus,,1,2
WYCA,9f0ba969-9631-4311-9956-a06ff6a41673,Fri May 15 2026 08:53:00 GMT+0000 (Coordinated Universal Time),,Fri May 15 2026 08:53:00 GMT+0000 (Coordinated Universal Time),,roadworks,false,bus,,3,8
TfGM,20fdaeb8-9874-45ef-b32c-ff4c049732cf,Sun May 17 2026 16:24:00 GMT+0000 (Coordinated Universal Time),Sat Apr 10 2027 22:59:00 GMT+0000 (Coordinated Universal Time),Sun May 17 2026 16:24:00 GMT+0000 (Coordinated Universal Time),Sat Apr 10 2027 22:59:00 GMT+0000 (Coordinated Universal Time),roadworks,true,bus,,5,
TfGM,88bbe8f5-e481-43ff-be60-879ca9576f7a,Sun May 17 2026 23:00:00 GMT+0000 (Coordinated Universal Time),Wed Aug 19 2026 22:59:00 GMT+0000 (Coordinated Universal Time),Sun May 17 2026 23:00:00 GMT+0000 (Coordinated Universal Time),Wed Aug 19 2026 22:59:00 GMT+0000 (Coordinated Universal Time),maintenanceWork,true,tram,,,3
West of England,d58c85f6-fdff-434c-a352-3db04a54d7c6,Mon May 18 2026 08:30:00 GMT+0000 (Coordinated Universal Time),Fri Aug 14 2026 14:00:00 GMT+0000 (Coordinated Universal Time),Mon May 18 2026 08:00:00 GMT+0000 (Coordinated Universal Time),Fri Aug 14 2026 14:00:00 GMT+0000 (Coordinated Universal Time),roadworks,true,bus,,,1
TfGM,73f373e6-5f82-44ed-adc7-791169af596a,Tue May 19 2026 09:03:00 GMT+0000 (Coordinated Universal Time),Mon Jan 25 2027 23:59:00 GMT+0000 (Coordinated Universal Time),Tue May 19 2026 09:03:00 GMT+0000 (Coordinated Universal Time),Mon Jan 25 2027 23:59:00 GMT+0000 (Coordinated Universal Time),roadworks,false,bus,,10,1
TfGM,dfb27fae-f61f-4ae7-93ca-17085094abd3,Tue May 19 2026 09:13:00 GMT+0000 (Coordinated Universal Time),Sat Oct 31 2026 23:59:00 GMT+0000 (Coordinated Universal Time),Tue May 19 2026 09:13:00 GMT+0000 (Coordinated Universal Time),Sat Oct 31 2026 23:59:00 GMT+0000 (Coordinated Universal Time),incident,false,bus,,3,1
WYCA,c45f870c-2272-403b-9d9c-9d3eab5debda,Thu May 21 2026 05:00:00 GMT+0000 (Coordinated Universal Time),Fri Nov 27 2026 23:59:00 GMT+0000 (Coordinated Universal Time),Fri May 08 2026 05:00:00 GMT+0000 (Coordinated Universal Time),Fri Nov 27 2026 23:59:00 GMT+0000 (Coordinated Universal Time),roadworks,true,bus,,3,2
Merseytravel,c7c4ea5d-35ad-4950-bb96-12cac7d54b1d,Thu May 21 2026 06:30:00 GMT+0000 (Coordinated Universal Time),Tue Aug 11 2026 16:00:00 GMT+0000 (Coordinated Universal Time),Thu May 14 2026 13:39:00 GMT+0000 (Coordinated Universal Time),Tue Aug 11 2026 16:00:00 GMT+0000 (Coordinated Universal Time),roadworks,true,bus,,1,1
WYCA,aeeab4e6-ae1e-4dec-ae8c-f5136bcc62dd,Thu May 21 2026 06:47:00 GMT+0000 (Coordinated Universal Time),,Thu May 21 2026 06:47:00 GMT+0000 (Coordinated Universal Time),,roadworks,false,bus,,2,100
TfGM,dffa2b7d-0397-4c5f-bcca-6e34cfc2ded7,Mon May 25 2026 23:00:00 GMT+0000 (Coordinated Universal Time),Wed Aug 26 2026 22:59:00 GMT+0000 (Coordinated Universal Time),Fri May 01 2026 13:04:00 GMT+0000 (Coordinated Universal Time),Wed Aug 26 2026 22:59:00 GMT+0000 (Coordinated Universal Time),roadworks,true,bus,,7,9
Cornwall,b6edccf9-c82f-496c-a4bf-ac98180dfaea,Wed May 27 2026 09:00:00 GMT+0000 (Coordinated Universal Time),Fri Nov 27 2026 23:59:00 GMT+0000 (Coordinated Universal Time),Wed May 27 2026 09:00:00 GMT+0000 (Coordinated Universal Time),Fri Nov 27 2026 23:59:00 GMT+0000 (Coordinated Universal Time),roadClosed,false,bus,,3,11
TfGM,09331b57-5f70-4dbc-b614-1de2ff0e30f3,Thu May 28 2026 23:00:00 GMT+0000 (Coordinated Universal Time),Wed Jul 15 2026 22:59:00 GMT+0000 (Coordinated Universal Time),Fri May 15 2026 09:25:00 GMT+0000 (Coordinated Universal Time),Wed Jul 15 2026 22:59:00 GMT+0000 (Coordinated Universal Time),roadworks,true,bus,,5,1
West of England,38b6d846-a4a6-4374-a9d5-1bb6eb5caa7c,Sun May 31 2026 06:00:00 GMT+0000 (Coordinated Universal Time),Fri Jul 31 2026 17:00:00 GMT+0000 (Coordinated Universal Time),Thu May 28 2026 14:10:00 GMT+0000 (Coordinated Universal Time),Fri Jul 31 2026 17:00:00 GMT+0000 (Coordinated Universal Time),roadworks,true,bus,,3,1
TfGM,a57bed8b-c61a-46f3-b113-f96fa1a1d340,Sun May 31 2026 23:00:00 GMT+0000 (Coordinated Universal Time),Thu Feb 03 2028 23:59:00 GMT+0000 (Coordinated Universal Time),Wed May 06 2026 12:46:00 GMT+0000 (Coordinated Universal Time),Thu Feb 03 2028 23:59:00 GMT+0000 (Coordinated Universal Time),incident,true,bus,,3,7
TfGM,4ae969d5-fc23-41f7-a5aa-e46603f5ce52,Sun May 31 2026 23:00:00 GMT+0000 (Coordinated Universal Time),Thu Jun 04 2026 14:53:00 GMT+0000 (Coordinated Universal Time),Thu May 28 2026 07:45:00 GMT+0000 (Coordinated Universal Time),Wed Oct 21 2026 14:53:00 GMT+0000 (Coordinated Universal Time),roadClosed,true,bus,,2,1
Merseytravel,9af12775-47b5-4dd6-9f21-59797656c023,Sun May 31 2026 23:01:00 GMT+0000 (Coordinated Universal Time),Fri Jul 17 2026 22:59:00 GMT+0000 (Coordinated Universal Time),Wed May 27 2026 14:17:00 GMT+0000 (Coordinated Universal Time),Fri Jul 17 2026 22:59:00 GMT+0000 (Coordinated Universal Time),roadworks,true,bus,,5,15
Devon,c6a100ad-daa4-4820-84ea-67ac12f3c6c3,Mon Jun 01 2026 07:00:00 GMT+0000 (Coordinated Universal Time),Fri Jul 17 2026 22:59:00 GMT+0000 (Coordinated Universal Time),Mon Jun 01 2026 07:00:00 GMT+0000 (Coordinated Universal Time),Fri Jul 17 2026 22:59:00 GMT+0000 (Coordinated Universal Time),roadClosed,true,bus,,3,2
WYCA,3ea82274-0db3-441a-a725-1a41e238be59,Tue Jun 02 2026 08:49:00 GMT+0000 (Coordinated Universal Time),,Tue Jun 02 2026 08:49:00 GMT+0000 (Coordinated Universal Time),,roadworks,false,bus,,1,1
TfGM,182acd76-0ee2-47c2-bf55-a649ab934e14,Wed Jun 03 2026 11:37:00 GMT+0000 (Coordinated Universal Time),Mon Jul 20 2026 22:59:00 GMT+0000 (Coordinated Universal Time),Wed Jun 03 2026 11:37:00 GMT+0000 (Coordinated Universal Time),Mon Jul 20 2026 22:59:00 GMT+0000 (Coordinated Universal Time),roadworks,false,bus,,1,2
SYMCA,894bd6e7-4cd4-4c8f-b651-b0cc83c83461,Sun Jun 07 2026 23:01:00 GMT+0000 (Coordinated Universal Time),Sun Jul 12 2026 22:59:00 GMT+0000 (Coordinated Universal Time),Wed Jun 03 2026 12:16:00 GMT+0000 (Coordinated Universal Time),Sun Jul 12 2026 22:59:00 GMT+0000 (Coordinated Universal Time),constructionWork,true,bus,,2,11
WYCA,b1fc65da-5ac6-4d75-9604-5f40c88d7b51,Mon Jun 08 2026 05:00:00 GMT+0000 (Coordinated Universal Time),Fri Jul 17 2026 22:59:00 GMT+0000 (Coordinated Universal Time),Thu Jun 04 2026 05:00:00 GMT+0000 (Coordinated Universal Time),Fri Jul 17 2026 22:59:00 GMT+0000 (Coordinated Universal Time),roadworks,true,bus,,2,6
West of England,c1c76506-8dac-4c3a-bc9b-39eaacf6b702,Mon Jun 08 2026 07:38:00 GMT+0000 (Coordinated Universal Time),,Mon Jun 08 2026 07:38:00 GMT+0000 (Coordinated Universal Time),,roadClosed,false,bus,,1,1
WYCA,7f89b42c-8814-4873-8232-5e39c0642d96,Mon Jun 08 2026 09:37:00 GMT+0000 (Coordinated Universal Time),,Mon Jun 08 2026 09:37:00 GMT+0000 (Coordinated Universal Time),,roadworks,true,bus,,1,11
West of England,6d630890-3866-460c-84bd-59d1104f94b0,Mon Jun 08 2026 12:41:00 GMT+0000 (Coordinated Universal Time),Fri Jul 31 2026 17:00:00 GMT+0000 (Coordinated Universal Time),Mon Jun 08 2026 12:41:00 GMT+0000 (Coordinated Universal Time),Fri Jul 31 2026 17:00:00 GMT+0000 (Coordinated Universal Time),roadworks,true,bus,,2,1
Merseytravel,ab8713ed-e686-41b1-af0e-8984fb4d5630,Mon Jun 08 2026 23:00:00 GMT+0000 (Coordinated Universal Time),Wed Jul 22 2026 22:59:00 GMT+0000 (Coordinated Universal Time),Mon Jun 08 2026 22:59:00 GMT+0000 (Coordinated Universal Time),Wed Jul 22 2026 22:59:00 GMT+0000 (Coordinated Universal Time),roadworks,true,bus,,3,4
Merseytravel,c743e204-0c9b-4440-9f43-651d43f94a70,Thu Jun 11 2026 23:00:00 GMT+0000 (Coordinated Universal Time),Thu Jul 23 2026 22:59:00 GMT+0000 (Coordinated Universal Time),Thu Jun 11 2026 22:59:00 GMT+0000 (Coordinated Universal Time),Thu Jul 23 2026 22:59:00 GMT+0000 (Coordinated Universal Time),roadworks,true,bus,,1,5
TfGM,b43d9a79-a38d-4e51-b065-f07ac1c8df04,Sat Jun 13 2026 23:00:00 GMT+0000 (Coordinated Universal Time),Fri Mar 31 2028 22:59:00 GMT+0000 (Coordinated Universal Time),Sat Jun 13 2026 23:00:00 GMT+0000 (Coordinated Universal Time),Fri Mar 31 2028 22:59:00 GMT+0000 (Coordinated Universal Time),maintenanceWork,false,bus,,1,
WYCA,5a57b8f5-222e-4e54-951e-fe0508019f9a,Sun Jun 14 2026 08:01:00 GMT+0000 (Coordinated Universal Time),,Sun Jun 14 2026 08:01:00 GMT+0000 (Coordinated Universal Time),,roadworks,false,bus,,1,1
Devon,85a0d5be-1248-425e-9e61-14ae3f60cf29,Sun Jun 14 2026 23:00:00 GMT+0000 (Coordinated Universal Time),Fri Aug 21 2026 22:59:00 GMT+0000 (Coordinated Universal Time),Mon Jun 08 2026 23:00:00 GMT+0000 (Coordinated Universal Time),Fri Aug 21 2026 22:59:00 GMT+0000 (Coordinated Universal Time),constructionWork,true,bus,,6,41
WYCA,b7921958-134b-48e9-9913-4ed5ad3e50ce,Mon Jun 15 2026 19:00:00 GMT+0000 (Coordinated Universal Time),Sat Jul 18 2026 05:00:00 GMT+0000 (Coordinated Universal Time),Thu Jun 11 2026 08:48:00 GMT+0000 (Coordinated Universal Time),Sat Jul 18 2026 05:00:00 GMT+0000 (Coordinated Universal Time),roadworks,true,bus,,2,5
Merseytravel,870c50dd-11c5-4faf-9f59-5e0d5c234f70,Tue Jun 16 2026 14:18:00 GMT+0000 (Coordinated Universal Time),,Tue Jun 16 2026 14:15:00 GMT+0000 (Coordinated Universal Time),,roadworks,true,bus,,4,17
Cornwall,a0d3b07d-33c4-41e2-9cfd-a97a50e3eb69,Thu Jun 18 2026 23:01:00 GMT+0000 (Coordinated Universal Time),,Thu Jun 18 2026 23:01:00 GMT+0000 (Coordinated Universal Time),,unknown,false,bus,,1,5
TfGM,7ef7ed75-33c9-48ee-8751-4ac361b1fd14,Fri Jun 19 2026 13:07:00 GMT+0000 (Coordinated Universal Time),Wed Jul 15 2026 22:59:00 GMT+0000 (Coordinated Universal Time),Fri Jun 19 2026 13:07:00 GMT+0000 (Coordinated Universal Time),Wed Jul 15 2026 22:59:00 GMT+0000 (Coordinated Universal Time),maintenanceWork,false,bus,,,4
TfGM,319bb4b3-4d77-42ed-9b66-a6a100278923,Sun Jun 21 2026 07:00:00 GMT+0000 (Coordinated Universal Time),Sun Jul 05 2026 18:00:00 GMT+0000 (Coordinated Universal Time),Mon Apr 20 2026 13:59:00 GMT+0000 (Coordinated Universal Time),Sun Jul 12 2026 18:00:00 GMT+0000 (Coordinated Universal Time),roadworks,true,bus,,1,9
Cornwall,1f240d79-3004-45f7-b758-c59ce26b764c,Sun Jun 21 2026 23:01:00 GMT+0000 (Coordinated Universal Time),Mon Apr 17 2028 22:59:00 GMT+0000 (Coordinated Universal Time),Sat Jun 13 2026 20:29:00 GMT+0000 (Coordinated Universal Time),Mon Apr 17 2028 22:59:00 GMT+0000 (Coordinated Universal Time),roadClosed,true,bus,,12,2
West of England,d3da33f3-b6dd-4232-a69e-86bb504a252c,Mon Jun 22 2026 07:00:00 GMT+0000 (Coordinated Universal Time),Fri Jul 31 2026 16:00:00 GMT+0000 (Coordinated Universal Time),Mon Jun 22 2026 07:00:00 GMT+0000 (Coordinated Universal Time),Fri Jul 31 2026 16:00:00 GMT+0000 (Coordinated Universal Time),roadworks,true,bus,,2,2
WYCA,d67e5b21-f0dc-4143-a6a4-de4ddf9090c7,Tue Jun 23 2026 10:45:00 GMT+0000 (Coordinated Universal Time),,Sat May 23 2026 11:00:00 GMT+0000 (Coordinated Universal Time),,roadworks,true,bus,,6,1
SYMCA,9aec9462-086a-49a0-b771-22ac394ed369,Tue Jun 23 2026 17:52:00 GMT+0000 (Coordinated Universal Time),Wed Jun 24 2026 06:02:00 GMT+0000 (Coordinated Universal Time),Tue Jun 23 2026 17:52:00 GMT+0000 (Coordinated Universal Time),Tue Jun 24 2206 06:02:00 GMT+0000 (Coordinated Universal Time),incident,false,bus,,1,100
West of England,0d462ce9-0290-4546-9f62-7e2a6b2cd756,Wed Jun 24 2026 06:30:00 GMT+0000 (Coordinated Universal Time),Thu Sep 03 2026 16:00:00 GMT+0000 (Coordinated Universal Time),Mon Jun 22 2026 17:45:00 GMT+0000 (Coordinated Universal Time),Fri Sep 04 2026 17:00:00 GMT+0000 (Coordinated Universal Time),roadworks,true,bus,,3,2
SYMCA,4fff3198-7bb1-4396-903f-38526145124a,Wed Jun 24 2026 07:58:00 GMT+0000 (Coordinated Universal Time),,Wed Jun 24 2026 07:58:00 GMT+0000 (Coordinated Universal Time),,maintenanceWork,true,rail,,,
TfGM,6002fb00-90e9-48b2-bf16-12ccc8c6f6ec,Wed Jun 24 2026 23:00:00 GMT+0000 (Coordinated Universal Time),Wed Jul 15 2026 22:59:00 GMT+0000 (Coordinated Universal Time),Fri May 15 2026 09:25:00 GMT+0000 (Coordinated Universal Time),Wed Jul 15 2026 22:59:00 GMT+0000 (Coordinated Universal Time),roadworks,true,bus,,5,1
TfGM,0e470021-c86f-4b32-93e5-75cc95a145bc,Wed Jun 24 2026 23:01:00 GMT+0000 (Coordinated Universal Time),Thu Jul 16 2026 22:59:00 GMT+0000 (Coordinated Universal Time),Tue Jun 23 2026 10:59:00 GMT+0000 (Coordinated Universal Time),Thu Jul 16 2026 22:59:00 GMT+0000 (Coordinated Universal Time),maintenanceWork,true,bus,,,1
TfGM,a7a3c844-bd8b-41c4-b1ff-6307bde12265,Thu Jun 25 2026 15:04:00 GMT+0000 (Coordinated Universal Time),Mon Jun 29 2026 22:59:00 GMT+0000 (Coordinated Universal Time),Thu Jun 25 2026 15:04:00 GMT+0000 (Coordinated Universal Time),Wed Jul 29 2026 22:59:00 GMT+0000 (Coordinated Universal Time),roadClosed,false,bus,,1,4
TfGM,d406e75c-6c03-466f-93af-2c703fea6411,Sat Jun 27 2026 08:54:00 GMT+0000 (Coordinated Universal Time),,Sat Jun 27 2026 08:54:00 GMT+0000 (Coordinated Universal Time),,roadworks,false,bus,,1,
TfGM,5a922ccf-e8af-413c-9306-994f9260d8a0,Sun Jun 28 2026 07:00:00 GMT+0000 (Coordinated Universal Time),Sun Jul 12 2026 18:00:00 GMT+0000 (Coordinated Universal Time),Wed Jun 24 2026 13:35:00 GMT+0000 (Coordinated Universal Time),Sun Jul 12 2026 18:00:00 GMT+0000 (Coordinated Universal Time),roadworks,true,bus,,3,24
TfGM,228f10db-4511-4005-a4ab-df8e5c19de0b,Sun Jun 28 2026 21:00:00 GMT+0000 (Coordinated Universal Time),Mon Sep 07 2026 05:00:00 GMT+0000 (Coordinated Universal Time),Wed Jun 24 2026 12:14:00 GMT+0000 (Coordinated Universal Time),Mon Sep 07 2026 05:00:00 GMT+0000 (Coordinated Universal Time),roadworks,true,bus,,9,11
West of England,1906449e-d6e6-412a-a50a-01c882b6d6fe,Sun Jun 28 2026 23:00:00 GMT+0000 (Coordinated Universal Time),Thu Jul 23 2026 23:00:00 GMT+0000 (Coordinated Universal Time),Tue Jun 23 2026 12:28:00 GMT+0000 (Coordinated Universal Time),Fri Jul 24 2026 23:00:00 GMT+0000 (Coordinated Universal Time),roadworks,true,bus,,1,1
Cheshire East,839adbc8-4738-4e3c-89db-cc20807e875b,Sun Jun 28 2026 23:00:00 GMT+0000 (Coordinated Universal Time),Sat Aug 01 2026 23:00:00 GMT+0000 (Coordinated Universal Time),Thu Jun 18 2026 10:43:00 GMT+0000 (Coordinated Universal Time),Sun Aug 02 2026 00:00:00 GMT+0000 (Coordinated Universal Time),roadworks,true,bus,,1,4
West of England,e3c34e09-2fd1-4dd5-9358-9cce351baa1d,Sun Jun 28 2026 23:00:00 GMT+0000 (Coordinated Universal Time),Thu Jul 16 2026 23:00:00 GMT+0000 (Coordinated Universal Time),Thu May 21 2026 08:35:00 GMT+0000 (Coordinated Universal Time),Fri Jul 17 2026 23:30:00 GMT+0000 (Coordinated Universal Time),roadworks,true,bus,,6,2
TfGM,71724c8e-cf16-4b41-8fdf-2a0e654aa8aa,Sun Jun 28 2026 23:00:00 GMT+0000 (Coordinated Universal Time),Sun Aug 02 2026 22:59:00 GMT+0000 (Coordinated Universal Time),Wed Jun 17 2026 12:43:00 GMT+0000 (Coordinated Universal Time),Sun Aug 02 2026 22:59:00 GMT+0000 (Coordinated Universal Time),roadworks,true,bus,,1,4
West of England,e989e52c-29a3-4086-80c9-44001a1a93f5,Sun Jun 28 2026 23:00:00 GMT+0000 (Coordinated Universal Time),Sat Jul 25 2026 23:00:00 GMT+0000 (Coordinated Universal Time),Wed Jun 10 2026 12:58:00 GMT+0000 (Coordinated Universal Time),Sun Jul 26 2026 02:00:00 GMT+0000 (Coordinated Universal Time),roadworks,true,bus,,2,1
Cornwall,8b712831-240c-44da-b48d-d24dbad0f619,Sun Jun 28 2026 23:01:00 GMT+0000 (Coordinated Universal Time),Thu Sep 03 2026 22:59:00 GMT+0000 (Coordinated Universal Time),Sun Jun 28 2026 23:01:00 GMT+0000 (Coordinated Universal Time),Thu Sep 03 2026 22:59:00 GMT+0000 (Coordinated Universal Time),roadClosed,true,bus,,1,9
TfGM,f3ace508-1173-45f2-b254-fef9d3c181aa,Sun Jun 28 2026 23:01:00 GMT+0000 (Coordinated Universal Time),Tue Jul 14 2026 22:59:00 GMT+0000 (Coordinated Universal Time),Sun Jun 28 2026 13:52:00 GMT+0000 (Coordinated Universal Time),Tue Jul 14 2026 22:59:00 GMT+0000 (Coordinated Universal Time),maintenanceWork,true,bus,,,2
Merseytravel,a0f998ce-d630-4408-a61f-ef2fee5b19dc,Sun Jun 28 2026 23:01:00 GMT+0000 (Coordinated Universal Time),Sun Jul 19 2026 22:59:00 GMT+0000 (Coordinated Universal Time),Thu Jun 25 2026 08:29:00 GMT+0000 (Coordinated Universal Time),Sun Jul 19 2026 22:59:00 GMT+0000 (Coordinated Universal Time),roadworks,true,bus,,1,2
SYMCA,8d98a83e-1263-4fd2-84b5-6b6295fb6da4,Mon Jun 29 2026 09:10:00 GMT+0000 (Coordinated Universal Time),,Mon Jun 29 2026 09:10:00 GMT+0000 (Coordinated Universal Time),,roadworks,false,bus,,7,
Merseytravel,f4eefca4-3d37-4ce6-9de8-b8bbb56c6d30,Mon Jun 29 2026 14:30:00 GMT+0000 (Coordinated Universal Time),Fri Jul 31 2026 22:59:00 GMT+0000 (Coordinated Universal Time),Mon Jun 29 2026 14:29:00 GMT+0000 (Coordinated Universal Time),Fri Jul 31 2026 22:59:00 GMT+0000 (Coordinated Universal Time),roadworks,true,bus,,1,8
SYMCA,97630051-e118-417d-a118-15ff364d2d49,Mon Jun 29 2026 14:50:00 GMT+0000 (Coordinated Universal Time),,Mon Jun 29 2026 14:50:00 GMT+0000 (Coordinated Universal Time),,roadworks,false,bus,,1,13
Merseytravel,0b49dfe6-f235-4339-ba9d-c275422ec1e5,Mon Jun 29 2026 23:00:00 GMT+0000 (Coordinated Universal Time),Tue Aug 04 2026 22:59:00 GMT+0000 (Coordinated Universal Time),Fri Jun 26 2026 06:37:00 GMT+0000 (Coordinated Universal Time),Tue Aug 04 2026 22:59:00 GMT+0000 (Coordinated Universal Time),roadworks,true,bus,,1,2
WYCA,b9182703-5d3b-45a2-aa45-571c9c77b722,Tue Jun 30 2026 05:00:00 GMT+0000 (Coordinated Universal Time),,Tue Jun 30 2026 05:00:00 GMT+0000 (Coordinated Universal Time),,roadworks,true,bus,,8,1
West of England,13befad0-c84b-45a6-858a-7f488088f49c,Tue Jun 30 2026 08:30:00 GMT+0000 (Coordinated Universal Time),Wed Jul 15 2026 14:30:00 GMT+0000 (Coordinated Universal Time),Mon Jun 29 2026 16:42:00 GMT+0000 (Coordinated Universal Time),Wed Jul 15 2026 15:30:00 GMT+0000 (Coordinated Universal Time),roadworks,true,bus,,1,1
TfGM,30dbe82a-3c9f-4412-9ec3-30ce5a228c70,Tue Jun 30 2026 09:36:00 GMT+0000 (Coordinated Universal Time),Tue Aug 18 2026 22:59:00 GMT+0000 (Coordinated Universal Time),Tue Jun 30 2026 09:36:00 GMT+0000 (Coordinated Universal Time),Tue Aug 18 2026 22:59:00 GMT+0000 (Coordinated Universal Time),roadworks,true,bus,,,2
TfGM,b7c56731-754c-4d07-8872-18368fedb36e,Tue Jun 30 2026 09:40:00 GMT+0000 (Coordinated Universal Time),Mon Jul 13 2026 22:59:00 GMT+0000 (Coordinated Universal Time),Tue Jun 30 2026 09:40:00 GMT+0000 (Coordinated Universal Time),Mon Jul 13 2026 22:59:00 GMT+0000 (Coordinated Universal Time),roadworks,false,bus,,1,2
SYMCA,6fe3ab02-0239-48c8-a2c9-f8416e42f6c3,Tue Jun 30 2026 16:40:00 GMT+0000 (Coordinated Universal Time),Mon Jul 01 2926 05:59:00 GMT+0000 (Coordinated Universal Time),Tue Jun 30 2026 16:40:00 GMT+0000 (Coordinated Universal Time),Mon Jul 01 2926 05:59:00 GMT+0000 (Coordinated Universal Time),congestion,false,bus,,9,100
TfGM,e96267a8-9a70-42e8-8b0b-0cd5a9ffa8df,Tue Jun 30 2026 23:01:00 GMT+0000 (Coordinated Universal Time),Wed Jul 22 2026 22:59:00 GMT+0000 (Coordinated Universal Time),Sun Jun 28 2026 14:26:00 GMT+0000 (Coordinated Universal Time),Wed Jul 22 2026 22:59:00 GMT+0000 (Coordinated Universal Time),maintenanceWork,true,bus,,,1
TfGM,b73584db-0440-4677-a914-0d42de07fd76,Wed Jul 01 2026 10:28:00 GMT+0000 (Coordinated Universal Time),Mon Jul 27 2026 22:59:00 GMT+0000 (Coordinated Universal Time),Wed Jul 01 2026 10:28:00 GMT+0000 (Coordinated Universal Time),Mon Jul 27 2026 22:59:00 GMT+0000 (Coordinated Universal Time),roadworks,false,bus,,1,
West of England,7a5c747d-c6ed-41ae-8197-cb08c491feea,Wed Jul 01 2026 10:29:00 GMT+0000 (Coordinated Universal Time),,Wed Jul 01 2026 10:29:00 GMT+0000 (Coordinated Universal Time),,incident,false,bus,,1,7
WYCA,59ad44a6-84e6-4241-b89d-aea5027fb8a8,Thu Jul 02 2026 14:54:00 GMT+0000 (Coordinated Universal Time),Tue Jul 21 2026 22:59:00 GMT+0000 (Coordinated Universal Time),Thu Jul 02 2026 14:54:00 GMT+0000 (Coordinated Universal Time),Tue Jul 21 2026 22:59:00 GMT+0000 (Coordinated Universal Time),roadworks,true,bus,,4,8
Merseytravel,4f6bab0c-433f-45ca-973f-345e3dc72fe7,Thu Jul 02 2026 23:00:00 GMT+0000 (Coordinated Universal Time),Thu Jul 16 2026 22:59:00 GMT+0000 (Coordinated Universal Time),Thu Jul 02 2026 22:59:00 GMT+0000 (Coordinated Universal Time),Thu Jul 16 2026 22:59:00 GMT+0000 (Coordinated Universal Time),roadworks,true,bus,,2,5
West of England,a853508d-c308-4667-86c8-c3267ef1f49e,Fri Jul 03 2026 05:00:00 GMT+0000 (Coordinated Universal Time),Wed Sep 30 2026 22:59:00 GMT+0000 (Coordinated Universal Time),Thu Jul 02 2026 13:53:00 GMT+0000 (Coordinated Universal Time),Wed Sep 30 2026 23:00:00 GMT+0000 (Coordinated Universal Time),roadworks,true,bus,,1,1
SYMCA,f7db3bc1-45a9-4efa-81fd-495175286216,Fri Jul 03 2026 11:39:00 GMT+0000 (Coordinated Universal Time),,Fri Jul 03 2026 11:39:00 GMT+0000 (Coordinated Universal Time),,roadworks,false,bus,,1,39
TfGM,dd2bd354-fdea-4b6d-b4a8-a05b7ac1aeda,Fri Jul 03 2026 12:54:00 GMT+0000 (Coordinated Universal Time),Mon Jul 13 2026 22:59:00 GMT+0000 (Coordinated Universal Time),Fri Jul 03 2026 12:54:00 GMT+0000 (Coordinated Universal Time),Mon Jul 13 2026 22:59:00 GMT+0000 (Coordinated Universal Time),roadworks,false,bus,,3,3
TfGM,d282c4d1-1c16-4926-8fbf-0d1c98f0fb31,Fri Jul 03 2026 13:10:00 GMT+0000 (Coordinated Universal Time),Tue Jul 14 2026 22:59:00 GMT+0000 (Coordinated Universal Time),Fri Jul 03 2026 13:10:00 GMT+0000 (Coordinated Universal Time),Tue Jul 14 2026 22:59:00 GMT+0000 (Coordinated Universal Time),roadworks,false,bus,,2,5
WYCA,d4f83d44-29d7-4349-bc80-0b6d5554969e,Fri Jul 03 2026 14:04:00 GMT+0000 (Coordinated Universal Time),,Fri Jul 03 2026 14:04:00 GMT+0000 (Coordinated Universal Time),,roadworks,false,bus,,1,
WYCA,a328b4bf-493d-44f9-99be-c1c44e06c0dd,Fri Jul 03 2026 14:14:00 GMT+0000 (Coordinated Universal Time),Fri Aug 14 2026 22:59:00 GMT+0000 (Coordinated Universal Time),Fri Jul 03 2026 14:14:00 GMT+0000 (Coordinated Universal Time),Fri Aug 14 2026 22:59:00 GMT+0000 (Coordinated Universal Time),roadworks,false,bus,,1,12
Cornwall,8bf35f0e-65f0-475e-8144-882141ed5597,Sat Jul 04 2026 16:15:00 GMT+0000 (Coordinated Universal Time),,Sat Jul 04 2026 16:15:00 GMT+0000 (Coordinated Universal Time),,unknown,false,bus,,6,4
TfGM,0fd8cd8e-1782-428c-8362-406c1f536111,Sat Jul 04 2026 21:00:00 GMT+0000 (Coordinated Universal Time),Sun Jul 12 2026 22:59:00 GMT+0000 (Coordinated Universal Time),Sat Jul 04 2026 10:05:00 GMT+0000 (Coordinated Universal Time),Sun Jul 12 2026 22:59:00 GMT+0000 (Coordinated Universal Time),specialEvent,true,bus,,1,6
Cornwall,9fb75f68-b2e2-4a03-be21-6bb4da67f011,Sun Jul 05 2026 18:00:00 GMT+0000 (Coordinated Universal Time),Fri Jul 17 2026 05:00:00 GMT+0000 (Coordinated Universal Time),Sat Jul 04 2026 20:01:00 GMT+0000 (Coordinated Universal Time),Sat Jul 25 2026 05:00:00 GMT+0000 (Coordinated Universal Time),roadClosed,true,bus,,2,22
West of England,24b6065e-e9db-4f88-a15c-542236ad0081,Sun Jul 05 2026 23:00:00 GMT+0000 (Coordinated Universal Time),Thu Jul 23 2026 23:00:00 GMT+0000 (Coordinated Universal Time),Thu Jul 02 2026 12:43:00 GMT+0000 (Coordinated Universal Time),Fri Jul 24 2026 23:30:00 GMT+0000 (Coordinated Universal Time),roadworks,true,bus,,8,1
West of England,2496135d-1078-42f2-8e14-da083bb10036,Sun Jul 05 2026 23:00:00 GMT+0000 (Coordinated Universal Time),Thu Jul 16 2026 23:00:00 GMT+0000 (Coordinated Universal Time),Sun Jul 05 2026 23:00:00 GMT+0000 (Coordinated Universal Time),Fri Jul 17 2026 23:00:00 GMT+0000 (Coordinated Universal Time),roadworks,true,bus,,2,1
TfGM,beabf9d0-6e70-446f-b3b3-f20ae38f11f9,Sun Jul 05 2026 23:01:00 GMT+0000 (Coordinated Universal Time),Tue Jul 14 2026 22:59:00 GMT+0000 (Coordinated Universal Time),Thu Jun 25 2026 16:33:00 GMT+0000 (Coordinated Universal Time),Tue Jul 14 2026 22:59:00 GMT+0000 (Coordinated Universal Time),maintenanceWork,true,bus,,,1
TfGM,1288ccc5-5ad7-4929-8955-f3eb147b19d4,Sun Jul 05 2026 23:01:00 GMT+0000 (Coordinated Universal Time),Thu Jul 16 2026 22:59:00 GMT+0000 (Coordinated Universal Time),Thu Jun 25 2026 16:21:00 GMT+0000 (Coordinated Universal Time),Thu Jul 16 2026 22:59:00 GMT+0000 (Coordinated Universal Time),maintenanceWork,true,bus,,,1
TfGM,1e94de0b-4a98-42bd-9e9e-ae6ee63154cf,Mon Jul 06 2026 06:30:00 GMT+0000 (Coordinated Universal Time),Mon Aug 17 2026 18:00:00 GMT+0000 (Coordinated Universal Time),Wed Jun 24 2026 07:04:00 GMT+0000 (Coordinated Universal Time),Mon Aug 17 2026 22:59:00 GMT+0000 (Coordinated Universal Time),roadworks,false,bus,,1,16
WYCA,b420191d-2b58-41fc-aa54-c8c390835d98,Mon Jul 06 2026 07:00:00 GMT+0000 (Coordinated Universal Time),Fri Aug 14 2026 16:00:00 GMT+0000 (Coordinated Universal Time),Fri Jul 03 2026 11:13:00 GMT+0000 (Coordinated Universal Time),Fri Aug 14 2026 16:00:00 GMT+0000 (Coordinated Universal Time),roadworks,true,bus,,1,4
SYMCA,0b867cb0-12ce-4048-89e8-9479e6687fe1,Mon Jul 06 2026 07:56:00 GMT+0000 (Coordinated Universal Time),Fri Oct 30 2026 23:59:00 GMT+0000 (Coordinated Universal Time),Mon Jul 06 2026 07:56:00 GMT+0000 (Coordinated Universal Time),Fri Oct 30 2026 23:59:00 GMT+0000 (Coordinated Universal Time),roadworks,true,bus,,2,17
Cornwall,3c2c2181-7f73-4a29-9d79-e5a72f86ecac,Mon Jul 06 2026 18:00:00 GMT+0000 (Coordinated Universal Time),Sat Jul 18 2026 05:00:00 GMT+0000 (Coordinated Universal Time),Mon Jun 29 2026 09:38:00 GMT+0000 (Coordinated Universal Time),Sat Jul 18 2026 05:00:00 GMT+0000 (Coordinated Universal Time),roadClosed,true,bus,,2,12
SYMCA,40d705d8-90a3-4c7e-a26c-f32bcf1f335e,Mon Jul 06 2026 22:59:00 GMT+0000 (Coordinated Universal Time),Mon Aug 03 2026 22:59:00 GMT+0000 (Coordinated Universal Time),Mon Jul 06 2026 06:33:00 GMT+0000 (Coordinated Universal Time),Mon Aug 03 2026 22:59:00 GMT+0000 (Coordinated Universal Time),roadworks,true,bus,,20,2
West of England,432d2b51-0176-4e46-8890-8e40eeb653f5,Mon Jul 06 2026 23:00:00 GMT+0000 (Coordinated Universal Time),Mon Apr 26 2027 23:00:00 GMT+0000 (Coordinated Universal Time),Sun Jul 05 2026 23:00:00 GMT+0000 (Coordinated Universal Time),Tue Apr 27 2027 23:00:00 GMT+0000 (Coordinated Universal Time),roadworks,true,bus,,7,1
Cornwall,902bdcbe-46a9-4f67-8552-157928a0909b,Tue Jul 07 2026 08:51:00 GMT+0000 (Coordinated Universal Time),Fri Jul 24 2026 22:59:00 GMT+0000 (Coordinated Universal Time),Tue Jul 07 2026 08:51:00 GMT+0000 (Coordinated Universal Time),Fri Jul 24 2026 22:59:00 GMT+0000 (Coordinated Universal Time),roadClosed,false,bus,,2,4
SYMCA,9fc11c56-88c4-4f93-afea-a9f02e2815ca,Tue Jul 07 2026 09:54:00 GMT+0000 (Coordinated Universal Time),,Tue Jul 07 2026 09:54:00 GMT+0000 (Coordinated Universal Time),,roadworks,false,bus,,5,100
SYMCA,93b00aa7-4252-45ab-9b88-27eb5e0839a8,Wed Jul 08 2026 10:11:00 GMT+0000 (Coordinated Universal Time),,Wed Jul 08 2026 10:11:00 GMT+0000 (Coordinated Universal Time),,roadworks,false,bus,,1,100
SYMCA,90cda689-e6fa-4c51-bc2d-393a3e4e7081,Wed Jul 08 2026 13:10:00 GMT+0000 (Coordinated Universal Time),Sun Jul 12 2026 22:59:00 GMT+0000 (Coordinated Universal Time),Wed Jul 08 2026 13:10:00 GMT+0000 (Coordinated Universal Time),Sun Jul 12 2026 22:59:00 GMT+0000 (Coordinated Universal Time),roadworks,true,bus,,2,6
SYMCA,bb6a299b-eaad-404b-b222-8a8811ffa1da,Thu Jul 09 2026 08:30:00 GMT+0000 (Coordinated Universal Time),Fri Jul 17 2026 14:30:00 GMT+0000 (Coordinated Universal Time),Tue Jun 30 2026 08:54:00 GMT+0000 (Coordinated Universal Time),Fri Jul 17 2026 14:30:00 GMT+0000 (Coordinated Universal Time),maintenanceWork,true,bus,,1,8
WYCA,1f1adf45-55aa-49f8-9144-f5ebca40efab,Thu Jul 09 2026 12:29:00 GMT+0000 (Coordinated Universal Time),,Thu Jul 09 2026 12:29:00 GMT+0000 (Coordinated Universal Time),,roadworks,true,bus,,2,7
TfGM,52c7d137-9459-4a51-9a93-7fa435659a7d,Thu Jul 09 2026 12:29:00 GMT+0000 (Coordinated Universal Time),,Thu Jul 09 2026 12:29:00 GMT+0000 (Coordinated Universal Time),,roadworks,false,bus,,1,
SYMCA,577918fd-aee2-49ba-9ef9-f4cd02794e3c,Thu Jul 09 2026 13:43:00 GMT+0000 (Coordinated Universal Time),,Thu Jul 09 2026 13:43:00 GMT+0000 (Coordinated Universal Time),,roadworks,false,bus,,2,100
Merseytravel,155b6ffa-f208-4c9c-b025-3abbc3a14b76,Thu Jul 09 2026 19:12:00 GMT+0000 (Coordinated Universal Time),Mon Aug 31 2026 22:59:00 GMT+0000 (Coordinated Universal Time),Thu Jul 09 2026 19:11:00 GMT+0000 (Coordinated Universal Time),Mon Aug 31 2026 22:59:00 GMT+0000 (Coordinated Universal Time),roadworks,true,bus,,1,5
TfGM,4204cf08-6b71-4e7b-890e-28d3b88508ea,Thu Jul 09 2026 23:00:00 GMT+0000 (Coordinated Universal Time),Wed Jul 15 2026 22:59:00 GMT+0000 (Coordinated Universal Time),Thu Jul 09 2026 17:32:00 GMT+0000 (Coordinated Universal Time),Wed Jul 15 2026 22:59:00 GMT+0000 (Coordinated Universal Time),maintenanceWork,true,bus,,,1
West of England,606fac3c-d3b9-4915-8609-9d50d8a9a1b0,Fri Jul 10 2026 07:00:00 GMT+0000 (Coordinated Universal Time),Sun Jul 12 2026 16:00:00 GMT+0000 (Coordinated Universal Time),Thu Jul 09 2026 12:56:00 GMT+0000 (Coordinated Universal Time),Sun Jul 12 2026 17:00:00 GMT+0000 (Coordinated Universal Time),roadworks,true,bus,,7,1
TfGM,3bc8f007-ea9a-4a2f-9319-40404d028e1c,Fri Jul 10 2026 07:25:00 GMT+0000 (Coordinated Universal Time),,Fri Jul 10 2026 07:25:00 GMT+0000 (Coordinated Universal Time),,liftFailure,false,tram,,,1
TfGM,a77d0534-0011-4768-bc1e-d7455a8b224a,Fri Jul 10 2026 07:26:00 GMT+0000 (Coordinated Universal Time),,Fri Jul 10 2026 07:26:00 GMT+0000 (Coordinated Universal Time),,liftFailure,false,tram,,,1
TfGM,17ed9143-98fa-4110-ae12-eddeb996866c,Fri Jul 10 2026 08:43:00 GMT+0000 (Coordinated Universal Time),Sun Jul 19 2026 22:49:00 GMT+0000 (Coordinated Universal Time),Fri Jul 10 2026 08:43:00 GMT+0000 (Coordinated Universal Time),Sun Jul 19 2026 22:49:00 GMT+0000 (Coordinated Universal Time),roadClosed,true,bus,,1,22
SYMCA,4378c424-97d1-422e-8331-d1b34ae692fc,Fri Jul 10 2026 09:11:00 GMT+0000 (Coordinated Universal Time),Sun Aug 02 2026 22:59:00 GMT+0000 (Coordinated Universal Time),Fri Jul 10 2026 09:11:00 GMT+0000 (Coordinated Universal Time),Sun Aug 02 2026 22:59:00 GMT+0000 (Coordinated Universal Time),roadworks,false,bus,,3,1
SYMCA,e8acb3f4-5e20-4ad5-b05e-12018143181e,Fri Jul 10 2026 12:41:00 GMT+0000 (Coordinated Universal Time),,Fri Jul 10 2026 12:41:00 GMT+0000 (Coordinated Universal Time),,unknown,false,bus,,1,5
Merseytravel,c59447e9-6c51-4ad5-96f8-4bf70dc3a075,Fri Jul 10 2026 14:00:00 GMT+0000 (Coordinated Universal Time),Mon Jul 13 2026 22:59:00 GMT+0000 (Coordinated Universal Time),Fri Jul 10 2026 13:59:00 GMT+0000 (Coordinated Universal Time),Mon Jul 13 2026 22:59:00 GMT+0000 (Coordinated Universal Time),roadworks,true,bus,,,4
TfGM,32a3fadd-0a1b-462f-ae36-ffbc85347ecd,Fri Jul 10 2026 14:59:00 GMT+0000 (Coordinated Universal Time),,Fri Jul 10 2026 14:59:00 GMT+0000 (Coordinated Universal Time),,escalatorFailure,false,tram,,,1
Merseytravel,38231422-bb5e-4e1f-8a1b-55dbfd21d345,Fri Jul 10 2026 18:00:00 GMT+0000 (Coordinated Universal Time),Fri Jul 17 2026 22:59:00 GMT+0000 (Coordinated Universal Time),Wed Jul 08 2026 09:35:00 GMT+0000 (Coordinated Universal Time),Fri Jul 17 2026 22:59:00 GMT+0000 (Coordinated Universal Time),roadworks,true,bus,,3,11
TfGM,ead19e99-8221-413e-8fcf-04212cb1681e,Fri Jul 10 2026 23:00:00 GMT+0000 (Coordinated Universal Time),Mon Jul 13 2026 22:59:00 GMT+0000 (Coordinated Universal Time),Thu Jul 09 2026 17:30:00 GMT+0000 (Coordinated Universal Time),Mon Jul 13 2026 22:59:00 GMT+0000 (Coordinated Universal Time),maintenanceWork,true,bus,,,1
TfGM,1d34fc1a-0b22-4e6f-946d-03f2da89b885,Fri Jul 10 2026 23:01:00 GMT+0000 (Coordinated Universal Time),Sun Jul 12 2026 22:59:00 GMT+0000 (Coordinated Universal Time),Sun Jun 28 2026 15:55:00 GMT+0000 (Coordinated Universal Time),Sun Jul 12 2026 22:59:00 GMT+0000 (Coordinated Universal Time),maintenanceWork,true,bus,,,2
TfGM,dde0d9e3-57ef-4f8f-a823-15e8469f3b0b,Fri Jul 10 2026 23:01:00 GMT+0000 (Coordinated Universal Time),Mon Jul 13 2026 22:59:00 GMT+0000 (Coordinated Universal Time),Sun Jun 28 2026 12:07:00 GMT+0000 (Coordinated Universal Time),Mon Jul 13 2026 22:59:00 GMT+0000 (Coordinated Universal Time),maintenanceWork,true,bus,,,1
TfGM,f9fa191b-0b9d-4d38-a302-7e67f2360421,Fri Jul 10 2026 23:01:00 GMT+0000 (Coordinated Universal Time),Mon Jul 13 2026 22:59:00 GMT+0000 (Coordinated Universal Time),Sun Jun 28 2026 16:02:00 GMT+0000 (Coordinated Universal Time),Mon Jul 13 2026 22:59:00 GMT+0000 (Coordinated Universal Time),maintenanceWork,true,bus,,,1
TfGM,1cafe2fb-504f-4bb5-b9bf-48cf6250b426,Fri Jul 10 2026 23:01:00 GMT+0000 (Coordinated Universal Time),Mon Jul 13 2026 22:59:00 GMT+0000 (Coordinated Universal Time),Sun Jun 28 2026 12:04:00 GMT+0000 (Coordinated Universal Time),Mon Jul 13 2026 22:59:00 GMT+0000 (Coordinated Universal Time),maintenanceWork,true,bus,,,1
WYCA,922a06dc-30a9-40ce-8ead-d67bf3468e94,Sat Jul 11 2026 06:00:00 GMT+0000 (Coordinated Universal Time),Sun Jul 12 2026 13:30:00 GMT+0000 (Coordinated Universal Time),Tue Jul 07 2026 05:00:00 GMT+0000 (Coordinated Universal Time),Sun Jul 12 2026 13:30:00 GMT+0000 (Coordinated Universal Time),specialEvent,true,bus,,4,
West of England,c4468c37-c29f-4f67-afea-ec78ea0bb3b3,Sat Jul 11 2026 07:30:00 GMT+0000 (Coordinated Universal Time),Sun Jul 12 2026 16:00:00 GMT+0000 (Coordinated Universal Time),Fri Jul 10 2026 13:28:00 GMT+0000 (Coordinated Universal Time),Sun Jul 12 2026 17:00:00 GMT+0000 (Coordinated Universal Time),roadworks,true,bus,,6,2
TfGM,00a7a4cf-4f30-452d-9ed1-a717f8f4434e,Sat Jul 11 2026 20:31:00 GMT+0000 (Coordinated Universal Time),,Sat Jul 11 2026 20:31:00 GMT+0000 (Coordinated Universal Time),,roadClosed,false,bus,,1,9
TfGM,42d7faee-4582-43e9-b46e-e5209753e384,Sat Jul 11 2026 23:00:00 GMT+0000 (Coordinated Universal Time),Tue Jul 28 2026 22:59:00 GMT+0000 (Coordinated Universal Time),Mon Jul 06 2026 16:52:00 GMT+0000 (Coordinated Universal Time),Tue Jul 28 2026 22:59:00 GMT+0000 (Coordinated Universal Time),roadworks,true,bus,,3,13
TfGM,2a4ec605-9750-40f7-8a7e-64642d39af7d,Sat Jul 11 2026 23:01:00 GMT+0000 (Coordinated Universal Time),Sun Jul 12 2026 22:59:00 GMT+0000 (Coordinated Universal Time),Mon Jul 06 2026 12:46:00 GMT+0000 (Coordinated Universal Time),Sun Jul 12 2026 22:59:00 GMT+0000 (Coordinated Universal Time),roadClosed,true,bus,,7,3
West of England,84d9501b-5690-404c-8fa2-b902cb31dd81,Sun Jul 12 2026 02:30:00 GMT+0000 (Coordinated Universal Time),Sun Jul 12 2026 15:30:00 GMT+0000 (Coordinated Universal Time),Fri Jul 10 2026 13:41:00 GMT+0000 (Coordinated Universal Time),Sun Jul 12 2026 16:30:00 GMT+0000 (Coordinated Universal Time),specialEvent,true,bus,,14,20
TfGM,c864fdb0-2571-4413-afbe-e3e7e124e29a,Sun Jul 12 2026 03:00:00 GMT+0000 (Coordinated Universal Time),Mon Jul 13 2026 01:00:00 GMT+0000 (Coordinated Universal Time),Fri May 29 2026 14:30:00 GMT+0000 (Coordinated Universal Time),Mon Jul 13 2026 01:00:00 GMT+0000 (Coordinated Universal Time),maintenanceWork,false,tram,,,19
TfGM,af7ce6b3-456a-4db5-bc3f-8e21cba8aa42,Sun Jul 12 2026 05:17:00 GMT+0000 (Coordinated Universal Time),,Sun Jul 12 2026 05:17:00 GMT+0000 (Coordinated Universal Time),,incident,false,tram,,2,
WYCA,eb967425-c2ab-478b-87d3-3b8169115973,Sun Jul 12 2026 06:30:00 GMT+0000 (Coordinated Universal Time),Sun Jul 12 2026 09:30:00 GMT+0000 (Coordinated Universal Time),Thu Jul 09 2026 06:30:00 GMT+0000 (Coordinated Universal Time),Sun Jul 12 2026 09:30:00 GMT+0000 (Coordinated Universal Time),specialEvent,true,bus,,2,8
TfGM,7b76a29c-324f-4481-91c0-73292897a351,Sun Jul 12 2026 07:00:00 GMT+0000 (Coordinated Universal Time),Sun Jul 12 2026 17:00:00 GMT+0000 (Coordinated Universal Time),Mon Jul 06 2026 07:25:00 GMT+0000 (Coordinated Universal Time),Sun Jul 12 2026 17:00:00 GMT+0000 (Coordinated Universal Time),roadworks,true,bus,,10,6
SYMCA,827b78c8-30ac-4109-ab6f-e36fe494cf33,Sun Jul 12 2026 07:00:00 GMT+0000 (Coordinated Universal Time),Mon Jul 13 2026 04:00:00 GMT+0000 (Coordinated Universal Time),Tue Jun 30 2026 06:17:00 GMT+0000 (Coordinated Universal Time),Mon Jul 13 2026 04:00:00 GMT+0000 (Coordinated Universal Time),roadworks,true,bus,,4,2
West of England,bf39e833-b924-47d4-bb4c-dbd16d2bfc73,Sun Jul 12 2026 07:00:00 GMT+0000 (Coordinated Universal Time),Sun Jul 12 2026 12:00:00 GMT+0000 (Coordinated Universal Time),Fri Jul 10 2026 14:03:00 GMT+0000 (Coordinated Universal Time),Sun Jul 12 2026 13:00:00 GMT+0000 (Coordinated Universal Time),roadworks,true,bus,,3,8
WYCA,5c61e7eb-2661-448a-86b4-4398dd6ff221,Sun Jul 12 2026 07:27:00 GMT+0000 (Coordinated Universal Time),Sun Jul 12 2026 11:00:00 GMT+0000 (Coordinated Universal Time),Sun Jul 12 2026 07:27:00 GMT+0000 (Coordinated Universal Time),Sun Jul 12 2026 11:00:00 GMT+0000 (Coordinated Universal Time),incident,false,bus,,1,62
WYCA,923ce34f-4d3e-46b5-b338-54cf98e2d1ae,Sun Jul 12 2026 07:30:00 GMT+0000 (Coordinated Universal Time),Sun Jul 12 2026 13:00:00 GMT+0000 (Coordinated Universal Time),Thu Jul 09 2026 09:00:00 GMT+0000 (Coordinated Universal Time),Sun Jul 12 2026 13:00:00 GMT+0000 (Coordinated Universal Time),specialEvent,true,bus,,7,154
TfGM,5a3c6a8b-df7e-40a6-9ef1-d7832fdb7c9f,Sun Jul 12 2026 08:00:00 GMT+0000 (Coordinated Universal Time),Sun Jul 12 2026 20:00:00 GMT+0000 (Coordinated Universal Time),Tue Jul 07 2026 10:33:00 GMT+0000 (Coordinated Universal Time),Sun Jul 19 2026 20:00:00 GMT+0000 (Coordinated Universal Time),repairWork,true,bus,,1,1
TfGM,bac36f08-22c5-49c3-9b47-61f681315524,Sun Jul 12 2026 08:00:00 GMT+0000 (Coordinated Universal Time),Sun Jul 12 2026 14:00:00 GMT+0000 (Coordinated Universal Time),Mon Jul 06 2026 16:40:00 GMT+0000 (Coordinated Universal Time),Sun Jul 12 2026 14:00:00 GMT+0000 (Coordinated Universal Time),roadworks,true,bus,,1,2
WYCA,f2060b8a-64fd-4417-8109-0b68d7eec4a2,Sun Jul 12 2026 10:30:00 GMT+0000 (Coordinated Universal Time),Sun Jul 12 2026 13:30:00 GMT+0000 (Coordinated Universal Time),Thu Jul 09 2026 10:30:00 GMT+0000 (Coordinated Universal Time),Sun Jul 12 2026 13:30:00 GMT+0000 (Coordinated Universal Time),specialEvent,true,bus,,19,
Cornwall,1461584a-3fc1-43f8-bd23-58c7f6491346,Sun Jul 12 2026 13:00:00 GMT+0000 (Coordinated Universal Time),Sun Jul 12 2026 16:00:00 GMT+0000 (Coordinated Universal Time),Fri Jul 10 2026 15:13:00 GMT+0000 (Coordinated Universal Time),Sun Jul 12 2026 16:00:00 GMT+0000 (Coordinated Universal Time),specialEvent,true,bus,,8,
West of England,4752e7e8-49f2-4f70-9741-b0da41540b7c,Sun Jul 12 2026 19:00:00 GMT+0000 (Coordinated Universal Time),Mon Jul 13 2026 05:00:00 GMT+0000 (Coordinated Universal Time),Fri Jul 10 2026 14:36:00 GMT+0000 (Coordinated Universal Time),Mon Jul 13 2026 06:00:00 GMT+0000 (Coordinated Universal Time),roadworks,true,bus,,7,1
Merseytravel,0510efb6-48d3-41d3-a813-1d020582bbcf,Sun Jul 12 2026 23:00:00 GMT+0000 (Coordinated Universal Time),Fri Jul 17 2026 22:59:00 GMT+0000 (Coordinated Universal Time),Thu Jul 09 2026 07:40:00 GMT+0000 (Coordinated Universal Time),Fri Jul 17 2026 22:59:00 GMT+0000 (Coordinated Universal Time),roadworks,true,bus,,2,6
TfGM,9fa7028b-cbbe-4d79-ad0d-a556a7aa984d,Sun Jul 12 2026 23:00:00 GMT+0000 (Coordinated Universal Time),Sun Aug 02 2026 22:59:00 GMT+0000 (Coordinated Universal Time),Mon Jul 06 2026 15:56:00 GMT+0000 (Coordinated Universal Time),Sun Aug 02 2026 22:59:00 GMT+0000 (Coordinated Universal Time),liftFailure,true,tram,,,3
TfGM,8a9a2566-ea32-42f7-8e03-3f372db7a361,Sun Jul 12 2026 23:00:00 GMT+0000 (Coordinated Universal Time),Sun Aug 02 2026 22:59:00 GMT+0000 (Coordinated Universal Time),Mon Jul 06 2026 15:54:00 GMT+0000 (Coordinated Universal Time),Sun Aug 02 2026 22:59:00 GMT+0000 (Coordinated Universal Time),liftFailure,true,tram,,,3
Devon,1f6925a9-b8af-4e48-96ba-f6d02a989638,Sun Jul 12 2026 23:00:00 GMT+0000 (Coordinated Universal Time),Thu Dec 31 2026 00:00:00 GMT+0000 (Coordinated Universal Time),Thu Jul 09 2026 23:00:00 GMT+0000 (Coordinated Universal Time),Thu Dec 31 2026 00:00:00 GMT+0000 (Coordinated Universal Time),constructionWork,true,bus,,8,4
TfGM,81ff8f2c-51da-49f8-89e0-9d1619435ed7,Sun Jul 12 2026 23:00:00 GMT+0000 (Coordinated Universal Time),Sun Aug 02 2026 22:59:00 GMT+0000 (Coordinated Universal Time),Mon Jul 06 2026 16:01:00 GMT+0000 (Coordinated Universal Time),Sun Aug 02 2026 22:59:00 GMT+0000 (Coordinated Universal Time),liftFailure,true,tram,,,3
West of England,c58ea60a-0330-4508-8745-a25346948be0,Sun Jul 12 2026 23:00:00 GMT+0000 (Coordinated Universal Time),Mon Jul 13 2026 22:59:00 GMT+0000 (Coordinated Universal Time),Thu Jul 09 2026 15:43:00 GMT+0000 (Coordinated Universal Time),Mon Jul 13 2026 23:00:00 GMT+0000 (Coordinated Universal Time),roadworks,true,bus,,5,2
TfGM,64777c2e-7448-433e-a6ce-b1bc831fd086,Sun Jul 12 2026 23:00:00 GMT+0000 (Coordinated Universal Time),Sun Aug 02 2026 22:59:00 GMT+0000 (Coordinated Universal Time),Mon Jul 06 2026 15:59:00 GMT+0000 (Coordinated Universal Time),Sun Aug 02 2026 22:59:00 GMT+0000 (Coordinated Universal Time),liftFailure,true,tram,,,3
TfGM,83e2d1d6-5d97-4376-b6a7-99fcab6c238c,Sun Jul 12 2026 23:01:00 GMT+0000 (Coordinated Universal Time),Wed Jul 22 2026 22:59:00 GMT+0000 (Coordinated Universal Time),Mon Jul 06 2026 12:46:00 GMT+0000 (Coordinated Universal Time),Wed Jul 22 2026 22:59:00 GMT+0000 (Coordinated Universal Time),roadClosed,true,bus,,3,1
SYMCA,e293d531-8e98-4d38-8f8b-6d0bae377709,Sun Jul 12 2026 23:01:00 GMT+0000 (Coordinated Universal Time),Fri Jul 17 2026 22:59:00 GMT+0000 (Coordinated Universal Time),Tue Jul 07 2026 08:16:00 GMT+0000 (Coordinated Universal Time),Fri Jul 17 2026 22:59:00 GMT+0000 (Coordinated Universal Time),constructionWork,true,bus,,24,15
TfGM,a29b01c9-93a0-4b02-864d-d9520ad6bf66,Sun Jul 12 2026 23:01:00 GMT+0000 (Coordinated Universal Time),Thu Jul 16 2026 22:59:00 GMT+0000 (Coordinated Universal Time),Sun Jun 28 2026 12:10:00 GMT+0000 (Coordinated Universal Time),Thu Jul 16 2026 22:59:00 GMT+0000 (Coordinated Universal Time),maintenanceWork,true,bus,,,2
TfGM,0e3c7bf6-4164-4421-84b0-c919a48cadb1,Mon Jul 13 2026 03:00:00 GMT+0000 (Coordinated Universal Time),Mon Aug 03 2026 01:00:00 GMT+0000 (Coordinated Universal Time),Fri May 29 2026 15:10:00 GMT+0000 (Coordinated Universal Time),Mon Aug 03 2026 01:00:00 GMT+0000 (Coordinated Universal Time),emergencyEngineeringWork,true,tram,,,28
WYCA,d8f69218-2667-49f9-b6ea-e14fa871f7aa,Mon Jul 13 2026 03:00:00 GMT+0000 (Coordinated Universal Time),Mon Jul 27 2026 22:59:00 GMT+0000 (Coordinated Universal Time),Mon Jul 13 2026 03:00:00 GMT+0000 (Coordinated Universal Time),Mon Jul 27 2026 22:59:00 GMT+0000 (Coordinated Universal Time),roadworks,true,bus,,21,2
WYCA,95d24f2a-379c-4aef-84fb-1872a37fbde5,Mon Jul 13 2026 05:00:00 GMT+0000 (Coordinated Universal Time),Fri Oct 16 2026 22:59:00 GMT+0000 (Coordinated Universal Time),Fri Jul 10 2026 05:00:00 GMT+0000 (Coordinated Universal Time),Fri Oct 16 2026 22:59:00 GMT+0000 (Coordinated Universal Time),roadworks,true,bus,,2,13
WYCA,517a7f79-9c85-47e5-b7a8-88f21e516049,Mon Jul 13 2026 05:00:00 GMT+0000 (Coordinated Universal Time),Fri Jul 17 2026 22:59:00 GMT+0000 (Coordinated Universal Time),Thu Jul 09 2026 05:00:00 GMT+0000 (Coordinated Universal Time),Fri Jul 17 2026 22:59:00 GMT+0000 (Coordinated Universal Time),roadworks,true,bus,,2,3
SYMCA,d45eeceb-a514-4acd-ba10-3f45ea0a7863,Mon Jul 13 2026 06:00:00 GMT+0000 (Coordinated Universal Time),Fri Sep 18 2026 18:00:00 GMT+0000 (Coordinated Universal Time),Tue Jun 30 2026 07:01:00 GMT+0000 (Coordinated Universal Time),Fri Sep 18 2026 18:00:00 GMT+0000 (Coordinated Universal Time),roadworks,true,bus,,1,12
TfGM,d69d94a8-1a66-49bf-a169-1ef6311ed462,Mon Jul 13 2026 06:00:00 GMT+0000 (Coordinated Universal Time),Mon Jul 20 2026 22:00:00 GMT+0000 (Coordinated Universal Time),Fri Jul 10 2026 17:03:00 GMT+0000 (Coordinated Universal Time),Mon Jul 20 2026 22:00:00 GMT+0000 (Coordinated Universal Time),maintenanceWork,true,bus,,,1
Merseytravel,b18477a2-da8d-4295-a74e-2daaa246abb4,Mon Jul 13 2026 07:00:00 GMT+0000 (Coordinated Universal Time),Fri Jul 17 2026 17:00:00 GMT+0000 (Coordinated Universal Time),Fri Jul 10 2026 07:13:00 GMT+0000 (Coordinated Universal Time),Fri Jul 17 2026 17:00:00 GMT+0000 (Coordinated Universal Time),roadworks,true,bus,,1,17
Cornwall,b593303a-09ff-4e07-8e30-baf245c2d463,Mon Jul 13 2026 07:00:00 GMT+0000 (Coordinated Universal Time),Mon Jul 13 2026 17:00:00 GMT+0000 (Coordinated Universal Time),Fri Jul 10 2026 15:16:00 GMT+0000 (Coordinated Universal Time),Mon Jul 13 2026 17:00:00 GMT+0000 (Coordinated Universal Time),specialEvent,true,bus,,3,7
North Lincolnshire,8d608cc9-7e75-4233-9a0f-f9f400feabc2,Mon Jul 13 2026 07:00:00 GMT+0000 (Coordinated Universal Time),Wed Jul 29 2026 16:00:00 GMT+0000 (Coordinated Universal Time),Thu Jul 09 2026 09:15:00 GMT+0000 (Coordinated Universal Time),Wed Jul 29 2026 16:00:00 GMT+0000 (Coordinated Universal Time),roadClosed,true,bus,,1,100
West of England,12753e5d-b227-40c5-8a5d-0c5e41d399b3,Mon Jul 13 2026 08:30:00 GMT+0000 (Coordinated Universal Time),Mon Jul 13 2026 14:00:00 GMT+0000 (Coordinated Universal Time),Wed Jul 08 2026 14:11:00 GMT+0000 (Coordinated Universal Time),Mon Jul 13 2026 15:00:00 GMT+0000 (Coordinated Universal Time),roadworks,true,bus,,5,2
WYCA,e4e35e8f-809e-4431-bfb8-628868aef8fc,Mon Jul 13 2026 08:30:00 GMT+0000 (Coordinated Universal Time),Wed Jul 15 2026 14:30:00 GMT+0000 (Coordinated Universal Time),Fri Jul 10 2026 08:00:00 GMT+0000 (Coordinated Universal Time),Wed Jul 15 2026 14:30:00 GMT+0000 (Coordinated Universal Time),roadworks,true,bus,,2,1
West of England,fdf6a6e3-c79a-4b01-9337-92c04820a5f9,Mon Jul 13 2026 08:30:00 GMT+0000 (Coordinated Universal Time),Mon Jul 13 2026 14:00:00 GMT+0000 (Coordinated Universal Time),Fri Jul 10 2026 15:31:00 GMT+0000 (Coordinated Universal Time),Mon Jul 13 2026 15:00:00 GMT+0000 (Coordinated Universal Time),roadworks,true,bus,,1,2
West of England,5b7b974e-0d3e-4429-9284-58f4d540a249,Mon Jul 13 2026 08:30:00 GMT+0000 (Coordinated Universal Time),Fri Jul 24 2026 14:30:00 GMT+0000 (Coordinated Universal Time),Fri Jul 10 2026 15:24:00 GMT+0000 (Coordinated Universal Time),Fri Jul 24 2026 15:30:00 GMT+0000 (Coordinated Universal Time),roadworks,true,bus,,12,1
West of England,2da1e9fd-20dd-4c21-afb4-34dc4108715e,Mon Jul 13 2026 08:30:00 GMT+0000 (Coordinated Universal Time),Tue Jul 21 2026 14:30:00 GMT+0000 (Coordinated Universal Time),Fri Jul 10 2026 15:09:00 GMT+0000 (Coordinated Universal Time),Tue Jul 21 2026 15:30:00 GMT+0000 (Coordinated Universal Time),roadworks,true,bus,,1,1
WYCA,b4ed7eb3-e787-44a6-8451-5292d9448435,Mon Jul 13 2026 08:30:00 GMT+0000 (Coordinated Universal Time),Wed Jul 15 2026 18:00:00 GMT+0000 (Coordinated Universal Time),Sun Jul 05 2026 08:30:00 GMT+0000 (Coordinated Universal Time),Wed Jul 15 2026 18:00:00 GMT+0000 (Coordinated Universal Time),roadworks,true,bus,,3,19
Merseytravel,2ca29052-0517-4528-b8f4-60118005ce30,Mon Jul 13 2026 08:30:00 GMT+0000 (Coordinated Universal Time),Mon Jul 13 2026 11:30:00 GMT+0000 (Coordinated Universal Time),Wed Jul 08 2026 09:49:00 GMT+0000 (Coordinated Universal Time),Mon Jul 13 2026 11:30:00 GMT+0000 (Coordinated Universal Time),roadworks,true,bus,,1,1
TfGM,3f050ca5-0c5b-4970-ae0f-e0b312c929b1,Mon Jul 13 2026 08:30:00 GMT+0000 (Coordinated Universal Time),Mon Jul 13 2026 14:30:00 GMT+0000 (Coordinated Universal Time),Tue Jun 23 2026 15:37:00 GMT+0000 (Coordinated Universal Time),Mon Jul 13 2026 14:30:00 GMT+0000 (Coordinated Universal Time),roadClosed,false,bus,,3,5
West of England,b6c1e11b-38af-4eca-915e-9a42ae5cc7e1,Mon Jul 13 2026 14:00:00 GMT+0000 (Coordinated Universal Time),Mon Jul 13 2026 16:00:00 GMT+0000 (Coordinated Universal Time),Fri Jul 10 2026 15:02:00 GMT+0000 (Coordinated Universal Time),Mon Jul 13 2026 17:00:00 GMT+0000 (Coordinated Universal Time),roadworks,true,bus,,7,1
West of England,8753164a-10aa-42fe-9e09-5fba94687841,Mon Jul 13 2026 14:00:00 GMT+0000 (Coordinated Universal Time),Mon Jul 13 2026 16:00:00 GMT+0000 (Coordinated Universal Time),Fri Jun 12 2026 13:29:00 GMT+0000 (Coordinated Universal Time),Mon Jul 13 2026 16:00:00 GMT+0000 (Coordinated Universal Time),roadworks,true,bus,,3,1
SYMCA,020b795c-f186-4168-a9c6-b633ea36f215,Mon Jul 13 2026 18:00:00 GMT+0000 (Coordinated Universal Time),Thu Jul 16 2026 04:00:00 GMT+0000 (Coordinated Universal Time),Fri Jul 03 2026 11:24:00 GMT+0000 (Coordinated Universal Time),Thu Jul 16 2026 04:00:00 GMT+0000 (Coordinated Universal Time),roadworks,true,bus,,2,9
WYCA,021f027b-d76c-4117-930c-2b19b1fed7cf,Mon Jul 13 2026 18:00:00 GMT+0000 (Coordinated Universal Time),Sun Aug 02 2026 05:00:00 GMT+0000 (Coordinated Universal Time),Wed Jul 08 2026 05:00:00 GMT+0000 (Coordinated Universal Time),Sun Aug 02 2026 05:00:00 GMT+0000 (Coordinated Universal Time),roadworks,true,bus,,2,2
SYMCA,3f43e1bf-b77c-4bb2-9687-706045c40526,Mon Jul 13 2026 18:00:00 GMT+0000 (Coordinated Universal Time),Tue Jul 14 2026 04:00:00 GMT+0000 (Coordinated Universal Time),Wed Jul 08 2026 09:17:00 GMT+0000 (Coordinated Universal Time),Tue Jul 14 2026 04:00:00 GMT+0000 (Coordinated Universal Time),roadworks,true,bus,,1,8
SYMCA,2df6fa50-ea4c-4dd4-97ff-4eeb74c13d15,Mon Jul 13 2026 18:00:00 GMT+0000 (Coordinated Universal Time),Wed Jul 15 2026 05:00:00 GMT+0000 (Coordinated Universal Time),Tue Jun 30 2026 07:22:00 GMT+0000 (Coordinated Universal Time),Wed Jul 15 2026 05:00:00 GMT+0000 (Coordinated Universal Time),roadworks,true,bus,,1,3
WYCA,a558f1e2-56e2-43c0-88ae-d0b4cc4e095e,Mon Jul 13 2026 19:00:00 GMT+0000 (Coordinated Universal Time),Sat Jul 18 2026 05:30:00 GMT+0000 (Coordinated Universal Time),Mon Jul 13 2026 19:00:00 GMT+0000 (Coordinated Universal Time),Sat Jul 18 2026 05:30:00 GMT+0000 (Coordinated Universal Time),roadworks,true,bus,,2,4
Merseytravel,cdfd6d7a-d8fa-461a-875b-bfcbca9142b8,Mon Jul 13 2026 19:00:00 GMT+0000 (Coordinated Universal Time),Sat Jul 18 2026 05:00:00 GMT+0000 (Coordinated Universal Time),Thu Jul 09 2026 09:37:00 GMT+0000 (Coordinated Universal Time),Sat Jul 18 2026 05:00:00 GMT+0000 (Coordinated Universal Time),roadworks,true,bus,,3,6
TfGM,616c847c-8a9c-4e0d-a500-537021428e09,Mon Jul 13 2026 19:00:00 GMT+0000 (Coordinated Universal Time),Tue Jul 14 2026 04:00:00 GMT+0000 (Coordinated Universal Time),Sun Jun 28 2026 12:13:00 GMT+0000 (Coordinated Universal Time),Tue Jul 14 2026 04:00:00 GMT+0000 (Coordinated Universal Time),maintenanceWork,true,bus,,,2
Merseytravel,c09c2225-3cd3-4e3d-88a0-61b311ffdcb1,Mon Jul 13 2026 19:00:00 GMT+0000 (Coordinated Universal Time),Wed Jul 15 2026 05:00:00 GMT+0000 (Coordinated Universal Time),Fri Jul 10 2026 08:49:00 GMT+0000 (Coordinated Universal Time),Wed Jul 15 2026 05:00:00 GMT+0000 (Coordinated Universal Time),roadworks,true,bus,,3,1
TfGM,1e1206e0-9a94-43c0-a763-a09c7fc36476,Mon Jul 13 2026 21:00:00 GMT+0000 (Coordinated Universal Time),Fri Jul 17 2026 04:00:00 GMT+0000 (Coordinated Universal Time),Sun Jun 28 2026 12:37:00 GMT+0000 (Coordinated Universal Time),Fri Jul 17 2026 04:00:00 GMT+0000 (Coordinated Universal Time),maintenanceWork,true,bus,,,1
TfGM,b5f1a7aa-419f-4820-820b-184521139c44,Mon Jul 13 2026 22:00:00 GMT+0000 (Coordinated Universal Time),Sat Aug 08 2026 04:00:00 GMT+0000 (Coordinated Universal Time),Mon Jul 06 2026 17:00:00 GMT+0000 (Coordinated Universal Time),Sat Aug 08 2026 04:00:00 GMT+0000 (Coordinated Universal Time),roadworks,true,bus,,1,8
West of England,c6c691d9-bd00-44df-b2d6-de8193016cf0,Mon Jul 13 2026 23:00:00 GMT+0000 (Coordinated Universal Time),Tue Jul 14 2026 22:59:00 GMT+0000 (Coordinated Universal Time),Fri Jul 10 2026 08:35:00 GMT+0000 (Coordinated Universal Time),Tue Jul 14 2026 23:00:00 GMT+0000 (Coordinated Universal Time),roadworks,true,bus,,5,2
WYCA,ec276ee0-39e7-4d6f-a895-0e8e41a0ca12,Tue Jul 14 2026 05:00:00 GMT+0000 (Coordinated Universal Time),Thu Jul 16 2026 22:59:00 GMT+0000 (Coordinated Universal Time),Thu Jul 09 2026 06:30:00 GMT+0000 (Coordinated Universal Time),Thu Jul 16 2026 22:59:00 GMT+0000 (Coordinated Universal Time),roadworks,true,bus,,1,2
WYCA,e0eebeba-6a4a-44ed-90ae-fc8b0dcb554b,Tue Jul 14 2026 07:00:00 GMT+0000 (Coordinated Universal Time),Tue Jul 14 2026 16:00:00 GMT+0000 (Coordinated Universal Time),Thu Jul 09 2026 07:00:00 GMT+0000 (Coordinated Universal Time),Tue Jul 14 2026 16:00:00 GMT+0000 (Coordinated Universal Time),roadworks,true,bus,,1,1
Merseytravel,ffb4a461-b8e8-4315-9c91-43ab221e94c3,Tue Jul 14 2026 11:30:00 GMT+0000 (Coordinated Universal Time),Tue Jul 14 2026 14:30:00 GMT+0000 (Coordinated Universal Time),Fri Jul 10 2026 11:52:00 GMT+0000 (Coordinated Universal Time),Tue Jul 14 2026 14:30:00 GMT+0000 (Coordinated Universal Time),roadworks,true,bus,,2,7
SYMCA,6abfb7d2-5e38-4b9d-8a74-c9e2d611b644,Tue Jul 14 2026 18:00:00 GMT+0000 (Coordinated Universal Time),Wed Jul 15 2026 04:00:00 GMT+0000 (Coordinated Universal Time),Tue Jul 14 2026 18:00:00 GMT+0000 (Coordinated Universal Time),Wed Jul 15 2026 04:00:00 GMT+0000 (Coordinated Universal Time),roadworks,true,bus,,2,18
TfGM,48fd8161-0024-41b6-93fb-5f9f1cd25269,Tue Jul 14 2026 18:00:00 GMT+0000 (Coordinated Universal Time),Wed Jul 15 2026 03:00:00 GMT+0000 (Coordinated Universal Time),Wed Jun 24 2026 11:46:00 GMT+0000 (Coordinated Universal Time),Wed Jul 15 2026 03:00:00 GMT+0000 (Coordinated Universal Time),maintenanceWork,true,bus,,7,5
West of England,c7d1be53-c9f6-45ad-a842-b0238de4fae6,Wed Jul 15 2026 08:30:00 GMT+0000 (Coordinated Universal Time),Thu Jul 16 2026 14:00:00 GMT+0000 (Coordinated Universal Time),Fri Jul 10 2026 09:05:00 GMT+0000 (Coordinated Universal Time),Thu Jul 16 2026 15:00:00 GMT+0000 (Coordinated Universal Time),roadworks,true,bus,,3,3
West of England,177c136e-13f7-4137-bd12-bbd6779f0305,Wed Jul 15 2026 08:30:00 GMT+0000 (Coordinated Universal Time),Fri Jul 17 2026 14:30:00 GMT+0000 (Coordinated Universal Time),Thu Jul 09 2026 13:38:00 GMT+0000 (Coordinated Universal Time),Fri Jul 17 2026 15:30:00 GMT+0000 (Coordinated Universal Time),roadworks,true,bus,,2,
SYMCA,d692e4d7-919b-40e1-b9d1-e3e5b4bd6329,Wed Jul 15 2026 18:00:00 GMT+0000 (Coordinated Universal Time),Thu Jul 16 2026 04:00:00 GMT+0000 (Coordinated Universal Time),Thu Jul 09 2026 09:09:00 GMT+0000 (Coordinated Universal Time),Thu Jul 16 2026 04:00:00 GMT+0000 (Coordinated Universal Time),roadworks,true,bus,,3,24
Merseytravel,80d8b32f-a6eb-49f7-9712-cfd415048202,Wed Jul 15 2026 19:00:00 GMT+0000 (Coordinated Universal Time),Thu Jul 16 2026 05:00:00 GMT+0000 (Coordinated Universal Time),Fri Jul 10 2026 13:56:00 GMT+0000 (Coordinated Universal Time),Thu Jul 16 2026 05:00:00 GMT+0000 (Coordinated Universal Time),roadworks,true,bus,,2,3
West of England,1eb211db-4791-4684-9d61-1e62e7c9f9d1,Wed Jul 15 2026 23:01:00 GMT+0000 (Coordinated Universal Time),Wed Aug 12 2026 22:59:00 GMT+0000 (Coordinated Universal Time),Fri Jun 19 2026 08:53:00 GMT+0000 (Coordinated Universal Time),Wed Aug 12 2026 22:59:00 GMT+0000 (Coordinated Universal Time),maintenanceWork,true,bus,,4,2
West of England,5e534f63-59a8-422e-9f2a-9b1a213cbb55,Thu Jul 16 2026 05:00:00 GMT+0000 (Coordinated Universal Time),Wed Aug 05 2026 22:59:00 GMT+0000 (Coordinated Universal Time),Thu Jul 16 2026 05:00:00 GMT+0000 (Coordinated Universal Time),Wed Aug 05 2026 22:59:00 GMT+0000 (Coordinated Universal Time),roadworks,true,bus,,,1
West of England,2bcd6479-b1c9-46be-8172-6941b4a8300c,Thu Jul 16 2026 08:30:00 GMT+0000 (Coordinated Universal Time),Fri Jul 17 2026 14:00:00 GMT+0000 (Coordinated Universal Time),Wed Jul 08 2026 16:17:00 GMT+0000 (Coordinated Universal Time),Fri Jul 17 2026 15:00:00 GMT+0000 (Coordinated Universal Time),roadworks,true,bus,,3,2
West of England,af9c5db4-d2b6-455e-9f49-c00a38f69e32,Thu Jul 16 2026 11:00:00 GMT+0000 (Coordinated Universal Time),Sun Jul 19 2026 22:59:00 GMT+0000 (Coordinated Universal Time),Thu Jul 09 2026 12:08:00 GMT+0000 (Coordinated Universal Time),Sun Jul 19 2026 23:00:00 GMT+0000 (Coordinated Universal Time),specialEvent,true,bus,,7,2
WYCA,e6b6b598-a255-4e2f-b5c9-d5db3ad13886,Fri Jul 17 2026 08:30:00 GMT+0000 (Coordinated Universal Time),Fri Jul 17 2026 14:30:00 GMT+0000 (Coordinated Universal Time),Fri Jul 17 2026 08:30:00 GMT+0000 (Coordinated Universal Time),Fri Jul 17 2026 14:30:00 GMT+0000 (Coordinated Universal Time),roadworks,true,bus,,1,4
West of England,32aa8142-830b-468f-abec-2c50d813d8f9,Fri Jul 17 2026 08:30:00 GMT+0000 (Coordinated Universal Time),Fri Jul 17 2026 14:00:00 GMT+0000 (Coordinated Universal Time),Fri Jul 10 2026 13:05:00 GMT+0000 (Coordinated Universal Time),Fri Jul 17 2026 15:00:00 GMT+0000 (Coordinated Universal Time),roadworks,true,bus,,4,1
WYCA,c7b73340-68da-4ebb-8c6e-3277402fc008,Fri Jul 17 2026 19:00:00 GMT+0000 (Coordinated Universal Time),Mon Jul 20 2026 04:00:00 GMT+0000 (Coordinated Universal Time),Tue Jul 14 2026 08:08:00 GMT+0000 (Coordinated Universal Time),Mon Jul 20 2026 04:00:00 GMT+0000 (Coordinated Universal Time),roadworks,true,bus,,3,33
TfGM,39fac464-651b-4543-a2be-d8a02e3351b5,Fri Jul 17 2026 22:00:00 GMT+0000 (Coordinated Universal Time),Sat Aug 08 2026 04:00:00 GMT+0000 (Coordinated Universal Time),Mon Jul 06 2026 18:25:00 GMT+0000 (Coordinated Universal Time),Sat Aug 08 2026 04:00:00 GMT+0000 (Coordinated Universal Time),maintenanceWork,true,bus,,1,9
SYMCA,80d3464f-38bf-4dbc-8902-81f86d0f2491,Fri Jul 17 2026 23:15:00 GMT+0000 (Coordinated Universal Time),Mon Jul 20 2026 05:00:00 GMT+0000 (Coordinated Universal Time),Thu Jul 02 2026 13:20:00 GMT+0000 (Coordinated Universal Time),Mon Jul 20 2026 05:00:00 GMT+0000 (Coordinated Universal Time),roadworks,true,bus,,3,39
West of England,c1620580-2211-482c-9f8b-081577c677b1,Sat Jul 18 2026 06:00:00 GMT+0000 (Coordinated Universal Time),Sat Jul 18 2026 09:00:00 GMT+0000 (Coordinated Universal Time),Fri Jul 03 2026 12:40:00 GMT+0000 (Coordinated Universal Time),Sat Jul 18 2026 10:00:00 GMT+0000 (Coordinated Universal Time),roadworks,true,bus,,2,1
SYMCA,17d6b20c-963d-4fb2-ac33-c8c024a088ff,Sat Jul 18 2026 06:00:00 GMT+0000 (Coordinated Universal Time),Sun Jul 19 2026 17:00:00 GMT+0000 (Coordinated Universal Time),Tue Jul 07 2026 16:33:00 GMT+0000 (Coordinated Universal Time),Sun Jul 19 2026 17:00:00 GMT+0000 (Coordinated Universal Time),roadworks,true,bus,,2,8
West of England,daeb8595-1fd9-447f-bb0b-e11365bd9890,Sat Jul 18 2026 08:30:00 GMT+0000 (Coordinated Universal Time),Mon Jul 20 2026 14:00:00 GMT+0000 (Coordinated Universal Time),Thu Jul 09 2026 16:15:00 GMT+0000 (Coordinated Universal Time),Mon Jul 20 2026 15:00:00 GMT+0000 (Coordinated Universal Time),roadworks,true,bus,,2,2
WYCA,292b507b-4ffa-4f28-b10b-be67857cc0c5,Sat Jul 18 2026 08:30:00 GMT+0000 (Coordinated Universal Time),Sat Jul 18 2026 17:30:00 GMT+0000 (Coordinated Universal Time),Wed Jul 15 2026 08:00:00 GMT+0000 (Coordinated Universal Time),Sat Jul 18 2026 17:30:00 GMT+0000 (Coordinated Universal Time),specialEvent,true,bus,,1,18
TfGM,06c3ca19-9b39-452d-b9dd-33c25c034760,Sat Jul 18 2026 23:00:00 GMT+0000 (Coordinated Universal Time),Sun Jul 26 2026 22:59:00 GMT+0000 (Coordinated Universal Time),Fri Jul 03 2026 15:30:00 GMT+0000 (Coordinated Universal Time),Sun Jul 26 2026 22:59:00 GMT+0000 (Coordinated Universal Time),insufficientDemand,true,bus,,1,
TfGM,6b2041bc-74ef-4451-9128-44d32e66b409,Sat Jul 18 2026 23:00:00 GMT+0000 (Coordinated Universal Time),Sun Jul 26 2026 22:59:00 GMT+0000 (Coordinated Universal Time),Fri Jul 03 2026 15:31:00 GMT+0000 (Coordinated Universal Time),Sun Jul 26 2026 22:59:00 GMT+0000 (Coordinated Universal Time),insufficientDemand,true,bus,,1,
TfGM,923a6edc-7b3c-497b-8968-b28b92c3eef5,Sat Jul 18 2026 23:00:00 GMT+0000 (Coordinated Universal Time),Sun Jul 26 2026 22:59:00 GMT+0000 (Coordinated Universal Time),Fri Jul 03 2026 08:18:00 GMT+0000 (Coordinated Universal Time),Sun Jul 26 2026 22:59:00 GMT+0000 (Coordinated Universal Time),insufficientDemand,true,bus,,1,
TfGM,18f99b79-9987-44b1-9a2c-7c00bb46d156,Sat Jul 18 2026 23:00:00 GMT+0000 (Coordinated Universal Time),Sun Jul 26 2026 22:59:00 GMT+0000 (Coordinated Universal Time),Fri Jul 03 2026 08:21:00 GMT+0000 (Coordinated Universal Time),Sun Jul 26 2026 22:59:00 GMT+0000 (Coordinated Universal Time),insufficientDemand,true,bus,,1,
TfGM,c779bcc3-a44a-43ee-8bba-a5a871d9bacf,Sat Jul 18 2026 23:00:00 GMT+0000 (Coordinated Universal Time),Sun Jul 26 2026 22:59:00 GMT+0000 (Coordinated Universal Time),Fri Jul 03 2026 08:36:00 GMT+0000 (Coordinated Universal Time),Sun Jul 26 2026 22:59:00 GMT+0000 (Coordinated Universal Time),insufficientDemand,true,bus,,1,
TfGM,3d4b25f6-1913-43e7-9a14-d3b1cdd077c7,Sat Jul 18 2026 23:00:00 GMT+0000 (Coordinated Universal Time),Sun Jul 26 2026 22:59:00 GMT+0000 (Coordinated Universal Time),Fri Jul 03 2026 08:26:00 GMT+0000 (Coordinated Universal Time),Sun Jul 26 2026 22:59:00 GMT+0000 (Coordinated Universal Time),insufficientDemand,true,bus,,1,
TfGM,5a123320-938d-42ca-a77f-dbee4198ecdc,Sat Jul 18 2026 23:00:00 GMT+0000 (Coordinated Universal Time),Sun Jul 26 2026 22:59:00 GMT+0000 (Coordinated Universal Time),Fri Jul 03 2026 08:41:00 GMT+0000 (Coordinated Universal Time),Sun Jul 26 2026 22:59:00 GMT+0000 (Coordinated Universal Time),insufficientDemand,true,bus,,2,
TfGM,f3667128-e802-4976-8afb-a2ab7f41b2f9,Sat Jul 18 2026 23:00:00 GMT+0000 (Coordinated Universal Time),Sun Jul 26 2026 22:59:00 GMT+0000 (Coordinated Universal Time),Fri Jul 03 2026 11:59:00 GMT+0000 (Coordinated Universal Time),Sun Jul 26 2026 22:59:00 GMT+0000 (Coordinated Universal Time),insufficientDemand,true,bus,,2,
TfGM,c895ef49-63c0-4382-bda4-942aeff107dc,Sat Jul 18 2026 23:00:00 GMT+0000 (Coordinated Universal Time),Sun Jul 26 2026 22:59:00 GMT+0000 (Coordinated Universal Time),Fri Jul 03 2026 12:10:00 GMT+0000 (Coordinated Universal Time),Sun Jul 26 2026 22:59:00 GMT+0000 (Coordinated Universal Time),insufficientDemand,true,bus,,3,
TfGM,5b16576b-cd66-4eba-a9fb-89efd3648f80,Sat Jul 18 2026 23:00:00 GMT+0000 (Coordinated Universal Time),Sun Jul 26 2026 22:59:00 GMT+0000 (Coordinated Universal Time),Sat Jul 18 2026 23:00:00 GMT+0000 (Coordinated Universal Time),Sun Jul 26 2026 22:59:00 GMT+0000 (Coordinated Universal Time),insufficientDemand,false,bus,,1,
TfGM,020e2939-7fbf-472a-9234-80226fee881e,Sat Jul 18 2026 23:00:00 GMT+0000 (Coordinated Universal Time),Sun Jul 26 2026 22:59:00 GMT+0000 (Coordinated Universal Time),Fri Jul 03 2026 12:24:00 GMT+0000 (Coordinated Universal Time),Sun Jul 26 2026 22:59:00 GMT+0000 (Coordinated Universal Time),insufficientDemand,true,bus,,3,
TfGM,e8438093-d37a-441e-942a-990d51ae4b40,Sat Jul 18 2026 23:00:00 GMT+0000 (Coordinated Universal Time),Sun Jul 26 2026 22:59:00 GMT+0000 (Coordinated Universal Time),Fri Jul 03 2026 15:14:00 GMT+0000 (Coordinated Universal Time),Sun Jul 26 2026 22:59:00 GMT+0000 (Coordinated Universal Time),insufficientDemand,true,bus,,1,
TfGM,2567a979-6b2c-4363-a2f3-b562a64f60e7,Sat Jul 18 2026 23:00:00 GMT+0000 (Coordinated Universal Time),Sun Jul 26 2026 22:59:00 GMT+0000 (Coordinated Universal Time),Fri Jul 03 2026 15:05:00 GMT+0000 (Coordinated Universal Time),Sun Jul 26 2026 22:59:00 GMT+0000 (Coordinated Universal Time),insufficientDemand,true,bus,,1,
TfGM,ef49a3a8-5de5-4fa6-b10d-d36346acdd46,Sat Jul 18 2026 23:00:00 GMT+0000 (Coordinated Universal Time),Sun Jul 26 2026 22:59:00 GMT+0000 (Coordinated Universal Time),Fri Jul 03 2026 15:26:00 GMT+0000 (Coordinated Universal Time),Sun Jul 26 2026 22:59:00 GMT+0000 (Coordinated Universal Time),insufficientDemand,false,bus,,2,
TfGM,8a2112dd-02c8-406a-a40d-d604e3f1fa60,Sat Jul 18 2026 23:00:00 GMT+0000 (Coordinated Universal Time),Sun Jul 26 2026 22:59:00 GMT+0000 (Coordinated Universal Time),Fri Jul 03 2026 15:16:00 GMT+0000 (Coordinated Universal Time),Sun Jul 26 2026 22:59:00 GMT+0000 (Coordinated Universal Time),insufficientDemand,false,bus,,1,
TfGM,7dc58384-8622-4251-8110-5e56476cdbc9,Sat Jul 18 2026 23:00:00 GMT+0000 (Coordinated Universal Time),Sun Jul 26 2026 22:59:00 GMT+0000 (Coordinated Universal Time),Fri Jul 03 2026 15:18:00 GMT+0000 (Coordinated Universal Time),Sun Jul 26 2026 22:59:00 GMT+0000 (Coordinated Universal Time),insufficientDemand,true,bus,,1,
TfGM,aa6bb4ab-ae54-4f4c-948c-fa5246a0de9f,Sat Jul 18 2026 23:00:00 GMT+0000 (Coordinated Universal Time),Sun Jul 26 2026 22:59:00 GMT+0000 (Coordinated Universal Time),Fri Jul 03 2026 15:23:00 GMT+0000 (Coordinated Universal Time),Sun Jul 26 2026 22:59:00 GMT+0000 (Coordinated Universal Time),insufficientDemand,true,bus,,1,
TfGM,a23d9722-91a2-4f67-baaa-7ce028548ba7,Sat Jul 18 2026 23:00:00 GMT+0000 (Coordinated Universal Time),Sun Jul 26 2026 22:59:00 GMT+0000 (Coordinated Universal Time),Fri Jul 03 2026 15:22:00 GMT+0000 (Coordinated Universal Time),Sun Jul 26 2026 22:59:00 GMT+0000 (Coordinated Universal Time),insufficientDemand,true,bus,,1,
TfGM,b67c3b9a-fe87-4bd6-8b7d-8cdd91462590,Sat Jul 18 2026 23:00:00 GMT+0000 (Coordinated Universal Time),Sun Jul 26 2026 22:59:00 GMT+0000 (Coordinated Universal Time),Fri Jul 03 2026 15:21:00 GMT+0000 (Coordinated Universal Time),Sun Jul 26 2026 22:59:00 GMT+0000 (Coordinated Universal Time),insufficientDemand,true,bus,,1,
TfGM,9e0f4ad0-425b-4115-9f83-95e7f9f9f260,Sat Jul 18 2026 23:00:00 GMT+0000 (Coordinated Universal Time),Sun Jul 26 2026 22:59:00 GMT+0000 (Coordinated Universal Time),Fri Jul 03 2026 15:19:00 GMT+0000 (Coordinated Universal Time),Sun Jul 26 2026 22:59:00 GMT+0000 (Coordinated Universal Time),insufficientDemand,true,bus,,1,
TfGM,8f6a8cb1-1c30-4a3b-be6d-50c23754f569,Sat Jul 18 2026 23:00:00 GMT+0000 (Coordinated Universal Time),Sun Jul 26 2026 22:59:00 GMT+0000 (Coordinated Universal Time),Fri Jul 03 2026 15:25:00 GMT+0000 (Coordinated Universal Time),Sun Jul 26 2026 22:59:00 GMT+0000 (Coordinated Universal Time),insufficientDemand,true,bus,,1,
TfGM,14fb7f69-7a97-4c8e-9137-c6f72b063e24,Sat Jul 18 2026 23:00:00 GMT+0000 (Coordinated Universal Time),Sun Jul 26 2026 22:59:00 GMT+0000 (Coordinated Universal Time),Fri Jul 03 2026 15:28:00 GMT+0000 (Coordinated Universal Time),Sun Jul 26 2026 22:59:00 GMT+0000 (Coordinated Universal Time),insufficientDemand,true,bus,,1,
TfGM,6bb955d1-047f-4c50-987f-663044b4936e,Sat Jul 18 2026 23:00:00 GMT+0000 (Coordinated Universal Time),Sun Jul 26 2026 22:59:00 GMT+0000 (Coordinated Universal Time),Tue Jul 07 2026 18:43:00 GMT+0000 (Coordinated Universal Time),Sun Jul 26 2026 22:59:00 GMT+0000 (Coordinated Universal Time),insufficientDemand,true,bus,,2,
TfGM,ee980746-1968-42c9-a87a-dbb6c09fb319,Sat Jul 18 2026 23:00:00 GMT+0000 (Coordinated Universal Time),Sun Jul 26 2026 22:59:00 GMT+0000 (Coordinated Universal Time),Fri Jul 03 2026 12:33:00 GMT+0000 (Coordinated Universal Time),Sun Jul 26 2026 22:59:00 GMT+0000 (Coordinated Universal Time),insufficientDemand,true,bus,,1,
TfGM,afb529da-8ff8-4504-9b25-84ee5959ecfb,Sat Jul 18 2026 23:00:00 GMT+0000 (Coordinated Universal Time),Sun Jul 26 2026 22:59:00 GMT+0000 (Coordinated Universal Time),Fri Jul 03 2026 11:53:00 GMT+0000 (Coordinated Universal Time),Sun Jul 26 2026 22:59:00 GMT+0000 (Coordinated Universal Time),insufficientDemand,true,bus,,1,
TfGM,0e8be16c-aee9-4b4b-a21e-786d88051338,Sat Jul 18 2026 23:00:00 GMT+0000 (Coordinated Universal Time),Sun Jul 26 2026 22:59:00 GMT+0000 (Coordinated Universal Time),Fri Jul 03 2026 11:56:00 GMT+0000 (Coordinated Universal Time),Sun Jul 26 2026 22:59:00 GMT+0000 (Coordinated Universal Time),insufficientDemand,true,bus,,2,
SYMCA,6d06e535-3c38-4819-b5a6-943b1ca0b007,Sun Jul 19 2026 06:00:00 GMT+0000 (Coordinated Universal Time),Sun Jul 19 2026 18:00:00 GMT+0000 (Coordinated Universal Time),Sun Jul 19 2026 06:00:00 GMT+0000 (Coordinated Universal Time),Sun Jul 19 2026 18:00:00 GMT+0000 (Coordinated Universal Time),roadworks,true,bus,,2,9
TfGM,61b17566-6b37-4d97-a9fe-bab54e2d0550,Sun Jul 19 2026 07:00:00 GMT+0000 (Coordinated Universal Time),Sun Jul 19 2026 18:00:00 GMT+0000 (Coordinated Universal Time),Thu Jul 09 2026 12:23:00 GMT+0000 (Coordinated Universal Time),Sun Jul 19 2026 18:00:00 GMT+0000 (Coordinated Universal Time),roadClosed,true,bus,,2,22
TfGM,2791b65b-537b-4f2c-ae52-5410f7a19470,Sun Jul 19 2026 07:30:00 GMT+0000 (Coordinated Universal Time),Sun Jul 19 2026 12:00:00 GMT+0000 (Coordinated Universal Time),Wed Apr 22 2026 13:27:00 GMT+0000 (Coordinated Universal Time),Sun Jul 19 2026 12:00:00 GMT+0000 (Coordinated Universal Time),roadworks,true,bus,,2,
WYCA,a6c57a5a-0090-49d5-861d-f44507943d3e,Sun Jul 19 2026 11:30:00 GMT+0000 (Coordinated Universal Time),Sun Jul 19 2026 11:50:00 GMT+0000 (Coordinated Universal Time),Thu Jul 16 2026 11:30:00 GMT+0000 (Coordinated Universal Time),Sun Jul 19 2026 11:50:00 GMT+0000 (Coordinated Universal Time),specialEvent,true,bus,,2,
SYMCA,c3dc60e5-1e9b-4fa9-a14c-eed79ea205cb,Sun Jul 19 2026 19:00:00 GMT+0000 (Coordinated Universal Time),Mon Jul 20 2026 05:00:00 GMT+0000 (Coordinated Universal Time),Thu Jul 02 2026 11:36:00 GMT+0000 (Coordinated Universal Time),Mon Jul 20 2026 05:00:00 GMT+0000 (Coordinated Universal Time),roadClosed,true,bus,,1,10
TfGM,c50f705a-01fe-467f-8a19-83f22f5ec455,Sun Jul 19 2026 23:00:00 GMT+0000 (Coordinated Universal Time),Sun Aug 30 2026 22:59:00 GMT+0000 (Coordinated Universal Time),Wed Jun 17 2026 07:29:00 GMT+0000 (Coordinated Universal Time),Sun Aug 30 2026 22:59:00 GMT+0000 (Coordinated Universal Time),roadworks,true,bus,,2,2
Telford & Wrekin,15b9433a-ff04-49f6-8708-96b83f85b940,Sun Jul 19 2026 23:00:00 GMT+0000 (Coordinated Universal Time),Thu Aug 13 2026 23:00:00 GMT+0000 (Coordinated Universal Time),Thu Jul 16 2026 23:00:00 GMT+0000 (Coordinated Universal Time),Fri Aug 14 2026 23:00:00 GMT+0000 (Coordinated Universal Time),roadClosed,true,bus,,3,4
SYMCA,2932e89c-c308-4174-add7-f68f8b2fb444,Sun Jul 19 2026 23:01:00 GMT+0000 (Coordinated Universal Time),Fri Aug 28 2026 22:59:00 GMT+0000 (Coordinated Universal Time),Mon Jul 06 2026 07:14:00 GMT+0000 (Coordinated Universal Time),Fri Aug 28 2026 22:59:00 GMT+0000 (Coordinated Universal Time),roadworks,true,bus,,4,31
WYCA,1a75b999-9025-4daf-aa66-ec139e3bbd29,Mon Jul 20 2026 05:00:00 GMT+0000 (Coordinated Universal Time),Fri Jul 24 2026 22:59:00 GMT+0000 (Coordinated Universal Time),Fri Jul 17 2026 05:00:00 GMT+0000 (Coordinated Universal Time),Fri Jul 24 2026 22:59:00 GMT+0000 (Coordinated Universal Time),roadworks,true,bus,,1,6
TfGM,c0f85f49-60d2-4bf9-84c7-c4feea7052e7,Mon Jul 20 2026 05:00:00 GMT+0000 (Coordinated Universal Time),Wed Jul 29 2026 22:58:00 GMT+0000 (Coordinated Universal Time),Wed Jul 08 2026 05:00:00 GMT+0000 (Coordinated Universal Time),Wed Jul 29 2026 22:59:00 GMT+0000 (Coordinated Universal Time),roadClosed,false,bus,,5,4
WYCA,ebc69f3b-ba9a-46d8-8695-753eb19df416,Mon Jul 20 2026 05:00:00 GMT+0000 (Coordinated Universal Time),Sun Oct 11 2026 22:59:00 GMT+0000 (Coordinated Universal Time),Thu Jul 16 2026 08:00:00 GMT+0000 (Coordinated Universal Time),Sun Oct 11 2026 22:59:00 GMT+0000 (Coordinated Universal Time),roadworks,true,bus,,2,6
North Lincolnshire,d94490eb-380d-43b5-9f88-955605f59929,Mon Jul 20 2026 07:00:00 GMT+0000 (Coordinated Universal Time),Fri Sep 04 2026 16:00:00 GMT+0000 (Coordinated Universal Time),Thu Jul 09 2026 09:52:00 GMT+0000 (Coordinated Universal Time),Fri Sep 04 2026 16:00:00 GMT+0000 (Coordinated Universal Time),roadClosed,true,bus,,2,68
SYMCA,a14b04e3-74d3-46d4-aebe-16f4dd837f23,Mon Jul 20 2026 07:00:00 GMT+0000 (Coordinated Universal Time),Fri Aug 14 2026 17:00:00 GMT+0000 (Coordinated Universal Time),Mon Jul 06 2026 06:54:00 GMT+0000 (Coordinated Universal Time),Fri Aug 14 2026 17:00:00 GMT+0000 (Coordinated Universal Time),roadworks,true,bus,,1,14
Devon,eddb6284-4d91-422e-b143-0dc071361b7d,Mon Jul 20 2026 07:00:00 GMT+0000 (Coordinated Universal Time),Tue Jul 28 2026 16:00:00 GMT+0000 (Coordinated Universal Time),Mon Jul 13 2026 07:00:00 GMT+0000 (Coordinated Universal Time),Tue Jul 28 2026 16:00:00 GMT+0000 (Coordinated Universal Time),roadClosed,true,bus,,4,9
Devon,5f4ba411-81ef-4833-82c7-90b48a22feaf,Mon Jul 20 2026 07:00:00 GMT+0000 (Coordinated Universal Time),Mon Oct 12 2026 22:59:00 GMT+0000 (Coordinated Universal Time),Mon Jul 13 2026 07:00:00 GMT+0000 (Coordinated Universal Time),Mon Oct 12 2026 22:59:00 GMT+0000 (Coordinated Universal Time),roadClosed,true,bus,,1,4
SYMCA,3d5f60f9-b870-4bc3-98a5-e65b4e28b7b0,Mon Jul 20 2026 08:30:00 GMT+0000 (Coordinated Universal Time),Mon Aug 17 2026 14:30:00 GMT+0000 (Coordinated Universal Time),Mon Jul 06 2026 08:44:00 GMT+0000 (Coordinated Universal Time),Mon Aug 17 2026 14:30:00 GMT+0000 (Coordinated Universal Time),roadworks,true,bus,,3,6
West of England,ee75d3e0-4691-4072-9219-701514389bcb,Mon Jul 20 2026 08:30:00 GMT+0000 (Coordinated Universal Time),Tue Jul 21 2026 14:00:00 GMT+0000 (Coordinated Universal Time),Fri Jul 03 2026 08:55:00 GMT+0000 (Coordinated Universal Time),Tue Jul 21 2026 15:00:00 GMT+0000 (Coordinated Universal Time),roadworks,true,bus,,1,4
West of England,2c2f4949-e41a-4d51-89c5-7515a7aa8af9,Mon Jul 20 2026 18:00:00 GMT+0000 (Coordinated Universal Time),Tue Jul 21 2026 05:00:00 GMT+0000 (Coordinated Universal Time),Thu Jul 09 2026 15:05:00 GMT+0000 (Coordinated Universal Time),Tue Jul 21 2026 06:00:00 GMT+0000 (Coordinated Universal Time),roadworks,true,bus,,5,3
West of England,ba8baf9b-88bb-495d-8d7e-3925b48e30ec,Mon Jul 20 2026 19:00:00 GMT+0000 (Coordinated Universal Time),Wed Jul 22 2026 06:00:00 GMT+0000 (Coordinated Universal Time),Wed Jul 08 2026 13:46:00 GMT+0000 (Coordinated Universal Time),Wed Jul 22 2026 07:00:00 GMT+0000 (Coordinated Universal Time),roadworks,true,bus,,9,12
SYMCA,36636076-d228-45d7-b082-b342224a6762,Mon Jul 20 2026 20:00:00 GMT+0000 (Coordinated Universal Time),Sun Jul 26 2026 05:00:00 GMT+0000 (Coordinated Universal Time),Tue Jul 07 2026 09:00:00 GMT+0000 (Coordinated Universal Time),Sun Jul 26 2026 05:00:00 GMT+0000 (Coordinated Universal Time),roadworks,true,bus,,2,12
West of England,704aef97-7068-4c97-9b57-43287ef420f6,Mon Jul 20 2026 20:00:00 GMT+0000 (Coordinated Universal Time),Tue Jul 21 2026 05:00:00 GMT+0000 (Coordinated Universal Time),Wed Jul 08 2026 15:10:00 GMT+0000 (Coordinated Universal Time),Tue Jul 21 2026 06:00:00 GMT+0000 (Coordinated Universal Time),roadworks,true,bus,,4,2
SYMCA,9c76af82-5966-4cf2-b33b-0e6798ef672a,Mon Jul 20 2026 23:01:00 GMT+0000 (Coordinated Universal Time),Tue Sep 01 2026 22:59:00 GMT+0000 (Coordinated Universal Time),Fri Jul 10 2026 09:32:00 GMT+0000 (Coordinated Universal Time),Tue Sep 01 2026 22:59:00 GMT+0000 (Coordinated Universal Time),roadworks,true,bus,,3,2
WYCA,01029217-a554-4da8-9e0f-0cce2999f6a1,Tue Jul 21 2026 03:00:00 GMT+0000 (Coordinated Universal Time),Tue Jul 21 2026 04:30:00 GMT+0000 (Coordinated Universal Time),Tue Jul 21 2026 03:00:00 GMT+0000 (Coordinated Universal Time),Tue Jul 21 2026 04:30:00 GMT+0000 (Coordinated Universal Time),roadworks,true,bus,,8,23
West of England,174ee903-1ac7-41d2-819d-de479464047a,Tue Jul 21 2026 08:30:00 GMT+0000 (Coordinated Universal Time),Tue Jul 21 2026 14:00:00 GMT+0000 (Coordinated Universal Time),Thu Jul 09 2026 16:04:00 GMT+0000 (Coordinated Universal Time),Tue Jul 21 2026 15:00:00 GMT+0000 (Coordinated Universal Time),roadworks,true,bus,,2,2
SYMCA,2df9cacd-2da8-46c2-b6eb-22d168215437,Tue Jul 21 2026 19:00:00 GMT+0000 (Coordinated Universal Time),Fri Jul 24 2026 04:00:00 GMT+0000 (Coordinated Universal Time),Thu Jul 09 2026 07:16:00 GMT+0000 (Coordinated Universal Time),Fri Jul 24 2026 04:00:00 GMT+0000 (Coordinated Universal Time),maintenanceWork,true,bus,,2,4
West of England,1f0280ce-a313-42e1-ab58-0ef7f08141f8,Tue Jul 21 2026 20:00:00 GMT+0000 (Coordinated Universal Time),Wed Jul 22 2026 05:00:00 GMT+0000 (Coordinated Universal Time),Wed Jul 08 2026 15:23:00 GMT+0000 (Coordinated Universal Time),Wed Jul 22 2026 06:00:00 GMT+0000 (Coordinated Universal Time),roadworks,true,bus,,4,2
SYMCA,83db69a2-0aed-42ee-888f-f2586f3c1a6f,Tue Jul 21 2026 23:01:00 GMT+0000 (Coordinated Universal Time),Fri Jul 24 2026 22:59:00 GMT+0000 (Coordinated Universal Time),Wed Jul 08 2026 15:32:00 GMT+0000 (Coordinated Universal Time),Fri Jul 24 2026 22:59:00 GMT+0000 (Coordinated Universal Time),roadworks,true,bus,,3,24
West of England,614e853e-da1c-45d7-9ee0-1627579a8b2a,Wed Jul 22 2026 08:30:00 GMT+0000 (Coordinated Universal Time),Thu Jul 23 2026 14:30:00 GMT+0000 (Coordinated Universal Time),Wed Jul 08 2026 15:54:00 GMT+0000 (Coordinated Universal Time),Thu Jul 23 2026 15:30:00 GMT+0000 (Coordinated Universal Time),roadworks,true,bus,,7,13
West of England,a5bddf00-7862-4e6d-bd84-fd2d59a0bac2,Wed Jul 22 2026 20:00:00 GMT+0000 (Coordinated Universal Time),Thu Jul 23 2026 05:00:00 GMT+0000 (Coordinated Universal Time),Wed Jul 08 2026 15:31:00 GMT+0000 (Coordinated Universal Time),Thu Jul 23 2026 06:00:00 GMT+0000 (Coordinated Universal Time),roadworks,true,bus,,4,3
West of England,7c0eed27-3b1f-4e6d-ad8c-6d7efee4e112,Wed Jul 22 2026 23:00:00 GMT+0000 (Coordinated Universal Time),Tue Jul 28 2026 23:00:00 GMT+0000 (Coordinated Universal Time),Thu Jul 09 2026 12:27:00 GMT+0000 (Coordinated Universal Time),Wed Jul 29 2026 23:00:00 GMT+0000 (Coordinated Universal Time),roadworks,true,bus,,13,23
WYCA,9889fa00-9f57-4d9f-9bba-f9890ad3f268,Thu Jul 23 2026 05:00:00 GMT+0000 (Coordinated Universal Time),Sun Jul 26 2026 22:00:00 GMT+0000 (Coordinated Universal Time),Mon Jul 20 2026 11:17:00 GMT+0000 (Coordinated Universal Time),Sun Jul 26 2026 22:00:00 GMT+0000 (Coordinated Universal Time),specialEvent,true,bus,,1,
West of England,40d69cd5-56cf-451d-98bc-a88b62ae5921,Thu Jul 23 2026 07:00:00 GMT+0000 (Coordinated Universal Time),Fri Jul 24 2026 16:00:00 GMT+0000 (Coordinated Universal Time),Wed Jul 08 2026 15:42:00 GMT+0000 (Coordinated Universal Time),Fri Jul 24 2026 17:00:00 GMT+0000 (Coordinated Universal Time),roadworks,true,bus,,1,1
West of England,a24455ea-854c-4be6-a48e-8918e2d6e70e,Thu Jul 23 2026 08:30:00 GMT+0000 (Coordinated Universal Time),Fri Jul 24 2026 14:00:00 GMT+0000 (Coordinated Universal Time),Wed Jul 08 2026 14:02:00 GMT+0000 (Coordinated Universal Time),Fri Jul 24 2026 15:00:00 GMT+0000 (Coordinated Universal Time),roadworks,true,bus,,5,3
WYCA,7cb2d5dd-9f10-4ce5-87a7-ba1aa61e7f9b,Fri Jul 24 2026 19:00:00 GMT+0000 (Coordinated Universal Time),Mon Jul 27 2026 04:00:00 GMT+0000 (Coordinated Universal Time),Tue Jul 21 2026 08:08:00 GMT+0000 (Coordinated Universal Time),Mon Jul 27 2026 04:00:00 GMT+0000 (Coordinated Universal Time),roadworks,true,bus,,3,33
WYCA,eb3153b1-229f-4ca4-8270-e59e9c992225,Fri Jul 24 2026 20:00:00 GMT+0000 (Coordinated Universal Time),Sun Jul 26 2026 22:59:00 GMT+0000 (Coordinated Universal Time),Mon Jul 20 2026 08:27:00 GMT+0000 (Coordinated Universal Time),Sun Jul 26 2026 22:59:00 GMT+0000 (Coordinated Universal Time),specialEvent,true,bus,,3,16
Cheshire East,9585bf47-ecfc-4555-a13a-4dff27a96de2,Fri Jul 24 2026 23:00:00 GMT+0000 (Coordinated Universal Time),Fri Oct 30 2026 10:00:00 GMT+0000 (Coordinated Universal Time),Tue Jun 30 2026 08:22:00 GMT+0000 (Coordinated Universal Time),Fri Oct 30 2026 10:01:00 GMT+0000 (Coordinated Universal Time),roadworks,true,bus,,1,43
West of England,08f99a4e-135c-48d7-924e-d2887cc0512a,Sun Jul 26 2026 23:00:00 GMT+0000 (Coordinated Universal Time),Wed Sep 02 2026 23:00:00 GMT+0000 (Coordinated Universal Time),Wed Jul 08 2026 13:16:00 GMT+0000 (Coordinated Universal Time),Thu Sep 03 2026 23:00:00 GMT+0000 (Coordinated Universal Time),roadworks,true,bus,,6,21
West of England,afee23c8-4e95-4c70-815f-2b11790a62bd,Sun Jul 26 2026 23:00:00 GMT+0000 (Coordinated Universal Time),Thu Aug 13 2026 23:00:00 GMT+0000 (Coordinated Universal Time),Wed Jul 08 2026 14:20:00 GMT+0000 (Coordinated Universal Time),Fri Aug 14 2026 23:00:00 GMT+0000 (Coordinated Universal Time),roadworks,true,bus,,4,1
West of England,723383e4-5818-4b6c-a7e1-6e5f23dd80b0,Sun Jul 26 2026 23:00:00 GMT+0000 (Coordinated Universal Time),Sun Sep 06 2026 23:00:00 GMT+0000 (Coordinated Universal Time),Fri Jul 10 2026 13:20:00 GMT+0000 (Coordinated Universal Time),Mon Sep 07 2026 23:00:00 GMT+0000 (Coordinated Universal Time),roadworks,true,bus,,1,1
WYCA,30acbd96-60f3-4995-83e2-59a65529fba4,Mon Jul 27 2026 05:00:00 GMT+0000 (Coordinated Universal Time),Fri Aug 14 2026 22:59:00 GMT+0000 (Coordinated Universal Time),Thu Jul 23 2026 06:24:00 GMT+0000 (Coordinated Universal Time),Fri Aug 14 2026 22:59:00 GMT+0000 (Coordinated Universal Time),roadworks,true,bus,,3,4
WYCA,5aef1871-343c-4bfa-be5c-30b206b799e1,Mon Jul 27 2026 05:00:00 GMT+0000 (Coordinated Universal Time),Wed Jul 29 2026 22:59:00 GMT+0000 (Coordinated Universal Time),Thu Jul 23 2026 07:00:00 GMT+0000 (Coordinated Universal Time),Wed Jul 29 2026 22:59:00 GMT+0000 (Coordinated Universal Time),roadworks,true,bus,,2,7
WYCA,25df2004-6b79-4e0f-b72f-57a4fc3e39b2,Mon Jul 27 2026 05:00:00 GMT+0000 (Coordinated Universal Time),Mon Aug 31 2026 22:59:00 GMT+0000 (Coordinated Universal Time),Thu Jul 23 2026 05:00:00 GMT+0000 (Coordinated Universal Time),Mon Aug 31 2026 22:59:00 GMT+0000 (Coordinated Universal Time),roadworks,true,bus,,2,6
WYCA,bccb9af1-a536-49a9-9227-d2d9d0cc13b9,Mon Jul 27 2026 05:00:00 GMT+0000 (Coordinated Universal Time),Fri Aug 14 2026 22:59:00 GMT+0000 (Coordinated Universal Time),Thu Jul 23 2026 05:00:00 GMT+0000 (Coordinated Universal Time),Fri Aug 14 2026 22:59:00 GMT+0000 (Coordinated Universal Time),roadworks,true,bus,,1,4
SYMCA,2a00a177-e0a9-4650-9036-6a6722e6bb79,Mon Jul 27 2026 06:00:00 GMT+0000 (Coordinated Universal Time),Mon Aug 31 2026 18:00:00 GMT+0000 (Coordinated Universal Time),Tue Jul 07 2026 13:18:00 GMT+0000 (Coordinated Universal Time),Mon Aug 31 2026 18:00:00 GMT+0000 (Coordinated Universal Time),roadworks,true,bus,,4,6
North Lincolnshire,6693487a-2546-4eb5-8831-6e34ca39a6b1,Mon Jul 27 2026 07:00:00 GMT+0000 (Coordinated Universal Time),Fri Aug 28 2026 16:00:00 GMT+0000 (Coordinated Universal Time),Thu Jul 09 2026 10:19:00 GMT+0000 (Coordinated Universal Time),Fri Aug 28 2026 16:00:00 GMT+0000 (Coordinated Universal Time),roadClosed,true,bus,,2,100
WYCA,b649169a-ee8f-419e-8739-6c125243eea4,Mon Jul 27 2026 07:00:00 GMT+0000 (Coordinated Universal Time),Tue Jul 28 2026 17:00:00 GMT+0000 (Coordinated Universal Time),Thu Jul 23 2026 07:00:00 GMT+0000 (Coordinated Universal Time),Tue Jul 28 2026 17:00:00 GMT+0000 (Coordinated Universal Time),roadworks,true,bus,,1,2
North Lincolnshire,446609d8-b2a4-4bd9-87f9-7c6fb898ee1e,Mon Jul 27 2026 07:00:00 GMT+0000 (Coordinated Universal Time),Fri Aug 28 2026 16:00:00 GMT+0000 (Coordinated Universal Time),Thu Jul 09 2026 10:22:00 GMT+0000 (Coordinated Universal Time),Fri Aug 28 2026 16:00:00 GMT+0000 (Coordinated Universal Time),roadClosed,true,bus,,2,23
WYCA,2939b791-0633-465d-b382-ee26bc44abab,Mon Jul 27 2026 08:00:00 GMT+0000 (Coordinated Universal Time),Fri Jul 31 2026 14:00:00 GMT+0000 (Coordinated Universal Time),Fri Jul 24 2026 09:51:00 GMT+0000 (Coordinated Universal Time),Fri Jul 31 2026 14:00:00 GMT+0000 (Coordinated Universal Time),roadworks,false,bus,,3,2
TfGM,68eae647-dd95-4976-a701-d59702067492,Mon Jul 27 2026 08:00:00 GMT+0000 (Coordinated Universal Time),Mon Aug 17 2026 15:30:00 GMT+0000 (Coordinated Universal Time),Fri Jul 10 2026 17:48:00 GMT+0000 (Coordinated Universal Time),Mon Aug 17 2026 15:30:00 GMT+0000 (Coordinated Universal Time),maintenanceWork,true,bus,,3,42
West of England,0c2be478-a50e-4c61-9609-fbd8da206aac,Mon Jul 27 2026 08:30:00 GMT+0000 (Coordinated Universal Time),Fri Jul 31 2026 14:00:00 GMT+0000 (Coordinated Universal Time),Thu Jul 09 2026 16:26:00 GMT+0000 (Coordinated Universal Time),Fri Jul 31 2026 15:00:00 GMT+0000 (Coordinated Universal Time),roadworks,true,bus,,3,2
West of England,ee3baa4c-2d31-454c-b681-9197e0a6891f,Mon Jul 27 2026 18:00:00 GMT+0000 (Coordinated Universal Time),Wed Jul 29 2026 05:00:00 GMT+0000 (Coordinated Universal Time),Thu Jun 25 2026 11:45:00 GMT+0000 (Coordinated Universal Time),Wed Jul 29 2026 06:00:00 GMT+0000 (Coordinated Universal Time),roadworks,true,bus,,7,1
West of England,0a28c1d4-d7a3-430f-9a34-ac179c5bd26a,Tue Jul 28 2026 23:00:00 GMT+0000 (Coordinated Universal Time),Wed Jul 29 2026 22:59:00 GMT+0000 (Coordinated Universal Time),Thu Jul 09 2026 16:46:00 GMT+0000 (Coordinated Universal Time),Wed Jul 29 2026 23:00:00 GMT+0000 (Coordinated Universal Time),roadworks,true,bus,,2,1
WYCA,fe98ba21-bd52-40f6-a274-64ee1bc3721b,Thu Jul 30 2026 05:00:00 GMT+0000 (Coordinated Universal Time),Sat Aug 01 2026 22:59:00 GMT+0000 (Coordinated Universal Time),Mon Jul 27 2026 05:00:00 GMT+0000 (Coordinated Universal Time),Sat Aug 01 2026 22:59:00 GMT+0000 (Coordinated Universal Time),roadworks,true,bus,,1,3
WYCA,6142e963-64e6-4cf4-96ea-a5b7234cd42b,Thu Jul 30 2026 21:00:00 GMT+0000 (Coordinated Universal Time),Fri Jul 31 2026 04:00:00 GMT+0000 (Coordinated Universal Time),Mon Jul 27 2026 08:30:00 GMT+0000 (Coordinated Universal Time),Fri Jul 31 2026 04:00:00 GMT+0000 (Coordinated Universal Time),roadworks,true,bus,,2,3
WYCA,aadfd1b8-d95b-4a0d-af10-f84b773433cf,Fri Jul 31 2026 08:00:00 GMT+0000 (Coordinated Universal Time),Fri Aug 14 2026 16:00:00 GMT+0000 (Coordinated Universal Time),Wed Jul 29 2026 05:00:00 GMT+0000 (Coordinated Universal Time),Fri Aug 14 2026 16:00:00 GMT+0000 (Coordinated Universal Time),roadworks,true,bus,,2,17
WYCA,1dbb91a5-19c8-41fb-a094-8f54aba1dea8,Fri Jul 31 2026 19:00:00 GMT+0000 (Coordinated Universal Time),Mon Aug 03 2026 04:00:00 GMT+0000 (Coordinated Universal Time),Tue Jul 28 2026 08:08:00 GMT+0000 (Coordinated Universal Time),Mon Aug 03 2026 04:00:00 GMT+0000 (Coordinated Universal Time),roadworks,true,bus,,3,33
WYCA,1c6a334b-c5fb-42a9-a87b-193b6302e23c,Fri Jul 31 2026 20:00:00 GMT+0000 (Coordinated Universal Time),Sat Aug 01 2026 22:59:00 GMT+0000 (Coordinated Universal Time),Tue Jul 28 2026 08:27:00 GMT+0000 (Coordinated Universal Time),Sat Aug 01 2026 22:59:00 GMT+0000 (Coordinated Universal Time),specialEvent,true,bus,,3,13
SYMCA,702ddd21-1ca6-4c49-bc3c-6c6f1c60fdfd,Sat Aug 01 2026 08:00:00 GMT+0000 (Coordinated Universal Time),Sat May 15 2027 09:20:00 GMT+0000 (Coordinated Universal Time),Sat Aug 01 2026 08:00:00 GMT+0000 (Coordinated Universal Time),Sat May 15 2027 09:20:00 GMT+0000 (Coordinated Universal Time),roadClosed,false,bus,,16,1
West of England,b9934ed0-fc0e-4c24-8ed7-2eca7020bff5,Thu Aug 06 2026 19:00:00 GMT+0000 (Coordinated Universal Time),Fri Aug 07 2026 05:00:00 GMT+0000 (Coordinated Universal Time),Mon Jun 15 2026 10:15:00 GMT+0000 (Coordinated Universal Time),Fri Aug 07 2026 05:00:00 GMT+0000 (Coordinated Universal Time),maintenanceWork,true,bus,,1,1
West of England,a209e591-53ad-4083-9815-2d6ec6077e4b,Fri Aug 07 2026 19:00:00 GMT+0000 (Coordinated Universal Time),Sat Aug 08 2026 05:00:00 GMT+0000 (Coordinated Universal Time),Mon Jun 15 2026 10:19:00 GMT+0000 (Coordinated Universal Time),Sat Aug 08 2026 05:00:00 GMT+0000 (Coordinated Universal Time),maintenanceWork,true,bus,,1,2
TfGM,06350612-d6b9-4ed0-9911-505a288d86fe,Sun Aug 09 2026 03:00:00 GMT+0000 (Coordinated Universal Time),Sun Aug 09 2026 13:00:00 GMT+0000 (Coordinated Universal Time),Mon May 11 2026 16:13:00 GMT+0000 (Coordinated Universal Time),Sun Aug 09 2026 14:00:00 GMT+0000 (Coordinated Universal Time),emergencyEngineeringWork,true,tram,,,28
TfGM,902c0a01-e0d5-4839-bf80-8bf897dad3fa,Sun Aug 09 2026 08:00:00 GMT+0000 (Coordinated Universal Time),Sun Aug 09 2026 17:00:00 GMT+0000 (Coordinated Universal Time),Sun Jul 05 2026 08:00:00 GMT+0000 (Coordinated Universal Time),Sun Aug 09 2026 17:00:00 GMT+0000 (Coordinated Universal Time),specialEvent,true,bus,,8,5
West of England,ed6cf837-46db-466c-913f-008be38764db,Mon Aug 10 2026 19:00:00 GMT+0000 (Coordinated Universal Time),Wed Aug 12 2026 05:00:00 GMT+0000 (Coordinated Universal Time),Mon Jun 15 2026 10:20:00 GMT+0000 (Coordinated Universal Time),Wed Aug 12 2026 05:00:00 GMT+0000 (Coordinated Universal Time),maintenanceWork,true,bus,,1,1
West of England,7e3352f7-5158-4144-b900-15e8e9d08e7e,Tue Aug 11 2026 08:30:00 GMT+0000 (Coordinated Universal Time),Tue Aug 11 2026 14:30:00 GMT+0000 (Coordinated Universal Time),Thu Jul 09 2026 08:48:00 GMT+0000 (Coordinated Universal Time),Tue Aug 11 2026 15:30:00 GMT+0000 (Coordinated Universal Time),roadworks,true,bus,,1,1
TfGM,65c25acb-2208-487e-8598-246bfa348584,Sat Aug 15 2026 02:00:00 GMT+0000 (Coordinated Universal Time),Mon Aug 17 2026 01:00:00 GMT+0000 (Coordinated Universal Time),Fri Jun 26 2026 07:54:00 GMT+0000 (Coordinated Universal Time),Mon Aug 17 2026 01:00:00 GMT+0000 (Coordinated Universal Time),maintenanceWork,true,tram,,,1
TfGM,995629be-86df-4514-ae5b-2535802195b3,Sat Aug 15 2026 02:00:00 GMT+0000 (Coordinated Universal Time),Sat Aug 29 2026 01:00:00 GMT+0000 (Coordinated Universal Time),Fri Jun 26 2026 08:01:00 GMT+0000 (Coordinated Universal Time),Sat Aug 29 2026 01:00:00 GMT+0000 (Coordinated Universal Time),maintenanceWork,false,tram,,,8
North Lincolnshire,b3feeaf8-58a5-46a9-b303-1d2ad4ecd90a,Mon Aug 17 2026 07:00:00 GMT+0000 (Coordinated Universal Time),Fri Sep 04 2026 16:00:00 GMT+0000 (Coordinated Universal Time),Mon Aug 17 2026 07:00:00 GMT+0000 (Coordinated Universal Time),Fri Sep 04 2026 16:00:00 GMT+0000 (Coordinated Universal Time),roadworks,true,bus,,2,78
West of England,a419d0d0-4b0a-4013-82ac-f3ea93bf9a48,Tue Aug 18 2026 08:30:00 GMT+0000 (Coordinated Universal Time),Tue Aug 18 2026 14:30:00 GMT+0000 (Coordinated Universal Time),Tue Jun 23 2026 11:06:00 GMT+0000 (Coordinated Universal Time),Tue Aug 18 2026 15:30:00 GMT+0000 (Coordinated Universal Time),roadworks,true,bus,,3,3
Merseytravel,63bc0105-1a44-486c-b103-1e0650bb680a,Tue Sep 01 2026 07:00:00 GMT+0000 (Coordinated Universal Time),Wed Sep 16 2026 15:30:00 GMT+0000 (Coordinated Universal Time),Wed Jul 01 2026 07:00:00 GMT+0000 (Coordinated Universal Time),Wed Sep 16 2026 15:30:00 GMT+0000 (Coordinated Universal Time),roadworks,true,bus,,2,14
West of England,3a43cdd5-586f-4026-babd-df2b361b18dd,Tue Sep 01 2026 08:30:00 GMT+0000 (Coordinated Universal Time),Tue Sep 01 2026 14:30:00 GMT+0000 (Coordinated Universal Time),Mon Jun 01 2026 13:58:00 GMT+0000 (Coordinated Universal Time),Tue Sep 01 2026 14:30:00 GMT+0000 (Coordinated Universal Time),maintenanceWork,true,bus,,2,1
TfGM,ca61582b-82e3-486a-af1d-bd78ecb5046d,Sun Sep 06 2026 03:00:00 GMT+0000 (Coordinated Universal Time),Sun Sep 06 2026 10:00:00 GMT+0000 (Coordinated Universal Time),Tue Jun 02 2026 17:53:00 GMT+0000 (Coordinated Universal Time),Sun Sep 06 2026 11:00:00 GMT+0000 (Coordinated Universal Time),emergencyEngineeringWork,true,tram,,,28
TfGM,8beafffe-be59-429b-9b2b-9d951c6f2073,Sun Sep 13 2026 02:00:00 GMT+0000 (Coordinated Universal Time),Sun Sep 13 2026 09:00:00 GMT+0000 (Coordinated Universal Time),Fri Jun 26 2026 07:16:00 GMT+0000 (Coordinated Universal Time),Sun Sep 13 2026 10:00:00 GMT+0000 (Coordinated Universal Time),maintenanceWork,true,tram,,,2
TfGM,e569473c-65c9-46e5-9cd3-42e722e15240,Sun Sep 20 2026 02:00:00 GMT+0000 (Coordinated Universal Time),Sun Sep 20 2026 09:00:00 GMT+0000 (Coordinated Universal Time),Fri Jun 26 2026 07:16:00 GMT+0000 (Coordinated Universal Time),Sun Sep 20 2026 10:00:00 GMT+0000 (Coordinated Universal Time),maintenanceWork,true,tram,,,2
TfGM,54c6f77a-cfbd-4d80-a516-9346bbd63714,Sun Oct 11 2026 02:00:00 GMT+0000 (Coordinated Universal Time),Sun Oct 11 2026 09:00:00 GMT+0000 (Coordinated Universal Time),Fri Jun 26 2026 07:16:00 GMT+0000 (Coordinated Universal Time),Sun Oct 11 2026 10:00:00 GMT+0000 (Coordinated Universal Time),maintenanceWork,true,tram,,,2