Name,Status,Date Invite Accepted,Organisation creation date,Date Invited,Last Log-In,Permit Holder,National Operator Codes,Licence Numbers,Number of Licences,Unregistered Services,OTC Registered Services,Out of scope services(exempted),Registered Services in scope(for BODS),Registered Services Published,Compliant Registered Services Published,% Compliant Registered Services Published,Number of School or Works Services,School or Works Services Subsidised,School or Works Services Subsidised In Part,Flexible Registration,Number of Published Services with Valid Operating Dates,Additional Published Services with Future Start Date,Number of Published Timetable Datasets,Number of Published AVL Datafeeds,Number of Published Fare Datasets,% Compliant Published Fare Datasets,Number of Pass Products,Number of Trip Products,% Operator overall AVL to Timetables matching score,Archived matching reports URL
Implementation Test,Active,2020-01-27 17:26:00+00:00,2020-01-27 17:24:07.945458+00:00,2020-01-27 17:25:29.801056+00:00,2026-07-12 08:00:05.174166+00:00,TRUE,bentest;CRTB;IMPTEST;New code;OOOO,PY0000000,1,0.0,0.0,0.0,0.0,0.0,0.0,0.0,0.0,0.0,0.0,0.0,0.0,0.0,0,0,0.0,0.00%,0.0,0.0,,
Transdev,Active,2020-01-29 09:14:06.375139+00:00,2020-01-28 17:11:13.269939+00:00,2020-01-28 17:13:55.924671+00:00,2026-07-02 15:43:05.483589+00:00,TRUE,BPTR;FLYE;HRGT;KDTR;LNUD;ROST;TPEN;YCST,PB0001746;PB0001748;PB0001873;PB2044957;PC0001838;PC0005248;PC0005249,7,83.0,135.0,0.0,135.0,115.0,115.0,85.19%,1.0,0.0,0.0,0.0,1.0,7.0,1,2,2.0,50.00%,2.0,2.0,98.0,https://publish.bus-data.dft.gov.uk/org/2/dataset/ppc-archive/
Cumfybus,Active,2020-11-10 12:28:49.938318+00:00,2020-01-30 11:22:48.394362+00:00,2020-09-22 14:22:54.269849+00:00,2026-07-02 12:47:26.360265+00:00,TRUE,CUBU,PC1015222,1,0.0,19.0,1.0,18.0,10.0,10.0,55.56%,1.0,1.0,0.0,1.0,9.0,0.0,1,1,1.0,100.00%,1.0,1.0,58.0,https://publish.bus-data.dft.gov.uk/org/4/dataset/ppc-archive/
Royal Buses,Active,2020-11-19 15:27:00+00:00,2020-01-30 11:23:51.278156+00:00,2020-12-14 11:10:57.365810+00:00,2026-07-03 06:42:49.422132+00:00,TRUE,ESTW,PH1086607,1,0.0,4.0,0.0,4.0,3.0,3.0,75.00%,0.0,0.0,0.0,0.0,1.0,1.0,1,2,2.0,50.00%,2.0,2.0,0.0,https://publish.bus-data.dft.gov.uk/org/5/dataset/ppc-archive/
Centrebus,Inactive,2020-02-12 14:58:32.317804+00:00,2020-01-30 11:24:49.389200+00:00,2020-02-12 14:57:49.626459+00:00,2026-01-14 14:50:52.354687+00:00,FALSE,1457,,0,0.0,0.0,0.0,0.0,0.0,0.0,0.0,0.0,0.0,0.0,0.0,0.0,0.0,0,0,0.0,0.00%,0.0,0.0,,
Reading Buses,Active,2020-02-17 09:37:44.281255+00:00,2020-01-30 11:25:43.594866+00:00,2020-02-14 17:25:13.062167+00:00,2026-07-09 06:16:37.342106+00:00,TRUE,GLRB;NADS;NEWB;RBUS,PH0005856;PH1108688,2,0.0,64.0,0.0,64.0,42.0,42.0,65.62%,0.0,0.0,0.0,0.0,38.0,4.0,2,1,3.0,100.00%,3.0,3.0,96.0,https://publish.bus-data.dft.gov.uk/org/7/dataset/ppc-archive/
Centrebus Group,Active,2020-01-30 15:48:54.060788+00:00,2020-01-30 11:27:37.822189+00:00,2020-01-30 11:56:18.431140+00:00,2026-07-02 06:32:37.102483+00:00,TRUE,CBBH;CBNL;CRDR;DAGC;HIPK;HULS,PC0001086;PC1090231;PD1128125;PD2049888;PF0002280;PF1056524,6,1.0,188.0,7.0,181.0,171.0,171.0,94.48%,1.0,0.0,0.0,8.0,5.0,4.0,3,3,3.0,66.67%,3.0,3.0,99.0,https://publish.bus-data.dft.gov.uk/org/8/dataset/ppc-archive/
trentbarton,Active,2020-02-20 15:42:48.127303+00:00,2020-01-30 11:28:28.734176+00:00,2020-02-20 15:34:03.741395+00:00,2026-07-07 12:07:18.599771+00:00,TRUE,BRTB;TBTN,PB0002186;PB0002711;PC0001135;PC0003375,4,0.0,34.0,0.0,34.0,34.0,34.0,100.00%,0.0,0.0,0.0,0.0,0.0,4.0,1,1,1.0,100.00%,1.0,1.0,70.0,https://publish.bus-data.dft.gov.uk/org/9/dataset/ppc-archive/
Go-Ahead,Active,2020-01-30 12:05:37.534251+00:00,2020-01-30 11:29:13.683554+00:00,2020-01-30 11:58:09.460144+00:00,2026-07-10 10:19:47.754898+00:00,TRUE,BHBC;BLUS;BTRI;CROP;CSLB;CSSO;DAMY;DBLU;DDIS;ETBU;EYMS;FAST;GAGL;GAHL;GAWY;GNEL;GONW;GOSW;KNCO;LCAG;LGEN;LONC;MBGA;METR;NATI;OEXP;OXBC;PLYC;PROC;PULH;SDMS;SVCT;SWWD;TDTR;TFCN;THTR;TOUR;UNBU;UNIL;WDBC,PB0000328;PB0001398;PB0003954;PB0004318;PC2021320;PF1000671;PF2000726;PH0000135;PH0000153;PH0005727;PH0006008;PH0007184;PH1121126;PK0001213;PK0001816;PK0002125,16,5.0,1125.0,5.0,1120.0,963.0,831.0,74.20%,37.0,6.0,1.0,5.0,300.0,129.0,19,10,11.0,90.91%,11.0,11.0,78.0,https://publish.bus-data.dft.gov.uk/org/10/dataset/ppc-archive/
Mulleys Motorways,Active,2020-11-25 13:07:37.061366+00:00,2020-01-30 11:31:10.440283+00:00,2020-10-16 12:47:20.490612+00:00,2026-07-09 06:16:37.342106+00:00,TRUE,MULM,PF0000070,1,0.0,15.0,0.0,15.0,15.0,15.0,100.00%,1.0,0.0,0.0,0.0,0.0,0.0,1,1,1.0,100.00%,1.0,1.0,94.0,https://publish.bus-data.dft.gov.uk/org/11/dataset/ppc-archive/
Travel Wright,Inactive,2020-02-05 16:20:50.900439+00:00,2020-01-30 11:32:48.127698+00:00,2020-02-05 15:25:13.978660+00:00,2022-04-01 13:29:58.595203+00:00,TRUE,TWGT,PB1028968,1,0.0,0.0,0.0,0.0,0.0,0.0,0.0,0.0,0.0,0.0,0.0,0.0,0.0,0,0,0.0,0.00%,0.0,0.0,,
Stagecoach,Active,2020-02-04 16:10:20.702660+00:00,2020-01-30 11:36:51.598202+00:00,2020-01-30 12:00:12.426199+00:00,2026-07-10 14:02:47.602790+00:00,TRUE,ELBG;SBLB;SCCM;SCCU;SCEK;SCEM;SCFI;SCGL;SCHI;SCMY;SCNE;SCNH;SCOX;SCSO;SDVN;SSWL;STWS;SYRK,PB0000092;PB0001484;PB0001987;PB0002404;PC0002407;PC1033334;PC1118599;PD0000479;PD0001847;PF0000459;PF0001611;PF0007038;PF1118394;PG0006630;PH0005031;PH0005857;PH0005863;PH0005982;PH1020951;PH2086026;PK0000098;PK0001938;PK0002571,23,3.0,1612.0,20.0,1592.0,1566.0,1566.0,98.37%,29.0,3.0,0.0,7.0,335.0,321.0,14,5,27.0,100.00%,27.0,27.0,98.0,https://publish.bus-data.dft.gov.uk/org/15/dataset/ppc-archive/
First Bus,Active,2020-02-05 12:07:44.333852+00:00,2020-01-30 11:39:41.234174+00:00,2020-02-05 12:01:07.876688+00:00,2026-07-10 07:45:48.275839+00:00,TRUE,FABD;FBOS;FBRA;FBRI;FCWL;FCYM;FDOR;FECS;FESX;FGLA;FHAL;FHAM;FHUD;FLDS;FLEI;FMAN;FPOT;FSMR;FSYO;FTVA;FWYO;FYOR;RRAR,PB0000815;PB0001747;PB0002307;PC0003680;PD0000003;PD0000480;PF0000323;PF0000599;PF0007035;PG0000421;PH0000132;PH0004983;PH0006159;PH0007007;PM0000001,15,17.0,718.0,0.0,718.0,596.0,548.0,76.32%,13.0,5.0,0.0,0.0,26.0,269.0,34,12,18.0,55.56%,18.0,18.0,92.0,https://publish.bus-data.dft.gov.uk/org/16/dataset/ppc-archive/
The Green Bus,Inactive,2020-08-07 13:48:04.277228+00:00,2020-01-30 11:44:31.159856+00:00,2020-04-07 11:21:56.438735+00:00,2024-01-08 11:32:19.769397+00:00,TRUE,TGBC;TGTC,PD1050400;PD1090982,2,0.0,0.0,0.0,0.0,0.0,0.0,0.0,0.0,0.0,0.0,0.0,0.0,0.0,3,0,18.0,5.56%,18.0,18.0,,
Ensign Bus,Active,2020-01-30 13:29:25.224545+00:00,2020-01-30 11:45:07.717155+00:00,2020-01-30 12:01:22.662219+00:00,2026-07-08 08:45:40.104616+00:00,TRUE,ENSB,PF0001961,1,0.0,15.0,0.0,15.0,12.0,0.0,0.00%,0.0,0.0,0.0,0.0,5.0,0.0,1,2,1.0,100.00%,1.0,1.0,48.0,https://publish.bus-data.dft.gov.uk/org/18/dataset/ppc-archive/
Stephensons of Essex,Active,2020-02-05 15:31:36.515683+00:00,2020-01-30 11:46:56.805400+00:00,2020-02-05 15:29:36.931119+00:00,2026-07-09 06:16:37.342106+00:00,TRUE,SESX,PF0000454,1,0.0,74.0,0.0,74.0,66.0,66.0,89.19%,1.0,0.0,1.0,0.0,0.0,0.0,1,1,1.0,100.00%,1.0,1.0,95.0,https://publish.bus-data.dft.gov.uk/org/20/dataset/ppc-archive/
Yellow Buses,Inactive,2020-02-06 15:42:26.951910+00:00,2020-01-30 11:47:35.526795+00:00,2020-02-06 15:39:28.808381+00:00,2026-01-14 14:50:52.354687+00:00,TRUE,YELL,PH0005070,1,0.0,0.0,0.0,0.0,0.0,0.0,0.0,0.0,0.0,0.0,0.0,0.0,0.0,0,0,0.0,0.00%,0.0,0.0,,
Uno,Active,2020-02-20 16:45:04.827139+00:00,2020-01-30 11:50:21.178867+00:00,2020-02-20 15:39:56.269375+00:00,2026-07-08 10:01:51.323755+00:00,TRUE,UNIB,PF0001449,1,1.0,8.0,0.0,8.0,8.0,0.0,0.00%,0.0,0.0,0.0,0.0,0.0,1.0,4,1,1.0,100.00%,1.0,1.0,90.0,https://publish.bus-data.dft.gov.uk/org/22/dataset/ppc-archive/
Select Bus Services,Active,2020-07-15 05:45:17.830159+00:00,2020-01-30 11:51:20.508817+00:00,2020-07-14 15:53:33.737407+00:00,2026-04-16 10:28:34.041054+00:00,TRUE,SLBS,pd1098350;PD1098350,2,0.0,25.0,0.0,25.0,23.0,0.0,0.00%,7.0,1.0,3.0,0.0,24.0,0.0,1,1,1.0,0.00%,1.0,1.0,76.0,https://publish.bus-data.dft.gov.uk/org/23/dataset/ppc-archive/
Metroline Travel,Active,2020-10-28 17:02:17.803151+00:00,2020-01-30 11:52:07.261984+00:00,2020-09-22 14:24:11.372279+00:00,2025-02-10 13:00:49.315315+00:00,TRUE,MTLN,PF1040528;PK0002167,2,0.0,6.0,0.0,6.0,3.0,3.0,50.00%,0.0,0.0,0.0,0.0,0.0,0.0,2,1,1.0,0.00%,1.0,1.0,,
Nottingham City Transport,Active,2020-01-30 14:55:39.429256+00:00,2020-01-30 11:52:54.140483+00:00,2020-01-30 12:05:41.628322+00:00,2026-07-07 14:23:37.395428+00:00,TRUE,NCTR,PB0002362,1,0.0,39.0,0.0,39.0,39.0,0.0,0.00%,0.0,0.0,0.0,0.0,38.0,1.0,1,1,1.0,100.00%,1.0,1.0,,
Warrington’s Own Buses,Active,2020-02-05 12:26:19.473008+00:00,2020-02-05 11:34:47.009757+00:00,2020-02-05 11:35:45.157405+00:00,2026-07-06 12:17:43.509277+00:00,TRUE,WBTR,PC0001977,1,7.0,46.0,0.0,46.0,39.0,0.0,0.00%,3.0,2.0,0.0,0.0,20.0,1.0,1,1,1.0,100.00%,1.0,1.0,95.0,https://publish.bus-data.dft.gov.uk/org/26/dataset/ppc-archive/
Abellio London,Active,2020-10-15 08:10:27.300335+00:00,2020-02-13 09:44:43.734278+00:00,2020-10-12 09:40:53.521968+00:00,2026-06-25 14:49:29.132960+00:00,TRUE,ABLO;ABSU,PK0001815;PK0003436,2,1.0,6.0,0.0,6.0,5.0,5.0,83.33%,0.0,0.0,0.0,0.0,0.0,1.0,11,0,1.0,100.00%,1.0,1.0,,
Delaine Buses,Active,2020-02-27 15:25:25.598476+00:00,2020-02-13 09:45:32.349363+00:00,2020-02-27 13:18:34.500271+00:00,2026-07-08 15:03:43.251989+00:00,TRUE,DELA,PF0007016,1,0.0,7.0,0.0,7.0,7.0,7.0,100.00%,0.0,0.0,0.0,0.0,0.0,0.0,1,1,1.0,100.00%,1.0,1.0,80.0,https://publish.bus-data.dft.gov.uk/org/28/dataset/ppc-archive/
Blackpool Transport,Active,2020-02-27 12:22:19.876250+00:00,2020-02-13 09:45:58.293911+00:00,2020-02-27 12:19:49.667990+00:00,2026-07-01 14:51:12.413919+00:00,TRUE,BLAC,PC0001061,1,1.0,17.0,0.0,17.0,17.0,17.0,100.00%,0.0,0.0,0.0,0.0,8.0,0.0,2,1,2.0,50.00%,2.0,2.0,90.0,https://publish.bus-data.dft.gov.uk/org/29/dataset/ppc-archive/
Harrogate Coach Travel Ltd,Active,2020-02-14 09:51:46.381208+00:00,2020-02-13 09:46:18.030107+00:00,2020-02-14 09:12:27.648245+00:00,2026-05-15 13:06:02.354114+00:00,TRUE,HCTY;HGCT;YRRB,PB0004063;PB1003659,2,1.0,18.0,0.0,18.0,17.0,17.0,94.44%,0.0,0.0,0.0,0.0,0.0,0.0,1,1,1.0,100.00%,1.0,1.0,86.0,https://publish.bus-data.dft.gov.uk/org/30/dataset/ppc-archive/
DRM Coaches,Active,2020-02-28 11:40:19.032552+00:00,2020-02-13 09:46:44.259814+00:00,2020-02-28 11:06:39.693695+00:00,2026-06-26 15:50:35.651045+00:00,TRUE,DRMC,PD1073423,1,0.0,7.0,0.0,7.0,7.0,7.0,100.00%,1.0,1.0,0.0,0.0,0.0,0.0,1,1,1.0,100.00%,1.0,1.0,27.0,https://publish.bus-data.dft.gov.uk/org/31/dataset/ppc-archive/
Lynx,Active,2020-02-14 10:11:10.852224+00:00,2020-02-13 09:47:51.029631+00:00,2020-02-14 09:13:19.590568+00:00,2026-07-06 06:21:41.662917+00:00,TRUE,LYNX,PF1131030,1,0.0,20.0,0.0,20.0,17.0,0.0,0.00%,0.0,0.0,0.0,0.0,5.0,0.0,1,1,1.0,100.00%,1.0,1.0,94.0,https://publish.bus-data.dft.gov.uk/org/33/dataset/ppc-archive/
Midland Classic,Active,2021-02-19 15:05:34.916560+00:00,2020-02-13 09:48:11.331363+00:00,2020-11-04 16:39:17.908066+00:00,2026-06-25 14:32:21.483642+00:00,TRUE,MDCL,PD1050801,1,0.0,31.0,1.0,30.0,24.0,0.0,0.00%,0.0,0.0,0.0,1.0,0.0,0.0,1,1,1.0,0.00%,1.0,1.0,92.0,https://publish.bus-data.dft.gov.uk/org/34/dataset/ppc-archive/
Bath Bus Company,Active,2020-03-09 13:31:07.568225+00:00,2020-02-13 09:48:54.088036+00:00,2020-03-06 16:07:07.961510+00:00,2026-07-03 06:42:49.422132+00:00,TRUE,BBCL;CSIT,PH0006633,1,0.0,0.0,0.0,0.0,0.0,0.0,0.0,0.0,0.0,0.0,0.0,0.0,0.0,0,0,0.0,0.00%,0.0,0.0,,
Central Connect (CENL),Pending invite,,2020-02-13 10:22:45.948190+00:00,2021-11-22 16:57:07.462059+00:00,,TRUE,CENL,PD1028090,1,0.0,0.0,0.0,0.0,0.0,0.0,0.0,0.0,0.0,0.0,0.0,0.0,0.0,0,0,0.0,0.00%,0.0,0.0,,
Cuckmere Buses,Active,2020-10-12 15:21:55.231586+00:00,2020-02-13 10:23:06.252578+00:00,2020-10-12 14:30:18.529008+00:00,2026-07-07 15:36:54.714847+00:00,UNKNOWN,CKMR,,0,25.0,0.0,0.0,0.0,0.0,0.0,0.0,0.0,0.0,0.0,0.0,0.0,0.0,1,1,0.0,0.00%,0.0,0.0,,
Britannia Bus,Inactive,2020-12-14 16:37:33.198914+00:00,2020-02-13 10:23:32.455412+00:00,2020-12-14 11:04:55.570715+00:00,2024-02-01 02:23:30.818684+00:00,TRUE,BTNA;MRBU,PF1124300,1,0.0,0.0,0.0,0.0,0.0,0.0,0.0,0.0,0.0,0.0,0.0,0.0,0.0,0,0,0.0,0.00%,0.0,0.0,,
Beestons,Active,2020-05-28 13:51:07.381755+00:00,2020-02-13 10:24:47.359901+00:00,2020-05-27 18:36:54.648233+00:00,2025-11-26 09:42:25.936763+00:00,TRUE,BEES,PF0000003,1,0.0,6.0,0.0,6.0,6.0,6.0,100.00%,5.0,0.0,0.0,0.0,0.0,0.0,1,1,1.0,100.00%,1.0,1.0,63.0,https://publish.bus-data.dft.gov.uk/org/44/dataset/ppc-archive/
Catch22 Bus,Pending invite,,2020-02-13 10:25:05.827786+00:00,2020-02-27 11:49:22.754160+00:00,,TRUE,NWOT,PC1067540,1,0.0,0.0,0.0,0.0,0.0,0.0,0.0,0.0,0.0,0.0,0.0,0.0,0.0,0,0,0.0,0.00%,0.0,0.0,,
Border Bus,Active,2020-11-12 12:20:21.870393+00:00,2020-02-13 10:25:24.682244+00:00,2020-11-12 12:17:32.110701+00:00,2026-06-19 08:38:41.729310+00:00,TRUE,BDRB,PF1125306,1,0.0,24.0,1.0,23.0,22.0,22.0,95.65%,0.0,0.0,0.0,0.0,0.0,5.0,2,1,1.0,100.00%,1.0,1.0,99.0,https://publish.bus-data.dft.gov.uk/org/46/dataset/ppc-archive/
Banga Buses,Active,2020-04-07 11:10:51.504624+00:00,2020-02-13 10:25:43.145198+00:00,2020-04-07 10:51:12.177895+00:00,2026-04-24 12:10:53.514696+00:00,TRUE,BANG;BBSR,PD1078264,1,0.0,6.0,0.0,6.0,4.0,0.0,0.00%,0.0,0.0,0.0,0.0,0.0,0.0,2,1,4.0,50.00%,4.0,4.0,0.0,https://publish.bus-data.dft.gov.uk/org/47/dataset/ppc-archive/
East Yorkshire Motor Services,Inactive,2020-02-14 09:53:24+00:00,2020-02-13 10:26:06.667985+00:00,2020-02-14 09:17:59.886913+00:00,2020-12-11 16:32:34+00:00,UNKNOWN,ey,,0,0.0,0.0,0.0,0.0,0.0,0.0,0.0,0.0,0.0,0.0,0.0,0.0,0.0,0,0,0.0,0.00%,0.0,0.0,,
Ashbourne Little Bus Co,Active,2020-04-25 09:43:54.387356+00:00,2020-03-02 10:50:01.803577+00:00,2020-04-24 13:53:15.415326+00:00,2026-03-25 12:23:20.635993+00:00,TRUE,ACT;ASCT,PC1130621;PD2065112,2,0.0,10.0,6.0,4.0,4.0,4.0,100.00%,0.0,0.0,0.0,6.0,1.0,0.0,2,1,2.0,100.00%,2.0,2.0,100.0,https://publish.bus-data.dft.gov.uk/org/49/dataset/ppc-archive/
A & M Group - Flexibus,Active,2020-05-28 07:57:25.251913+00:00,2020-03-02 10:52:20.310857+00:00,2020-05-27 18:38:09.865976+00:00,2026-07-09 06:16:37.342106+00:00,TRUE,AAMG;AMGR;AMMG,PD0001892,1,0.0,31.0,0.0,31.0,31.0,31.0,100.00%,0.0,0.0,0.0,0.0,0.0,0.0,2,1,2.0,100.00%,2.0,2.0,100.0,https://publish.bus-data.dft.gov.uk/org/50/dataset/ppc-archive/
Coniston Coaches,Pending invite,,2020-03-02 10:52:57.677147+00:00,2020-12-14 11:05:24.703978+00:00,,TRUE,CONI,PD0001933,1,0.0,0.0,0.0,0.0,0.0,0.0,0.0,0.0,0.0,0.0,0.0,0.0,0.0,0,0,0.0,0.00%,0.0,0.0,,
Rotala Group of Companies,Active,2020-04-07 13:44:13.776507+00:00,2020-03-02 10:53:15.506469+00:00,2020-04-07 10:54:01.996406+00:00,2026-06-19 13:56:50.303262+00:00,TRUE,DIAM;GTRI;PBLT;WNGS,PC0001777;PC0004417;PD0001374;PH2019421;PK1135862,5,17.0,87.0,1.0,86.0,71.0,27.0,31.40%,1.0,0.0,0.0,1.0,1.0,5.0,3,4,4.0,100.00%,4.0,4.0,87.0,https://publish.bus-data.dft.gov.uk/org/53/dataset/ppc-archive/
High Peak,Inactive,2020-07-06 12:09:55.954417+00:00,2020-03-02 10:53:29.628354+00:00,2020-04-07 10:54:47.792714+00:00,2024-01-23 16:04:26.801458+00:00,FALSE,6745,,0,0.0,0.0,0.0,0.0,0.0,0.0,0.0,0.0,0.0,0.0,0.0,0.0,0.0,0,0,0.0,0.00%,0.0,0.0,,
Notts & Derby Buses,Inactive,2020-11-24 09:05:36.267889+00:00,2020-03-02 10:53:43.804233+00:00,2020-08-04 14:29:48.435355+00:00,2021-08-02 10:46:53.806116+00:00,FALSE,11,,0,0.0,0.0,0.0,0.0,0.0,0.0,0.0,0.0,0.0,0.0,0.0,0.0,0.0,0,0,0.0,0.00%,0.0,0.0,,
Stantons of Stoke,Active,2020-11-23 12:22:41.943843+00:00,2020-03-02 10:54:15.403566+00:00,2020-11-23 12:20:25.500530+00:00,2026-07-09 06:16:37.342106+00:00,TRUE,SOST,PD1126532,1,0.0,14.0,0.0,14.0,9.0,0.0,0.00%,1.0,1.0,0.0,0.0,0.0,0.0,1,1,2.0,50.00%,2.0,2.0,58.0,https://publish.bus-data.dft.gov.uk/org/57/dataset/ppc-archive/
Taxico (Aimee's),Active,2020-03-03 11:58:57.836674+00:00,2020-03-02 10:54:33.157915+00:00,2020-03-02 10:59:04.546413+00:00,2026-07-09 06:16:37.342106+00:00,TRUE,GAGS;TXCO,PD0001341,1,0.0,10.0,0.0,10.0,8.0,8.0,80.00%,0.0,0.0,0.0,0.0,0.0,0.0,1,1,1.0,100.00%,1.0,1.0,85.0,https://publish.bus-data.dft.gov.uk/org/58/dataset/ppc-archive/
Hulleys of Baslow,Inactive,2020-03-02 11:04:39.661493+00:00,2020-03-02 10:54:51.844099+00:00,2020-03-02 10:59:37.583881+00:00,2025-03-31 10:28:09.652959+00:00,TRUE,XXXX,PC0003407,1,0.0,0.0,0.0,0.0,0.0,0.0,0.0,0.0,0.0,0.0,0.0,0.0,0.0,1,0,0.0,0.00%,0.0,0.0,,
National Express West Midlands,Active,2020-03-04 09:53:28.199815+00:00,2020-03-04 09:48:07.657942+00:00,2020-03-04 09:49:49.841859+00:00,2026-07-10 10:58:06.529218+00:00,TRUE,TCVW;TNXB,PD0001111,1,0.0,26.0,4.0,22.0,23.0,23.0,104.55%,1.0,1.0,0.0,0.0,1.0,62.0,3,1,16.0,100.00%,16.0,16.0,98.0,https://publish.bus-data.dft.gov.uk/org/62/dataset/ppc-archive/
Arriva UK Bus,Active,2020-03-31 10:59:35.743890+00:00,2020-03-27 18:28:47.351171+00:00,2020-03-31 10:57:49+00:00,2026-07-10 12:12:27.610019+00:00,TRUE,ACYM;ADER;AFCL;AKSS;ALIV;ALNO;ALSO;AMAN;AMID;AMNO;AMSY;AMTM;AMTN;ANEA;ANUM;ANWE;APBB;ARBB;ARDU;ARHE;ARVA;ASCN;ASES;ASOU;ASWS;AVCH;AVLO;CBLL;GBAK;GLAH;GLAR;GLNK;GLTB;GLTG;GRLN;HBSY;HINB;HUDB;MKMT;NECO;NETH;TGMS;WRAY;YTIG,PB0000582;PB0002032;PB0002717;PB1078487;PC0001141;PC0002598;PC1116467;PD0000478;PF0000508;PF0007085;PF1116442;PF1144582;PG0007245;PK0000208;PK0001285;PK0002084;PK0002261,17,5.0,563.0,0.0,563.0,524.0,403.0,71.58%,0.0,0.0,0.0,0.0,58.0,26.0,13,8,11.0,100.00%,11.0,11.0,97.0,https://publish.bus-data.dft.gov.uk/org/63/dataset/ppc-archive/
Hattons Transport Ltd,Active,2020-09-23 08:10:11.810821+00:00,2020-04-21 12:42:50.625807+00:00,2020-09-22 14:23:35+00:00,2026-07-02 12:47:26.360265+00:00,TRUE,HATT,PC1144732,1,0.0,17.0,0.0,17.0,17.0,17.0,100.00%,0.0,0.0,0.0,0.0,9.0,0.0,1,1,2.0,100.00%,2.0,2.0,46.0,https://publish.bus-data.dft.gov.uk/org/64/dataset/ppc-archive/
Country Bus,Active,2020-04-21 13:30:29.893678+00:00,2020-04-21 13:22:05.058096+00:00,2020-04-21 13:22:05+00:00,2026-07-03 06:42:49.422132+00:00,TRUE,CNTY,PH1017984,1,0.0,31.0,0.0,31.0,30.0,30.0,96.77%,0.0,0.0,0.0,0.0,2.0,1.0,1,1,1.0,0.00%,1.0,1.0,36.0,https://publish.bus-data.dft.gov.uk/org/65/dataset/ppc-archive/
Dartline Coaches,Active,2020-04-27 07:24:53.954501+00:00,2020-04-24 13:29:47.909290+00:00,2020-04-24 13:29:48+00:00,2026-07-08 10:01:51.323755+00:00,TRUE,DTCO,PH0005305,1,0.0,46.0,0.0,46.0,42.0,42.0,91.30%,6.0,0.0,0.0,0.0,0.0,1.0,1,1,1.0,0.00%,1.0,1.0,,
NIBSbuses Limited,Active,2020-04-24 14:42:41.116705+00:00,2020-04-24 14:01:42.971385+00:00,2020-04-24 14:01:43+00:00,2026-07-09 06:16:37.342106+00:00,TRUE,NIBS,PF0006113,1,0.0,22.0,0.0,22.0,22.0,22.0,100.00%,0.0,0.0,0.0,0.0,0.0,0.0,1,1,1.0,100.00%,1.0,1.0,91.0,https://publish.bus-data.dft.gov.uk/org/67/dataset/ppc-archive/
Citistar limited,Inactive,2020-04-28 20:55:47.132008+00:00,2020-04-28 08:30:05.401156+00:00,2020-04-28 08:30:05+00:00,2022-11-04 20:58:54.557896+00:00,TRUE,NCSL,PH1091486,1,0.0,0.0,0.0,0.0,0.0,0.0,0.0,0.0,0.0,0.0,0.0,0.0,0.0,0,0,0.0,0.00%,0.0,0.0,,
TM Travel Ltd,Active,2020-04-28 09:42:03.466351+00:00,2020-04-28 09:28:37.124374+00:00,2020-04-28 09:28:37+00:00,2026-07-07 11:09:13.029409+00:00,TRUE,TMTL,PB1088444,1,0.0,22.0,0.0,22.0,22.0,22.0,100.00%,0.0,0.0,0.0,0.0,3.0,4.0,1,1,1.0,100.00%,1.0,1.0,86.0,https://publish.bus-data.dft.gov.uk/org/69/dataset/ppc-archive/
Nick Maddy Coaches,Active,2020-06-16 10:13:07+00:00,2020-05-18 14:15:34.280231+00:00,2020-07-07 16:51:31.086109+00:00,2025-02-19 15:54:36.286394+00:00,TRUE,NMCO,PD1131858,1,0.0,15.0,0.0,15.0,14.0,0.0,0.00%,2.0,1.0,0.0,0.0,2.0,0.0,2,1,1.0,100.00%,1.0,1.0,22.0,https://publish.bus-data.dft.gov.uk/org/70/dataset/ppc-archive/
WNCT LTD,Active,2020-05-18 14:26:55.350622+00:00,2020-05-18 14:16:43.723038+00:00,2020-05-18 14:16:44.528855+00:00,2026-07-10 16:42:54.863583+00:00,TRUE,WNCT,PF2013353,1,0.0,13.0,0.0,13.0,13.0,13.0,100.00%,0.0,0.0,0.0,0.0,0.0,0.0,1,1,1.0,100.00%,1.0,1.0,100.0,https://publish.bus-data.dft.gov.uk/org/71/dataset/ppc-archive/
Nottingham County Council,Active,2025-06-02 13:19:35+00:00,2020-05-20 12:47:10.228478+00:00,2020-06-03 15:43:29.357088+00:00,2026-04-28 15:41:08.062640+00:00,TRUE,NOTB,PB1071529,1,14.0,0.0,0.0,0.0,0.0,0.0,0.0,0.0,0.0,0.0,0.0,9.0,0.0,1,1,0.0,0.00%,0.0,0.0,,
Notts & Derby Traction Co. Limited,Active,2020-05-22 10:45:57.512261+00:00,2020-05-21 11:39:48.291247+00:00,2020-05-21 11:39:48+00:00,2026-07-09 13:49:27.131942+00:00,TRUE,NDTR,PC0004218,1,0.0,27.0,0.0,27.0,27.0,27.0,100.00%,0.0,0.0,0.0,0.0,0.0,2.0,1,2,2.0,100.00%,2.0,2.0,88.0,https://publish.bus-data.dft.gov.uk/org/74/dataset/ppc-archive/
Craig of Campbeltown Ltd,Active,2020-05-21 12:13:23.876874+00:00,2020-05-21 12:07:28.409266+00:00,2020-05-21 12:07:28+00:00,2026-03-23 09:08:53.476980+00:00,TRUE,BORD;PERY,PB1082425;PM1121403,2,0.0,38.0,0.0,38.0,11.0,11.0,28.95%,0.0,0.0,0.0,0.0,0.0,0.0,11,2,1.0,100.00%,1.0,1.0,18.0,https://publish.bus-data.dft.gov.uk/org/76/dataset/ppc-archive/
Holmeswood Coaches Ltd,Active,2020-06-10 10:38:06.602736+00:00,2020-06-10 09:34:48.949095+00:00,2020-06-10 09:34:49+00:00,2026-07-07 09:19:28.537968+00:00,TRUE,HWCO,PC0001439,1,0.0,21.0,17.0,4.0,2.0,2.0,50.00%,17.0,13.0,0.0,0.0,0.0,0.0,1,2,1.0,0.00%,1.0,1.0,39.0,https://publish.bus-data.dft.gov.uk/org/77/dataset/ppc-archive/
Hams Travel,Active,2020-11-17 13:10:17+00:00,2020-06-10 14:52:50.822545+00:00,2021-03-04 08:09:20.187484+00:00,2026-07-07 16:00:46.178073+00:00,TRUE,HAMS,PK0002776,1,0.0,34.0,0.0,34.0,22.0,22.0,64.71%,11.0,6.0,0.0,0.0,0.0,0.0,1,1,1.0,100.00%,1.0,1.0,56.0,https://publish.bus-data.dft.gov.uk/org/78/dataset/ppc-archive/
Regent Coaches,Active,2020-12-16 14:07:04.271031+00:00,2020-06-10 15:07:32.583988+00:00,2020-12-14 11:10:49.380829+00:00,2026-02-06 11:45:58.606619+00:00,TRUE,RGNT,PK0001274,1,0.0,12.0,0.0,12.0,10.0,0.0,0.00%,1.0,1.0,0.0,0.0,3.0,0.0,1,1,1.0,100.00%,1.0,1.0,98.0,https://publish.bus-data.dft.gov.uk/org/82/dataset/ppc-archive/
Faresaver Buses,Active,2020-06-11 12:00:50.636348+00:00,2020-06-11 10:41:31.342263+00:00,2020-06-11 10:53:27.394412+00:00,2026-07-03 06:42:49.422132+00:00,TRUE,FOSS;FSRV,PH2023619,1,0.0,31.0,0.0,31.0,30.0,30.0,96.77%,1.0,1.0,0.0,0.0,6.0,0.0,1,1,1.0,100.00%,1.0,1.0,92.0,https://publish.bus-data.dft.gov.uk/org/86/dataset/ppc-archive/
Richmonds Coaches,Active,2020-06-15 18:15:20.623064+00:00,2020-06-15 17:52:08.331930+00:00,2020-06-15 17:52:09+00:00,2026-03-24 11:41:27.510177+00:00,TRUE,RCHC,PF0006139,1,0.0,1.0,0.0,1.0,0.0,0.0,0.00%,0.0,0.0,0.0,0.0,1.0,0.0,1,1,1.0,100.00%,1.0,1.0,43.0,https://publish.bus-data.dft.gov.uk/org/87/dataset/ppc-archive/
Amvale Coaches,Inactive,2020-09-23 10:29:09.928422+00:00,2020-07-06 10:19:30.432761+00:00,2020-09-22 14:18:03.569285+00:00,2020-12-22 10:53:26.554175+00:00,TRUE,AMVA,PB0003906;PF0002229,2,0.0,0.0,0.0,0.0,0.0,0.0,0.0,0.0,0.0,0.0,0.0,0.0,0.0,0,0,0.0,0.00%,0.0,0.0,,
Brylaine Travel,Active,2020-09-22 14:46:20.251554+00:00,2020-07-06 10:20:54.432570+00:00,2020-09-22 14:22:37.715155+00:00,2026-07-10 13:10:00.049877+00:00,TRUE,BRYL,PF0002466,1,0.0,25.0,0.0,25.0,25.0,25.0,100.00%,0.0,0.0,0.0,0.0,3.0,2.0,25,1,1.0,100.00%,1.0,1.0,91.0,https://publish.bus-data.dft.gov.uk/org/89/dataset/ppc-archive/
Coach Langtoft,Inactive,2020-08-05 13:20:35.019480+00:00,2020-07-06 10:21:45.689717+00:00,2020-08-05 07:07:15.258675+00:00,2021-12-23 10:30:57.079290+00:00,TRUE,CRLY;LANT,PF1057829,1,0.0,0.0,0.0,0.0,0.0,0.0,0.0,0.0,0.0,0.0,0.0,0.0,0.0,0,0,0.0,0.00%,0.0,0.0,,
Cropley Coaches,Pending invite,,2020-07-06 10:22:18.299949+00:00,2023-06-14 09:26:29.323537+00:00,,TRUE,CRPL,PF0007136,1,0.0,0.0,0.0,0.0,0.0,0.0,0.0,0.0,0.0,0.0,0.0,0.0,0.0,0,0,0.0,0.00%,0.0,0.0,,
Dents Coaches,Active,2020-11-18 15:39:27+00:00,2020-07-06 10:23:23.133033+00:00,2020-11-16 23:44:22.009274+00:00,2026-07-10 13:10:00.049877+00:00,TRUE,DENN,PF0002053,1,0.0,1.0,0.0,1.0,1.0,1.0,100.00%,1.0,1.0,0.0,0.0,0.0,0.0,1,1,0.0,0.00%,0.0,0.0,100.0,https://publish.bus-data.dft.gov.uk/org/92/dataset/ppc-archive/
Dickinsons Coaches,Active,2020-07-08 08:20:13.689484+00:00,2020-07-06 10:23:56.882985+00:00,2020-07-06 10:23:57.112785+00:00,2026-07-10 13:10:00.049877+00:00,TRUE,DIKI,PF2019582,1,0.0,0.0,0.0,0.0,0.0,0.0,0.0,0.0,0.0,0.0,0.0,0.0,0.0,0,0,0.0,0.00%,0.0,0.0,,
Fowlers Travel,Active,2020-08-05 10:50:10.498700+00:00,2020-07-06 10:24:22.800222+00:00,2020-08-05 07:08:57.240330+00:00,2026-07-10 13:10:00.049877+00:00,TRUE,FOWT,PF0007109,1,0.0,3.0,0.0,3.0,3.0,3.0,100.00%,0.0,0.0,0.0,0.0,2.0,0.0,3,1,1.0,100.00%,1.0,1.0,100.0,https://publish.bus-data.dft.gov.uk/org/94/dataset/ppc-archive/
GDS Travel,Inactive,2020-07-07 13:05:53.184209+00:00,2020-07-06 10:24:52.812379+00:00,2020-07-06 10:24:53.026311+00:00,2020-12-17 09:27:57.235032+00:00,TRUE,GDST,PF1147094,1,0.0,0.0,0.0,0.0,0.0,0.0,0.0,0.0,0.0,0.0,0.0,0.0,0.0,0,0,0.0,0.00%,0.0,0.0,,
Grayscroft Coaches,Active,2020-07-06 11:57:57.390137+00:00,2020-07-06 10:25:17.948095+00:00,2020-07-06 10:25:18.170526+00:00,2026-07-10 13:10:00.049877+00:00,TRUE,GRYC,PF0007024,1,0.0,9.0,0.0,9.0,8.0,8.0,88.89%,1.0,0.0,0.0,0.0,0.0,1.0,8,1,1.0,0.00%,1.0,1.0,87.0,https://publish.bus-data.dft.gov.uk/org/96/dataset/ppc-archive/
Phil Haines Coaches,Active,2020-07-07 09:11:50.686171+00:00,2020-07-06 10:25:43.099515+00:00,2020-07-06 10:25:43.324900+00:00,2026-07-10 13:10:00.049877+00:00,TRUE,HAIN,PF1135558,1,0.0,2.0,0.0,2.0,2.0,2.0,100.00%,0.0,0.0,0.0,0.0,0.0,0.0,2,1,1.0,0.00%,1.0,1.0,0.0,https://publish.bus-data.dft.gov.uk/org/97/dataset/ppc-archive/
Hunts Coaches,Active,2020-07-07 07:19:48.940530+00:00,2020-07-06 10:26:07.958870+00:00,2020-07-06 10:26:08.163477+00:00,2026-07-10 13:10:00.049877+00:00,TRUE,HNTC,PF0007028,1,0.0,4.0,1.0,3.0,4.0,4.0,133.33%,1.0,1.0,0.0,1.0,0.0,0.0,4,1,1.0,0.00%,1.0,1.0,70.0,https://publish.bus-data.dft.gov.uk/org/98/dataset/ppc-archive/
Bland's (Rutland) Ltd,Active,2020-11-18 15:39:27+00:00,2020-07-06 10:27:57.478029+00:00,2020-11-30 11:37:25.133801+00:00,2026-07-10 13:10:00.049877+00:00,TRUE,MBTR,PF1021234,1,0.0,20.0,0.0,20.0,19.0,19.0,95.00%,0.0,0.0,0.0,0.0,0.0,0.0,8,1,71.0,2.82%,71.0,71.0,95.0,https://publish.bus-data.dft.gov.uk/org/99/dataset/ppc-archive/
PC Coaches of Lincoln,Active,2020-07-06 10:35:08.627903+00:00,2020-07-06 10:30:02.172436+00:00,2020-07-06 10:30:02.411022+00:00,2026-07-10 13:10:00.049877+00:00,TRUE,PCCO,PF0002252,1,0.0,44.0,1.0,43.0,44.0,44.0,102.33%,0.0,0.0,0.0,0.0,2.0,1.0,45,1,1.0,100.00%,1.0,1.0,52.0,https://publish.bus-data.dft.gov.uk/org/100/dataset/ppc-archive/
Sleafordian,Active,2020-07-06 10:48:59.346848+00:00,2020-07-06 10:30:39.761563+00:00,2020-07-06 10:30:39.968238+00:00,2026-07-10 13:10:00.049877+00:00,TRUE,SLEA,PF0007062,1,0.0,22.0,0.0,22.0,22.0,22.0,100.00%,1.0,0.0,1.0,0.0,0.0,0.0,22,1,1.0,100.00%,1.0,1.0,95.0,https://publish.bus-data.dft.gov.uk/org/101/dataset/ppc-archive/
Transport Connect,Active,2020-07-07 08:45:04.820758+00:00,2020-07-06 10:31:14.165140+00:00,2020-07-06 11:19:23.034499+00:00,2026-07-10 13:10:00.049877+00:00,TRUE,TCNT,PF1146003,1,0.0,49.0,39.0,10.0,42.0,42.0,420.00%,0.0,0.0,0.0,40.0,0.0,0.0,42,1,1.0,0.00%,1.0,1.0,40.0,https://publish.bus-data.dft.gov.uk/org/102/dataset/ppc-archive/
TC Minicoaches,Inactive,2020-11-24 12:37:41.612178+00:00,2020-07-06 10:31:40.485382+00:00,2020-11-23 12:21:09.273089+00:00,2023-02-24 12:01:48.517755+00:00,TRUE,TCMC,PF1014434,1,0.0,0.0,0.0,0.0,0.0,0.0,0.0,0.0,0.0,0.0,0.0,0.0,0.0,0,0,0.0,0.00%,0.0,0.0,,
AC Williams,Active,2020-07-08 09:06:30.239948+00:00,2020-07-06 10:34:25.358901+00:00,2020-07-06 10:34:25.575882+00:00,2026-07-10 13:10:00.049877+00:00,TRUE,WMSA,PF1109063,1,0.0,1.0,0.0,1.0,1.0,1.0,100.00%,0.0,0.0,0.0,0.0,0.0,0.0,1,1,4.0,50.00%,4.0,4.0,0.0,https://publish.bus-data.dft.gov.uk/org/104/dataset/ppc-archive/
Cogenhoe and Whiston Parish Council,Active,2020-07-06 12:26:50.622400+00:00,2020-07-06 10:36:08.503180+00:00,2020-07-06 10:36:08.715130+00:00,2026-01-22 17:45:34.012957+00:00,FALSE,CWPC,,0,1.0,0.0,0.0,0.0,0.0,0.0,0.0,0.0,0.0,0.0,0.0,0.0,0.0,1,0,0.0,0.00%,0.0,0.0,,
Expresslines,Inactive,2020-07-08 11:28:08.781797+00:00,2020-07-06 10:36:49.648284+00:00,2020-07-06 10:36:49.848418+00:00,2022-04-27 15:45:54.968065+00:00,TRUE,EXLN,PF0000259,1,0.0,0.0,0.0,0.0,0.0,0.0,0.0,0.0,0.0,0.0,0.0,0.0,0.0,0,0,0.0,0.00%,0.0,0.0,,
Gayton and Tiffield Community Minibus,Inactive,2020-07-07 14:34:04.847341+00:00,2020-07-06 10:37:13.885050+00:00,2020-07-06 10:37:14.089055+00:00,2020-07-07 14:34:04.903481+00:00,FALSE,GTCB,,0,0.0,0.0,0.0,0.0,0.0,0.0,0.0,0.0,0.0,0.0,0.0,0.0,0.0,0,0,0.0,0.00%,0.0,0.0,,
Grant Palmer,Active,2020-07-07 08:54:24.461129+00:00,2020-07-06 10:37:39.887554+00:00,2020-07-06 10:37:40.085380+00:00,2026-04-17 13:29:24.325826+00:00,TRUE,GPLM,PF1099732,1,0.0,20.0,0.0,20.0,1.0,0.0,0.00%,1.0,0.0,0.0,0.0,1.0,0.0,1,1,1.0,0.00%,1.0,1.0,0.0,https://publish.bus-data.dft.gov.uk/org/108/dataset/ppc-archive/
Hamilton's Coaches,Inactive,2020-11-17 09:15:19.348730+00:00,2020-07-06 10:38:03.025185+00:00,2020-11-16 23:44:52.575751+00:00,2020-11-24 10:12:31.831183+00:00,TRUE,HBCO,PF1019729,1,0.0,0.0,0.0,0.0,0.0,0.0,0.0,0.0,0.0,0.0,0.0,0.0,0.0,0,0,0.0,0.00%,0.0,0.0,,
Lawson's of Corby,Active,2020-07-08 09:04:18.507917+00:00,2020-07-06 10:38:39.290930+00:00,2020-07-06 10:38:39.498658+00:00,2026-06-18 12:51:59.618652+00:00,TRUE,LAWS,PF1129415,1,0.0,5.0,0.0,5.0,5.0,5.0,100.00%,0.0,0.0,0.0,0.0,0.0,0.0,1,1,1.0,100.00%,1.0,1.0,,
Lilbourne Community Minibus,Active,2025-06-17 16:50:17+00:00,2020-07-06 11:06:26.994235+00:00,2021-08-18 13:50:42.322874+00:00,2025-11-10 13:00:38.586738+00:00,UNKNOWN,LCMB,,0,0.0,0.0,0.0,0.0,0.0,0.0,0.0,0.0,0.0,0.0,0.0,0.0,0.0,0,0,0.0,0.00%,0.0,0.0,,
Redline Buses,Active,2020-09-22 15:11:12.356378+00:00,2020-07-06 11:06:59.566563+00:00,2020-09-22 14:24:42.895990+00:00,2026-01-04 10:19:35.807734+00:00,TRUE,RLNE,PF1127875,1,0.0,12.0,0.0,12.0,12.0,0.0,0.00%,0.0,0.0,0.0,0.0,0.0,0.0,1,1,1.0,100.00%,1.0,1.0,63.0,https://publish.bus-data.dft.gov.uk/org/112/dataset/ppc-archive/
Rushton Community Minibus,Active,2024-09-06 13:42:43.389617+00:00,2020-07-06 11:07:47.309559+00:00,2021-08-18 13:50:57.943490+00:00,2024-09-06 13:42:43.596595+00:00,UNKNOWN,RCMB,,0,0.0,0.0,0.0,0.0,0.0,0.0,0.0,0.0,0.0,0.0,0.0,0.0,0.0,0,0,0.0,0.00%,0.0,0.0,,
Whippet Coaches,Active,2020-07-06 18:15:01.036868+00:00,2020-07-06 11:09:48.838632+00:00,2020-07-06 11:09:49.034353+00:00,2026-07-03 09:31:37.284103+00:00,TRUE,WHIP,PF0000108,1,0.0,8.0,0.0,8.0,7.0,0.0,0.00%,0.0,0.0,0.0,1.0,1.0,0.0,1,1,1.0,100.00%,1.0,1.0,92.0,https://publish.bus-data.dft.gov.uk/org/114/dataset/ppc-archive/
Z&S Transport,Active,2020-07-06 11:13:56.271186+00:00,2020-07-06 11:10:16.026859+00:00,2020-07-06 11:10:16.232848+00:00,2026-07-09 06:16:37.342106+00:00,TRUE,ZSIN,PF1121128,1,0.0,14.0,0.0,14.0,14.0,14.0,100.00%,0.0,0.0,0.0,0.0,0.0,0.0,1,1,1.0,100.00%,1.0,1.0,88.0,https://publish.bus-data.dft.gov.uk/org/115/dataset/ppc-archive/
Arrow Taxi,Inactive,2020-12-14 16:43:10.096428+00:00,2020-07-06 11:23:07.955155+00:00,2020-12-14 16:42:20.135641+00:00,2024-04-23 15:52:58.778040+00:00,TRUE,ARWT,PF1101905;PF2024934,2,0.0,1.0,1.0,0.0,0.0,0.0,0.0,0.0,0.0,0.0,0.0,0.0,0.0,0,0,0.0,0.00%,0.0,0.0,,
Basildon Community Transport,Pending invite,,2020-07-06 11:23:42.331771+00:00,2021-08-18 13:49:31.064746+00:00,,UNKNOWN,BDVC,,0,0.0,0.0,0.0,0.0,0.0,0.0,0.0,0.0,0.0,0.0,0.0,0.0,0.0,0,0,0.0,0.00%,0.0,0.0,,
Braintree Community Transport,Pending invite,,2020-07-06 11:32:36.528860+00:00,2021-08-18 13:49:31.875866+00:00,,UNKNOWN,BCMT,,0,0.0,0.0,0.0,0.0,0.0,0.0,0.0,0.0,0.0,0.0,0.0,0.0,0.0,0,0,0.0,0.00%,0.0,0.0,,
C G Myall & Son,Active,2020-07-08 18:29:21.544117+00:00,2020-07-06 11:38:15.672390+00:00,2020-07-06 11:38:15.877180+00:00,2026-06-22 10:46:31.004847+00:00,TRUE,MYAL,PF0000071,1,0.0,3.0,0.0,3.0,3.0,3.0,100.00%,0.0,0.0,0.0,0.0,0.0,0.0,1,1,4.0,100.00%,4.0,4.0,66.0,https://publish.bus-data.dft.gov.uk/org/119/dataset/ppc-archive/
Carters Heritage Buses,Pending invite,,2020-07-06 11:39:08.257080+00:00,2021-08-18 13:49:54.847448+00:00,,TRUE,CHBL,PF1119806,1,0.0,0.0,0.0,0.0,0.0,0.0,0.0,0.0,0.0,0.0,0.0,0.0,0.0,0,0,0.0,0.00%,0.0,0.0,,
Coggeshall Community Bus,Pending invite,,2020-07-06 11:41:27.243440+00:00,2021-08-18 13:49:55.237505+00:00,,UNKNOWN,CGCB,,0,0.0,0.0,0.0,0.0,0.0,0.0,0.0,0.0,0.0,0.0,0.0,0.0,0.0,0,0,0.0,0.00%,0.0,0.0,,
Epping Forest Community Transport,Inactive,2021-05-26 08:20:44.154645+00:00,2020-07-06 11:42:40.169480+00:00,2021-05-25 12:00:04.517767+00:00,2021-05-26 08:20:44.212118+00:00,UNKNOWN,EFCT,,0,0.0,0.0,0.0,0.0,0.0,0.0,0.0,0.0,0.0,0.0,0.0,0.0,0.0,0,0,0.0,0.00%,0.0,0.0,,
Flagfinders,Inactive,2020-07-06 13:05:15.187036+00:00,2020-07-06 11:43:50.954830+00:00,2020-07-06 11:43:51.160730+00:00,2025-10-16 15:39:21.535240+00:00,FALSE,N/A,,0,0.0,0.0,0.0,0.0,0.0,0.0,0.0,0.0,0.0,0.0,0.0,0.0,0.0,0,1,4.0,75.00%,4.0,4.0,,
Fords Coaches,Active,2020-09-23 06:44:26.407979+00:00,2020-07-06 11:44:24.465058+00:00,2020-09-22 14:23:22.677083+00:00,2026-06-22 10:46:31.004847+00:00,TRUE,FRDS,PF2066718,1,0.0,11.0,0.0,11.0,11.0,11.0,100.00%,1.0,1.0,0.0,0.0,0.0,0.0,1,1,1.0,100.00%,1.0,1.0,0.0,https://publish.bus-data.dft.gov.uk/org/124/dataset/ppc-archive/
Galleon Travel (trading as Trustybus/Central Connect),Inactive,2020-12-10 12:02:50+00:00,2020-07-06 11:45:17.084594+00:00,2020-12-18 20:49:46.961607+00:00,2025-12-11 10:01:30.230627+00:00,TRUE,GLLN,PF0000000,1,0.0,0.0,0.0,0.0,0.0,0.0,0.0,0.0,0.0,0.0,0.0,0.0,0.0,0,0,0.0,0.00%,0.0,0.0,,
Harwich Connexions,Inactive,2020-11-18 09:14:59.423772+00:00,2020-07-06 11:45:49.067581+00:00,2020-11-18 09:13:34.086888+00:00,2020-11-18 09:14:59.466991+00:00,UNKNOWN,HRWX,,0,0.0,0.0,0.0,0.0,0.0,0.0,0.0,0.0,0.0,0.0,0.0,0.0,0.0,0,0,0.0,0.00%,0.0,0.0,,
Ipswich Buses,Active,2020-07-08 12:43:59.052562+00:00,2020-07-06 11:47:19.077230+00:00,2020-07-06 11:47:19.280933+00:00,2026-04-14 09:38:25.779253+00:00,TRUE,IPSW,PF0000147,1,0.0,32.0,0.0,32.0,32.0,32.0,100.00%,0.0,0.0,0.0,0.0,32.0,0.0,1,1,1.0,100.00%,1.0,1.0,96.0,https://publish.bus-data.dft.gov.uk/org/127/dataset/ppc-archive/
JW Lodge & Sons,Active,2020-11-17 15:41:40.505790+00:00,2020-07-06 11:47:48.715441+00:00,2020-11-16 23:45:11.070191+00:00,2026-06-22 10:46:31.004847+00:00,TRUE,LODG,PF0000152,1,0.0,5.0,0.0,5.0,1.0,1.0,20.00%,0.0,0.0,0.0,0.0,0.0,0.0,1,1,1.0,100.00%,1.0,1.0,,
London Vintage Bus Hire (trading as The London Bus Company),Active,2020-11-23 13:54:36.424064+00:00,2020-07-06 11:49:14.842533+00:00,2020-11-23 12:17:31.209696+00:00,2024-04-02 14:14:56.498671+00:00,TRUE,LVBH,PF1144774,1,0.0,2.0,0.0,2.0,1.0,1.0,50.00%,0.0,0.0,0.0,0.0,1.0,0.0,1,1,1.0,100.00%,1.0,1.0,0.0,https://publish.bus-data.dft.gov.uk/org/130/dataset/ppc-archive/
New Horizon Travel,Inactive,2020-11-12 09:11:13.202498+00:00,2020-07-06 11:50:51.644696+00:00,2020-11-10 14:57:52.446301+00:00,2021-07-27 06:45:51.410154+00:00,TRUE,NHZN,PF0001866,1,0.0,0.0,0.0,0.0,0.0,0.0,0.0,0.0,0.0,0.0,0.0,0.0,0.0,0,0,0.0,0.00%,0.0,0.0,,
Panther Travel,Active,2020-07-08 09:18:42.031046+00:00,2020-07-06 11:51:46.527507+00:00,2020-07-06 11:51:46.730130+00:00,2022-08-22 15:16:30.343941+00:00,TRUE,PNTR,PF1095649,1,0.0,0.0,0.0,0.0,0.0,0.0,0.0,0.0,0.0,0.0,0.0,0.0,0.0,0,1,12.0,0.00%,12.0,12.0,,
Tendring Community Transport,Active,2020-07-07 08:49:09.896952+00:00,2020-07-06 11:52:28.368277+00:00,2020-07-06 11:52:28.572219+00:00,2020-12-02 12:42:06.193054+00:00,UNKNOWN,TEND,,0,0.0,0.0,0.0,0.0,0.0,0.0,0.0,0.0,0.0,0.0,0.0,0.0,0.0,0,0,0.0,0.00%,0.0,0.0,,
Ugobus,Active,2020-11-20 14:05:55+00:00,2020-07-06 11:52:51.401738+00:00,2020-11-23 12:21:29.760888+00:00,2026-06-22 10:46:31.004847+00:00,FALSE,ESCL,,0,0.0,0.0,0.0,0.0,0.0,0.0,0.0,0.0,0.0,0.0,0.0,0.0,0.0,1,0,0.0,0.00%,0.0,0.0,,
Hatch Green Coaches,Active,2020-07-08 07:49:33.864138+00:00,2020-07-07 16:59:27.399940+00:00,2020-07-07 16:59:27+00:00,2026-07-11 08:03:52.990020+00:00,TRUE,HGCO,PH1037931,1,0.0,18.0,0.0,18.0,18.0,18.0,100.00%,0.0,0.0,0.0,0.0,0.0,0.0,1,1,1.0,100.00%,1.0,1.0,78.0,https://publish.bus-data.dft.gov.uk/org/136/dataset/ppc-archive/
I&S Coaches,Pending invite,,2020-07-14 15:14:09.373248+00:00,2021-08-18 13:50:31.939667+00:00,,TRUE,ISCH,PD0001067,1,0.0,0.0,0.0,0.0,0.0,0.0,0.0,0.0,0.0,0.0,0.0,0.0,0.0,0,0,0.0,0.00%,0.0,0.0,,
Lugg Valley Travel Ltd,Pending invite,,2020-07-14 15:14:41.755363+00:00,2020-07-31 14:38:03.958519+00:00,,FALSE,5764,,0,0.0,0.0,0.0,0.0,0.0,0.0,0.0,0.0,0.0,0.0,0.0,0.0,0.0,0,0,0.0,0.00%,0.0,0.0,,
Sargeants Bros. Coaches Ltd,Active,2020-08-14 15:44:25.799200+00:00,2020-07-14 15:16:12.461687+00:00,2020-08-14 15:39:39.779020+00:00,2026-06-18 12:51:59.618652+00:00,TRUE,SARG,PD0001039,1,0.0,38.0,0.0,38.0,20.0,0.0,0.00%,4.0,1.0,0.0,0.0,0.0,0.0,2,1,3.0,0.00%,3.0,3.0,72.0,https://publish.bus-data.dft.gov.uk/org/139/dataset/ppc-archive/
Minsterley Motors Ltd,Active,2020-07-15 08:17:51.766709+00:00,2020-07-14 15:31:28.408034+00:00,2020-07-14 15:31:28.645491+00:00,2026-03-09 07:33:38.391114+00:00,TRUE,MINS,PD2042107,1,0.0,11.0,0.0,11.0,5.0,0.0,0.00%,0.0,0.0,0.0,0.0,0.0,0.0,1,1,1.0,100.00%,1.0,1.0,61.0,https://publish.bus-data.dft.gov.uk/org/140/dataset/ppc-archive/
Lakeside Coaches Ltd,Active,2020-07-14 15:44:15.557942+00:00,2020-07-14 15:31:56.992967+00:00,2020-07-14 15:31:57.189862+00:00,2026-07-10 12:12:54.648887+00:00,TRUE,LAKC,PC2032303;PD1020869,2,0.0,10.0,0.0,10.0,9.0,9.0,90.00%,1.0,0.0,0.0,0.0,1.0,1.0,9,1,6.0,16.67%,6.0,6.0,13.0,https://publish.bus-data.dft.gov.uk/org/141/dataset/ppc-archive/
Bennetts Travel,Active,2020-11-18 13:49:58.678078+00:00,2020-07-14 15:33:41.199306+00:00,2020-11-16 23:43:47.188897+00:00,2026-06-09 13:06:28.771354+00:00,TRUE,BENC,PD0001164,1,0.0,2.0,0.0,2.0,2.0,2.0,100.00%,0.0,0.0,0.0,0.0,0.0,0.0,5,1,2.0,100.00%,2.0,2.0,,
Lloyds Coaches,Active,2020-11-23 14:20:42.291490+00:00,2020-07-14 15:34:49.454219+00:00,2020-11-23 12:17:26.946577+00:00,2024-06-20 14:14:45.553628+00:00,TRUE,LLCO,PG1106541,1,0.0,20.0,0.0,20.0,0.0,0.0,0.0,3.0,3.0,0.0,3.0,0.0,0.0,0,0,0.0,0.00%,0.0,0.0,,
Oswestry Community Transport,Inactive,2020-11-23 13:21:03.258158+00:00,2020-07-14 15:36:43.525959+00:00,2020-11-23 12:18:30.847135+00:00,2020-11-23 13:21:03.285666+00:00,UNKNOWN,OCAC,,0,0.0,0.0,0.0,0.0,0.0,0.0,0.0,0.0,0.0,0.0,0.0,0.0,0.0,0,0,0.0,0.00%,0.0,0.0,,
Pats Coaches,Active,2020-09-23 06:39:14.550711+00:00,2020-07-14 15:37:36.148899+00:00,2020-09-22 14:24:32.381294+00:00,2024-05-13 06:08:13.493701+00:00,TRUE,PATS,PG1025703,1,0.0,6.0,5.0,1.0,0.0,0.0,0.00%,0.0,0.0,0.0,0.0,0.0,0.0,0,1,1.0,100.00%,1.0,1.0,0.0,https://publish.bus-data.dft.gov.uk/org/147/dataset/ppc-archive/
Celtic Travel,Active,2020-11-17 12:34:53.711772+00:00,2020-07-14 15:49:27.911364+00:00,2020-11-16 23:43:58.586291+00:00,2025-09-10 08:59:56.120370+00:00,TRUE,CELT,PG1062213;PG1129715,2,0.0,11.0,0.0,11.0,0.0,0.0,0.00%,0.0,0.0,0.0,0.0,0.0,0.0,3,0,0.0,0.00%,0.0,0.0,,
Claribel Coaches,Inactive,2020-07-15 12:53:56.168267+00:00,2020-07-14 15:55:57.213878+00:00,2020-07-14 15:55:57.450941+00:00,2021-12-21 08:53:18.611419+00:00,TRUE,CLAC,PD0000087,1,0.0,0.0,0.0,0.0,0.0,0.0,0.0,0.0,0.0,0.0,0.0,0.0,0.0,0,0,0.0,0.00%,0.0,0.0,,
Hedgehog Community Bus,Pending invite,,2020-07-14 15:56:45.163764+00:00,2021-08-18 13:50:27.477527+00:00,,UNKNOWN,HCBU,,0,0.0,0.0,0.0,0.0,0.0,0.0,0.0,0.0,0.0,0.0,0.0,0.0,0.0,0,0,0.0,0.00%,0.0,0.0,,
Roberts Travel Group,Active,2020-07-14 16:02:15.766186+00:00,2020-07-14 15:59:31.621015+00:00,2020-07-14 15:59:31.830154+00:00,2026-02-17 06:24:29.709259+00:00,TRUE,RBTS,PF0001553,1,0.0,3.0,0.0,3.0,3.0,3.0,100.00%,0.0,0.0,0.0,0.0,0.0,0.0,1,1,1.0,100.00%,1.0,1.0,53.0,https://publish.bus-data.dft.gov.uk/org/153/dataset/ppc-archive/
Shipston Link,Pending invite,,2020-07-14 15:59:54.836490+00:00,2021-08-18 13:51:00.304645+00:00,,UNKNOWN,SHPL,,0,0.0,0.0,0.0,0.0,0.0,0.0,0.0,0.0,0.0,0.0,0.0,0.0,0.0,0,0,0.0,0.00%,0.0,0.0,,
Villager Minibus Services,Inactive,2020-07-16 09:06:42.227533+00:00,2020-07-14 16:01:19.636274+00:00,2020-07-14 16:01:19.845223+00:00,2020-07-16 09:06:42.293013+00:00,UNKNOWN,VMSV,,0,0.0,0.0,0.0,0.0,0.0,0.0,0.0,0.0,0.0,0.0,0.0,0.0,0.0,0,0,0.0,0.00%,0.0,0.0,,
Blue Buses,Active,2020-07-14 16:11:14.368388+00:00,2020-07-14 16:02:20.949641+00:00,2020-07-14 16:02:21.186270+00:00,2025-07-14 09:54:00.271766+00:00,TRUE,SCRT,PD1093497,1,0.0,2.0,0.0,2.0,2.0,2.0,100.00%,1.0,0.0,0.0,0.0,0.0,0.0,2,1,1.0,100.00%,1.0,1.0,0.0,https://publish.bus-data.dft.gov.uk/org/157/dataset/ppc-archive/
Aston Coaches,Active,2020-07-15 07:48:00.247143+00:00,2020-07-14 16:04:18.336413+00:00,2020-07-14 16:04:18.540017+00:00,2026-01-12 11:33:40.008841+00:00,TRUE,ASTC,PD1093425,1,0.0,2.0,0.0,2.0,2.0,2.0,100.00%,0.0,0.0,0.0,0.0,0.0,0.0,1,1,1.0,100.00%,1.0,1.0,50.0,https://publish.bus-data.dft.gov.uk/org/159/dataset/ppc-archive/
N.N. Cresswell,Active,2020-07-14 16:09:30.349098+00:00,2020-07-14 16:05:06.741119+00:00,2020-07-14 16:05:06.945030+00:00,2025-12-16 16:44:41.302995+00:00,TRUE,CRSS,PD1115593,1,0.0,3.0,0.0,3.0,1.0,1.0,33.33%,0.0,0.0,0.0,0.0,0.0,0.0,1,1,5.0,0.00%,5.0,5.0,,
Clearway of Catshill,Active,2021-05-18 20:57:02.284707+00:00,2020-07-14 16:38:01.238962+00:00,2021-03-30 12:34:34.398878+00:00,2021-05-19 05:45:59.341114+00:00,TRUE,CLER;CRWY,PD1079638,1,0.0,0.0,0.0,0.0,0.0,0.0,0.0,0.0,0.0,0.0,0.0,0.0,0.0,0,0,0.0,0.00%,0.0,0.0,,
Dudley's Coaches,Inactive,2020-09-25 08:52:25.162753+00:00,2020-07-14 16:38:52.111166+00:00,2020-09-22 14:22:58.138634+00:00,2020-09-25 08:52:25.229746+00:00,TRUE,DUDL,PD0000124,1,0.0,0.0,0.0,0.0,0.0,0.0,0.0,0.0,0.0,0.0,0.0,0.0,0.0,0,0,0.0,0.00%,0.0,0.0,,
Finesse Travel,Inactive,2021-04-02 09:45:15.561000+00:00,2020-07-14 16:39:18.875239+00:00,2021-03-30 12:35:00.344023+00:00,2021-04-02 09:45:15.640566+00:00,TRUE,FINT,PD1065477,1,0.0,0.0,0.0,0.0,0.0,0.0,0.0,0.0,0.0,0.0,0.0,0.0,0.0,0,0,0.0,0.00%,0.0,0.0,,
Kevs Cars & Coaches,Active,2020-11-24 14:05:11.277039+00:00,2020-07-14 16:41:07.873223+00:00,2020-11-23 12:17:03.656916+00:00,2026-05-21 11:52:56.555677+00:00,TRUE,KEVS,PD1022055,1,0.0,4.0,0.0,4.0,4.0,0.0,0.00%,0.0,0.0,0.0,0.0,0.0,0.0,1,1,1.0,100.00%,1.0,1.0,98.0,https://publish.bus-data.dft.gov.uk/org/164/dataset/ppc-archive/
Henshaw's Executive Travel,Active,2020-11-18 07:28:50.157451+00:00,2020-07-14 16:41:41.504729+00:00,2020-11-16 23:45:03.862740+00:00,2026-05-15 13:06:02.354114+00:00,TRUE,HENS,PH1084449,1,0.0,0.0,0.0,0.0,0.0,0.0,0.0,0.0,0.0,0.0,0.0,0.0,0.0,0,1,1.0,100.00%,1.0,1.0,,
Hollands Coaches,Pending invite,,2020-07-14 16:42:04.261808+00:00,2021-08-18 13:50:27.671146+00:00,,TRUE,HOCO,PD1014764,1,0.0,0.0,0.0,0.0,0.0,0.0,0.0,0.0,0.0,0.0,0.0,0.0,0.0,0,0,0.0,0.00%,0.0,0.0,,
Johnsons Coach & Bus Travel,Inactive,2020-07-14 16:50:47.277035+00:00,2020-07-14 16:42:27.563694+00:00,2020-07-14 16:42:27.766820+00:00,2022-11-05 21:42:10.822290+00:00,TRUE,JOHS,PD0000226,1,0.0,0.0,0.0,0.0,0.0,0.0,0.0,0.0,0.0,0.0,0.0,0.0,0.0,0,0,0.0,0.00%,0.0,0.0,,
LMS Travel,Active,2020-07-15 15:11:44.777839+00:00,2020-07-14 16:42:49.865186+00:00,2020-07-14 16:42:50.090652+00:00,2026-01-14 16:13:03.674224+00:00,TRUE,LMST,PD2037389,1,0.0,9.0,1.0,8.0,8.0,0.0,0.00%,0.0,0.0,0.0,1.0,3.0,0.0,1,1,1.0,100.00%,1.0,1.0,96.0,https://publish.bus-data.dft.gov.uk/org/168/dataset/ppc-archive/
M R D,Active,2020-07-15 08:25:47.119881+00:00,2020-07-14 16:43:14.359671+00:00,2020-07-14 16:43:14.564362+00:00,2026-06-04 04:56:40.473345+00:00,TRUE,MRDL,PD0001697,1,0.0,5.0,0.0,5.0,3.0,3.0,60.00%,0.0,0.0,0.0,0.0,0.0,0.0,3,1,1.0,100.00%,1.0,1.0,,
Pulhams Coaches,Inactive,2020-07-16 12:07:49.514930+00:00,2020-07-14 16:43:36.014646+00:00,2020-07-14 16:43:36.222887+00:00,2022-12-05 12:54:07.857012+00:00,FALSE,-,,0,0.0,0.0,0.0,0.0,0.0,0.0,0.0,0.0,0.0,0.0,0.0,0.0,0.0,0,0,0.0,0.00%,0.0,0.0,,
Redditch Dial-a-Ride,Pending invite,,2020-07-14 16:43:57.965269+00:00,2021-08-18 13:50:58.142610+00:00,,UNKNOWN,RDDR,,0,0.0,0.0,0.0,0.0,0.0,0.0,0.0,0.0,0.0,0.0,0.0,0.0,0.0,0,0,0.0,0.00%,0.0,0.0,,
Wyre Forest Dial a Ride,Pending invite,,2020-07-14 16:44:36.727227+00:00,2021-08-18 13:51:27.660351+00:00,,UNKNOWN,WWFD,,0,0.0,0.0,0.0,0.0,0.0,0.0,0.0,0.0,0.0,0.0,0.0,0.0,0.0,0,0,0.0,0.00%,0.0,0.0,,
Yarranton Brothers,Active,2020-11-26 08:52:06.042120+00:00,2020-07-14 16:45:08.998571+00:00,2020-11-25 13:55:21.694423+00:00,2026-06-26 09:32:43.584336+00:00,TRUE,YTNB,PD0000422,1,0.0,3.0,0.0,3.0,3.0,0.0,0.00%,0.0,0.0,0.0,0.0,0.0,1.0,1,2,1.0,100.00%,1.0,1.0,50.0,https://publish.bus-data.dft.gov.uk/org/173/dataset/ppc-archive/
Landflight,Active,2020-07-15 11:37:21.229904+00:00,2020-07-14 16:45:32.638069+00:00,2020-07-14 16:45:32.850186+00:00,2026-05-20 16:07:52.486987+00:00,TRUE,SLVL,PD0001760,1,0.0,2.0,0.0,2.0,2.0,0.0,0.00%,0.0,0.0,0.0,0.0,0.0,0.0,2,1,1.0,100.00%,1.0,1.0,76.0,https://publish.bus-data.dft.gov.uk/org/174/dataset/ppc-archive/
Simonds CountryLink,Inactive,2020-07-21 13:20:22.913701+00:00,2020-07-20 10:10:11.173645+00:00,2020-07-20 10:10:11.418079+00:00,2024-12-05 18:47:47.993769+00:00,FALSE,N//A,,0,0.0,0.0,0.0,0.0,0.0,0.0,0.0,0.0,0.0,0.0,0.0,0.0,0.0,0,0,0.0,0.00%,0.0,0.0,,
Coach Services,Active,2020-07-20 11:41:47.723429+00:00,2020-07-20 10:12:38.989660+00:00,2020-07-20 10:12:39.192421+00:00,2026-07-09 06:16:37.342106+00:00,TRUE,CSVC,PF0000238,1,0.0,16.0,0.0,16.0,15.0,15.0,93.75%,0.0,0.0,0.0,0.0,1.0,1.0,1,1,1.0,100.00%,1.0,1.0,0.0,https://publish.bus-data.dft.gov.uk/org/176/dataset/ppc-archive/
A2B Travel (UK) Limited,Active,2020-11-10 12:31:26+00:00,2020-07-21 15:24:09.702382+00:00,2020-09-09 14:16:40.017804+00:00,2026-07-02 12:47:26.360265+00:00,TRUE,A2BV,PC1047147,1,0.0,9.0,0.0,9.0,9.0,9.0,100.00%,0.0,0.0,0.0,0.0,9.0,0.0,1,1,1.0,100.00%,1.0,1.0,,
Ron W Dew & Son Ltd,Active,2020-07-22 16:05:43.248870+00:00,2020-07-21 15:24:55.804028+00:00,2020-07-21 15:24:56.021256+00:00,2025-12-17 16:42:06.407726+00:00,TRUE,DEWS,PF0000224,1,0.0,19.0,1.0,18.0,18.0,18.0,100.00%,0.0,0.0,0.0,1.0,1.0,0.0,1,1,1.0,100.00%,1.0,1.0,100.0,https://publish.bus-data.dft.gov.uk/org/178/dataset/ppc-archive/
Lords Travel,Active,2020-07-23 09:33:34.603372+00:00,2020-07-21 15:27:22.210189+00:00,2020-07-21 15:27:22.434065+00:00,2026-04-20 06:39:10.655734+00:00,TRUE,LORD;LTEA,PB0002148;PF1120848,2,0.0,3.0,0.0,3.0,3.0,3.0,100.00%,0.0,0.0,0.0,0.0,0.0,0.0,1,1,5.0,40.00%,5.0,5.0,0.0,https://publish.bus-data.dft.gov.uk/org/181/dataset/ppc-archive/
Fenland Association for Community Transport,Pending invite,,2020-07-21 15:28:03.138447+00:00,2021-08-18 13:50:10.218766+00:00,,UNKNOWN,FACT,,0,0.0,0.0,0.0,0.0,0.0,0.0,0.0,0.0,0.0,0.0,0.0,0.0,0.0,0,0,0.0,0.00%,0.0,0.0,,
Ramsey and District Community Bus Association,Inactive,2020-09-22 15:28:24.360739+00:00,2020-07-21 15:28:46.481196+00:00,2020-09-22 14:24:37.307449+00:00,2020-09-22 15:28:24.403156+00:00,UNKNOWN,RADC,,0,0.0,0.0,0.0,0.0,0.0,0.0,0.0,0.0,0.0,0.0,0.0,0.0,0.0,0,0,0.0,0.00%,0.0,0.0,,
Sanders Coaches,Active,2021-03-29 15:12:13.010813+00:00,2020-07-21 15:31:48.595128+00:00,2021-03-29 15:09:17.587423+00:00,2026-07-06 17:56:39.746779+00:00,TRUE,SNDR,PF1018256,1,0.0,59.0,0.0,59.0,57.0,56.0,94.92%,0.0,0.0,0.0,0.0,55.0,0.0,22,1,1.0,100.00%,1.0,1.0,66.0,https://publish.bus-data.dft.gov.uk/org/185/dataset/ppc-archive/
Our Bus,Active,2020-07-22 12:28:37.325098+00:00,2020-07-21 15:35:38.444313+00:00,2020-07-21 15:35:38.671335+00:00,2026-06-16 07:36:17.922741+00:00,TRUE,OBUS,PF1131866,1,0.0,17.0,7.0,10.0,10.0,10.0,100.00%,0.0,0.0,0.0,7.0,13.0,0.0,8,1,1.0,100.00%,1.0,1.0,100.0,https://publish.bus-data.dft.gov.uk/org/186/dataset/ppc-archive/
H Semmence & Co,Inactive,2020-10-19 10:30:39.517424+00:00,2020-07-21 15:36:49.776432+00:00,2020-10-16 15:34:51.946863+00:00,2020-10-19 10:30:39.617671+00:00,FALSE,ignore this,,0,0.0,0.0,0.0,0.0,0.0,0.0,0.0,0.0,0.0,0.0,0.0,0.0,0.0,0,0,0.0,0.00%,0.0,0.0,,
Harrods Coaches,Active,2020-11-25 13:52:18.218580+00:00,2020-07-21 15:37:59.239058+00:00,2020-11-25 13:48:55.548811+00:00,2026-07-08 17:10:06.784812+00:00,TRUE,HACO,PF0000142,1,0.0,0.0,0.0,0.0,0.0,0.0,0.0,0.0,0.0,0.0,0.0,0.0,0.0,0,0,0.0,0.00%,0.0,0.0,,
Feline Executive Travel,Active,2020-07-21 16:03:30.617440+00:00,2020-07-21 15:38:28.986097+00:00,2020-07-21 15:38:29.224378+00:00,2024-03-28 11:22:11.694290+00:00,TRUE,FELT,PF1124990,1,0.0,0.0,0.0,0.0,0.0,0.0,0.0,0.0,0.0,0.0,0.0,0.0,0.0,0,0,0.0,0.00%,0.0,0.0,,
Reliance Motor Services Limited,Inactive,2020-07-29 08:41:23.960155+00:00,2020-07-28 15:22:05.725665+00:00,2020-07-28 15:22:05.971274+00:00,2025-01-06 14:55:13.061617+00:00,TRUE,RELD,PB2035175,1,0.0,0.0,0.0,0.0,0.0,0.0,0.0,0.0,0.0,0.0,0.0,0.0,0.0,0,0,0.0,0.00%,0.0,0.0,,
Yeomans Travel,Active,2020-08-01 06:35:36.956175+00:00,2020-07-31 14:41:56.712932+00:00,2020-07-31 14:41:56.928947+00:00,2026-07-09 15:16:50.615675+00:00,TRUE,LVTR;YEOC,PD0000423;PD0001646,2,0.0,31.0,0.0,31.0,27.0,27.0,87.10%,0.0,0.0,0.0,0.0,0.0,0.0,1,1,1.0,100.00%,1.0,1.0,90.0,https://publish.bus-data.dft.gov.uk/org/192/dataset/ppc-archive/
Andrews Coaches,Active,2021-10-11 11:36:40+00:00,2020-08-04 14:25:26.204808+00:00,2023-06-14 10:01:11.560618+00:00,2026-07-09 06:16:37.342106+00:00,TRUE,ANTR,PC0003422,1,0.0,4.0,0.0,4.0,4.0,4.0,100.00%,0.0,0.0,0.0,0.0,0.0,0.0,1,1,1.0,100.00%,1.0,1.0,78.0,https://publish.bus-data.dft.gov.uk/org/193/dataset/ppc-archive/
Kinch Buses,Active,2020-08-07 08:13:34.105072+00:00,2020-08-04 14:27:15.005021+00:00,2020-08-04 14:27:15.257855+00:00,2026-06-15 21:16:29.752825+00:00,TRUE,KBUS,PF0007157,1,1.0,9.0,1.0,8.0,7.0,7.0,87.50%,0.0,0.0,0.0,1.0,0.0,0.0,1,1,2.0,100.00%,2.0,2.0,100.0,https://publish.bus-data.dft.gov.uk/org/194/dataset/ppc-archive/
Littles Travel,Active,2020-12-14 11:13:26.023820+00:00,2020-08-04 14:28:02.602882+00:00,2020-11-04 16:37:35.175724+00:00,2026-02-04 08:45:43.721138+00:00,TRUE,LTLS,PC0004853,1,0.0,4.0,0.0,4.0,4.0,4.0,100.00%,3.0,0.0,1.0,0.0,0.0,0.0,1,1,1.0,100.00%,1.0,1.0,92.0,https://publish.bus-data.dft.gov.uk/org/195/dataset/ppc-archive/
Stotts Tours,Inactive,2020-12-29 09:31:14.146534+00:00,2020-08-05 07:00:05.559876+00:00,2020-12-14 11:13:03.651355+00:00,2024-09-24 07:16:30.001424+00:00,TRUE,STOT,PC0001909,1,0.0,0.0,0.0,0.0,0.0,0.0,0.0,0.0,0.0,0.0,0.0,0.0,0.0,1,0,0.0,0.00%,0.0,0.0,,
Paul S Winson Coaches,Active,2020-11-12 15:40:48.463200+00:00,2020-08-05 07:04:26.831277+00:00,2020-11-12 15:00:30.968791+00:00,2021-01-06 12:06:46.156710+00:00,TRUE,PWCO,PF0007089,1,0.0,1.0,1.0,0.0,0.0,0.0,0.0,0.0,0.0,0.0,1.0,0.0,0.0,0,0,0.0,0.00%,0.0,0.0,,
Ambassador Travel,Active,2020-09-23 07:42:01.768644+00:00,2020-08-05 07:22:10.684830+00:00,2020-09-22 14:17:57.981787+00:00,2026-05-28 13:07:26.098279+00:00,TRUE,AMBS,PF0000458,1,0.0,8.0,0.0,8.0,7.0,7.0,87.50%,0.0,0.0,0.0,0.0,1.0,3.0,1,1,1.0,100.00%,1.0,1.0,100.0,https://publish.bus-data.dft.gov.uk/org/199/dataset/ppc-archive/
Fareline Bus & Coach Services,Active,2020-11-19 10:51:29.761032+00:00,2020-08-05 07:25:48.371064+00:00,2020-11-16 23:44:34.375484+00:00,2026-06-04 04:56:40.473345+00:00,TRUE,FABC,PF0000069,1,0.0,4.0,0.0,4.0,3.0,3.0,75.00%,0.0,0.0,0.0,0.0,0.0,0.0,1,0,1.0,100.00%,1.0,1.0,,
Felix Taxis & Co.,Active,2020-08-05 14:46:04.680975+00:00,2020-08-05 07:26:26.766844+00:00,2020-08-05 07:26:26.988601+00:00,2026-07-09 06:16:37.342106+00:00,TRUE,FXTX,PF1110807,1,0.0,3.0,0.0,3.0,3.0,3.0,100.00%,0.0,0.0,0.0,0.0,0.0,0.0,1,1,1.0,100.00%,1.0,1.0,100.0,https://publish.bus-data.dft.gov.uk/org/201/dataset/ppc-archive/
Lewis Coaches,Pending invite,,2020-08-05 07:29:54.437919+00:00,2021-08-18 13:50:42.887045+00:00,,TRUE,LEWC,PF0001658,1,0.0,0.0,0.0,0.0,0.0,0.0,0.0,0.0,0.0,0.0,0.0,0.0,0.0,0,0,0.0,0.00%,0.0,0.0,,
Stowmarket Minibus & Coach Hire,Active,2021-01-28 13:59:16.674118+00:00,2020-08-05 07:32:34.912039+00:00,2020-12-14 11:13:04.827842+00:00,2025-11-03 14:38:53.949685+00:00,TRUE,MBCH,PF1001072,1,0.0,1.0,0.0,1.0,1.0,1.0,100.00%,0.0,0.0,0.0,0.0,0.0,0.0,1,2,1.0,100.00%,1.0,1.0,,
Suffolk Norse,Inactive,2020-08-06 09:17:55.770598+00:00,2020-08-05 07:32:54.991864+00:00,2020-08-05 07:32:55.211412+00:00,2020-12-01 11:07:32.203569+00:00,UNKNOWN,SCCT,,0,0.0,0.0,0.0,0.0,0.0,0.0,0.0,0.0,0.0,0.0,0.0,0.0,0.0,0,1,0.0,0.00%,0.0,0.0,,
Blueworks Taxis Ltd,Active,2020-11-18 08:37:58.741125+00:00,2020-08-17 09:02:47.634775+00:00,2020-11-16 23:43:50.334232+00:00,2025-11-25 15:48:47.334253+00:00,TRUE,BPHI,PC1132110;PC2044596,2,0.0,9.0,3.0,6.0,7.0,7.0,116.67%,0.0,0.0,0.0,3.0,7.0,0.0,5,1,3.0,100.00%,3.0,3.0,,
Cumbria Classic Coaches,Inactive,2020-08-17 10:52:14.416739+00:00,2020-08-17 09:03:46.182475+00:00,2020-08-17 09:03:46.472740+00:00,2026-06-03 15:53:16.927746+00:00,TRUE,CUCC;CUCL,PC2000631,1,0.0,0.0,0.0,0.0,0.0,0.0,0.0,0.0,0.0,0.0,0.0,4.0,0.0,1,1,1.0,100.00%,1.0,1.0,,
Ellenvale Coaches,Active,2020-11-20 11:44:39.762155+00:00,2020-08-17 09:04:17.365197+00:00,2020-11-19 16:53:46.382132+00:00,2026-01-14 14:50:52.354687+00:00,TRUE,ELNV,PC1073901,1,0.0,2.0,0.0,2.0,2.0,2.0,100.00%,1.0,0.0,0.0,0.0,1.0,0.0,1,1,1.0,100.00%,1.0,1.0,,
Houstons Coaches,Inactive,2020-12-14 11:43:22.960948+00:00,2020-08-17 09:04:44.369545+00:00,2020-12-14 11:07:42.459476+00:00,2022-04-08 14:17:34.583921+00:00,TRUE,HNMI,PM1126342,1,0.0,40.0,21.0,19.0,0.0,0.0,0.00%,0.0,0.0,0.0,0.0,0.0,0.0,0,0,0.0,0.00%,0.0,0.0,,
Jansen Travel,Inactive,2020-09-04 13:41:47.256722+00:00,2020-08-17 09:05:30.405732+00:00,2020-09-04 13:08:31.764985+00:00,2022-06-10 14:59:29.661585+00:00,TRUE,JANS,PC2008513,1,0.0,0.0,0.0,0.0,0.0,0.0,0.0,0.0,0.0,0.0,0.0,0.0,0.0,0,0,0.0,0.00%,0.0,0.0,,
Kirkby Lonsdale Coaches,Active,2020-09-23 11:43:53+00:00,2020-08-17 09:05:55.669359+00:00,2020-11-16 23:45:16.950931+00:00,2026-07-07 04:45:20.673497+00:00,TRUE,KLCO,PC1016989,1,0.0,22.0,4.0,18.0,14.0,0.0,0.00%,4.0,4.0,0.0,0.0,0.0,0.0,4,1,2.0,0.00%,2.0,2.0,74.0,https://publish.bus-data.dft.gov.uk/org/210/dataset/ppc-archive/
Lakeland Commercials,Active,2020-11-18 08:52:19.184614+00:00,2020-08-17 09:06:24.862122+00:00,2020-11-16 23:45:18.349137+00:00,2026-06-17 08:55:21.488606+00:00,TRUE,LCAC,PC0003576,1,0.0,1.0,0.0,1.0,1.0,1.0,100.00%,0.0,0.0,0.0,0.0,1.0,0.0,1,1,1.0,100.00%,1.0,1.0,,
Mountain Goat,Active,2021-02-05 12:30:16.676399+00:00,2020-08-17 09:06:50.682205+00:00,2021-02-02 14:02:35+00:00,2026-07-02 11:35:49.483304+00:00,TRUE,MTGT,PC0003705,1,0.0,1.0,0.0,1.0,0.0,0.0,0.0,0.0,0.0,0.0,0.0,0.0,0.0,0,1,4.0,100.00%,4.0,4.0,,
NBM Hire,Active,2020-08-17 14:52:59.901770+00:00,2020-08-17 09:07:36.487067+00:00,2020-08-17 09:07:36.683396+00:00,2025-07-10 19:13:53.024667+00:00,TRUE,NBMH,PC0004741,1,0.0,1.0,0.0,1.0,1.0,1.0,100.00%,0.0,0.0,0.0,0.0,0.0,0.0,1,1,2.0,100.00%,2.0,2.0,,
Reays Coaches,Active,2020-09-22 14:59:04.512519+00:00,2020-08-17 09:08:00.918790+00:00,2020-09-22 14:24:39.236065+00:00,2026-07-09 17:17:42.728164+00:00,TRUE,REAY,PC1038719,1,0.0,14.0,0.0,14.0,4.0,0.0,0.00%,4.0,0.0,0.0,0.0,0.0,0.0,2,2,2.0,100.00%,2.0,2.0,,
Telford Coaches,Active,2020-08-17 09:26:49.693819+00:00,2020-08-17 09:09:53.121160+00:00,2020-08-17 09:09:53.345338+00:00,2026-05-11 16:43:09.474982+00:00,TRUE,TELF,PM1016939,1,0.0,10.0,4.0,6.0,5.0,5.0,83.33%,1.0,1.0,0.0,0.0,2.0,0.0,3,1,4.0,100.00%,4.0,4.0,100.0,https://publish.bus-data.dft.gov.uk/org/215/dataset/ppc-archive/
Woofs of Sedbergh,Inactive,2021-01-07 16:09:40.287310+00:00,2020-08-17 09:10:40.370624+00:00,2021-01-07 15:36:59.576734+00:00,2023-03-22 14:51:59.163065+00:00,TRUE,WOOF,PC0003824,1,0.0,0.0,0.0,0.0,0.0,0.0,0.0,0.0,0.0,0.0,0.0,0.0,0.0,0,0,0.0,0.00%,0.0,0.0,,
Wright Bros Coaches,Active,2020-11-19 14:07:16.570412+00:00,2020-08-17 09:11:19.558270+00:00,2020-12-14 11:12:44.612429+00:00,2026-06-17 08:55:21.488606+00:00,TRUE,WGTB,PB0001932;PC0000109,2,0.0,5.0,0.0,5.0,3.0,3.0,60.00%,0.0,0.0,0.0,0.0,2.0,0.0,1,1,1.0,100.00%,1.0,1.0,,
Hornsby Travel Ltd,Active,2020-09-21 10:06:50.860844+00:00,2020-09-21 10:03:37.515479+00:00,2020-09-21 10:03:37.767436+00:00,2026-07-06 10:09:27.120930+00:00,TRUE,HNTS,PB0001410,1,0.0,13.0,0.0,13.0,13.0,13.0,100.00%,0.0,0.0,0.0,0.0,0.0,0.0,1,1,1.0,100.00%,1.0,1.0,0.0,https://publish.bus-data.dft.gov.uk/org/219/dataset/ppc-archive/
Tyrers Coaches,Active,2020-09-23 08:38:50.976456+00:00,2020-09-23 08:33:24.304128+00:00,2020-09-23 08:33:24.552850+00:00,2026-03-20 07:52:04.803309+00:00,TRUE,RSTY,PC1087927,1,0.0,4.0,0.0,4.0,3.0,3.0,75.00%,1.0,1.0,0.0,0.0,0.0,0.0,1,1,2.0,100.00%,2.0,2.0,86.0,https://publish.bus-data.dft.gov.uk/org/220/dataset/ppc-archive/
Acklams Coaches,Active,2020-09-25 11:41:38.633926+00:00,2020-09-25 08:28:57.136058+00:00,2020-09-25 08:28:57.395460+00:00,2023-06-22 14:36:02.296188+00:00,TRUE,ACKC;BKNG,PB1075166,1,0.0,1.0,0.0,1.0,1.0,1.0,100.00%,0.0,0.0,0.0,0.0,0.0,0.0,1,0,1.0,0.00%,1.0,1.0,,
Axe Valley Mini Travel,Active,2020-09-25 11:42:59.896973+00:00,2020-09-25 11:00:05.147227+00:00,2020-09-25 11:00:05.446470+00:00,2026-07-03 06:42:49.422132+00:00,TRUE,AVMT,PH0004666;PH2050218,2,0.0,12.0,0.0,12.0,11.0,11.0,91.67%,7.0,1.0,0.0,0.0,1.0,0.0,1,1,1.0,0.00%,1.0,1.0,16.0,https://publish.bus-data.dft.gov.uk/org/222/dataset/ppc-archive/
Redwoods Travel,Active,2020-09-25 13:02:42.015894+00:00,2020-09-25 12:59:28.567560+00:00,2020-09-25 12:59:28.800248+00:00,2026-07-03 06:42:49.422132+00:00,TRUE,NRTL,PH1077645,1,0.0,3.0,0.0,3.0,3.0,3.0,100.00%,0.0,0.0,0.0,0.0,0.0,0.0,1,1,1.0,0.00%,1.0,1.0,50.0,https://publish.bus-data.dft.gov.uk/org/223/dataset/ppc-archive/
CT4N Ltd,Active,2020-09-28 12:42:39.037752+00:00,2020-09-28 12:34:19.746699+00:00,2020-09-28 12:34:19.997380+00:00,2026-07-05 06:39:34.751680+00:00,TRUE,NOCT,PB2003801,1,0.0,21.0,0.0,21.0,21.0,21.0,100.00%,8.0,0.0,0.0,0.0,0.0,2.0,1,1,1.0,100.00%,1.0,1.0,100.0,https://publish.bus-data.dft.gov.uk/org/224/dataset/ppc-archive/
Transport Made Simple,Active,2020-09-29 07:51:59.219527+00:00,2020-09-28 12:59:37.140028+00:00,2020-09-28 12:59:37.379647+00:00,2026-07-03 13:29:17.324435+00:00,TRUE,CHAM;GOEA;HEDO;KCTB;SEFF;SIMO;TMSB,PC2013544;PF0000705;PF0001353;PF0002189;PF2006130,5,1.0,171.0,3.0,168.0,146.0,16.0,9.52%,1.0,0.0,0.0,3.0,9.0,0.0,2,2,2.0,0.00%,2.0,2.0,52.0,https://publish.bus-data.dft.gov.uk/org/225/dataset/ppc-archive/
Filers Travel Limited,Active,2020-09-28 14:37:37.594391+00:00,2020-09-28 13:39:33.183881+00:00,2020-09-28 13:39:33.443065+00:00,2026-07-03 06:42:49.422132+00:00,TRUE,FTZL,PH1066351,1,0.0,0.0,0.0,0.0,0.0,0.0,0.0,0.0,0.0,0.0,0.0,0.0,0.0,0,1,1.0,0.00%,1.0,1.0,,
tallyho coaches,Active,2020-09-28 13:49:42.641596+00:00,2020-09-28 13:42:17.018413+00:00,2020-09-28 13:42:17.228584+00:00,2026-07-03 06:42:49.422132+00:00,TRUE,TLYH,PH1081198,1,0.0,11.0,0.0,11.0,9.0,9.0,81.82%,2.0,0.0,0.0,0.0,1.0,0.0,1,1,1.0,0.00%,1.0,1.0,77.0,https://publish.bus-data.dft.gov.uk/org/227/dataset/ppc-archive/
The Big Lemon CIC,Active,2020-10-04 11:27:20.179516+00:00,2020-10-02 15:16:26.140567+00:00,2020-10-02 15:16:26.383924+00:00,2026-07-03 06:42:49.422132+00:00,TRUE,LEMB;LEMN,PH2058842;PK1068783,2,0.0,8.0,0.0,8.0,0.0,0.0,0.00%,0.0,0.0,0.0,0.0,2.0,0.0,1,2,2.0,50.00%,2.0,2.0,46.0,https://publish.bus-data.dft.gov.uk/org/228/dataset/ppc-archive/
Go Goodwins Coaches Ltd,Inactive,2020-10-06 12:42:08.752150+00:00,2020-10-06 12:16:31.237087+00:00,2020-10-06 12:16:31.514184+00:00,2022-10-03 16:23:08.661887+00:00,TRUE,GOGO,PC0005236,1,0.0,0.0,0.0,0.0,0.0,0.0,0.0,0.0,0.0,0.0,0.0,0.0,0.0,1,1,1.0,0.00%,1.0,1.0,,
Bear Buses,Active,2021-03-19 17:02:54.962594+00:00,2020-10-08 09:15:00.382650+00:00,2021-03-18 12:44:46.884581+00:00,2026-07-09 06:16:37.342106+00:00,TRUE,BEAR,PK0001811,1,0.0,4.0,0.0,4.0,4.0,4.0,100.00%,3.0,3.0,0.0,0.0,0.0,0.0,1,1,1.0,100.00%,1.0,1.0,100.0,https://publish.bus-data.dft.gov.uk/org/230/dataset/ppc-archive/
Cardinal Buses,Active,2020-11-17 12:33:49.045519+00:00,2020-10-08 09:15:28.549036+00:00,2020-11-16 23:43:56.044242+00:00,2026-07-09 06:16:37.342106+00:00,TRUE,CARD,PK1070121,1,0.0,8.0,0.0,8.0,7.0,7.0,87.50%,2.0,2.0,0.0,0.0,0.0,0.0,1,1,1.0,100.00%,1.0,1.0,100.0,https://publish.bus-data.dft.gov.uk/org/231/dataset/ppc-archive/
Carlone Buses,Active,2020-10-08 09:17:16.240008+00:00,2020-10-08 09:15:56.941496+00:00,2020-10-08 09:15:57.168237+00:00,2026-04-02 17:30:16.430477+00:00,TRUE,CLNB,PK0001884,1,0.0,7.0,0.0,7.0,7.0,7.0,100.00%,0.0,0.0,0.0,0.0,0.0,0.0,1,1,1.0,100.00%,1.0,1.0,89.0,https://publish.bus-data.dft.gov.uk/org/232/dataset/ppc-archive/
Cruisers,Active,2020-11-13 09:16:28+00:00,2020-10-08 09:16:25.973428+00:00,2020-10-08 09:16:26.225512+00:00,2026-07-07 16:00:46.178073+00:00,TRUE,MINI,PK0002929,1,0.0,1.0,0.0,1.0,1.0,1.0,100.00%,0.0,0.0,0.0,0.0,0.0,0.0,1,1,1.0,0.00%,1.0,1.0,100.0,https://publish.bus-data.dft.gov.uk/org/233/dataset/ppc-archive/
Thames Valley Buses,Active,2020-11-16 09:50:23.133000+00:00,2020-10-08 09:16:54.325603+00:00,2020-11-15 03:33:37.557815+00:00,2026-07-09 06:16:37.342106+00:00,TRUE,CTNY;THVB,PH0005994,1,0.0,28.0,1.0,27.0,24.0,24.0,88.89%,0.0,0.0,0.0,1.0,0.0,0.0,1,1,1.0,100.00%,1.0,1.0,98.0,https://publish.bus-data.dft.gov.uk/org/234/dataset/ppc-archive/
East Surrey Rural Transport Partnership,Pending invite,,2020-10-08 09:18:00.543896+00:00,2021-08-18 13:50:11.037418+00:00,,TRUE,BS4U,PK1069396,1,0.0,0.0,0.0,0.0,0.0,0.0,0.0,0.0,0.0,0.0,0.0,0.0,0.0,0,0,0.0,0.00%,0.0,0.0,,
Falcon Buses,Active,2020-10-09 13:21:36.199854+00:00,2020-10-08 09:18:22.964618+00:00,2020-10-08 09:18:23.181327+00:00,2026-06-04 10:38:37.237914+00:00,TRUE,FALC,PK1109969,1,0.0,28.0,0.0,28.0,27.0,27.0,96.43%,1.0,1.0,0.0,0.0,11.0,0.0,1,1,1.0,100.00%,1.0,1.0,97.0,https://publish.bus-data.dft.gov.uk/org/237/dataset/ppc-archive/
First Bus London,Active,2020-11-23 16:41:25.457585+00:00,2020-10-08 09:19:41.949281+00:00,2020-11-23 12:17:29.927829+00:00,2026-06-26 06:09:35.390941+00:00,TRUE,EPSM;LSOV;LUTD;QULN;TDEV,PK0002088;PK0002250;PK0002378,3,3.0,16.0,0.0,16.0,14.0,14.0,87.50%,0.0,0.0,0.0,0.0,0.0,0.0,110,1,1.0,100.00%,0.0,0.0,,
Reptons Coaches,Active,2020-10-08 11:54:49.747707+00:00,2020-10-08 09:21:23.425315+00:00,2020-10-08 09:21:23.633654+00:00,2026-07-09 06:16:37.342106+00:00,TRUE,REPT,PK0001280,1,0.0,8.0,0.0,8.0,8.0,8.0,100.00%,3.0,3.0,0.0,0.0,5.0,0.0,1,1,1.0,100.00%,1.0,1.0,47.0,https://publish.bus-data.dft.gov.uk/org/240/dataset/ppc-archive/
Runnymede Community Transport,Inactive,2020-11-17 10:33:30.981338+00:00,2020-10-08 09:22:43.720627+00:00,2020-11-16 23:45:59.886055+00:00,2020-11-17 10:33:31.015967+00:00,UNKNOWN,RUNY,,0,0.0,0.0,0.0,0.0,0.0,0.0,0.0,0.0,0.0,0.0,0.0,0.0,0.0,0,0,0.0,0.00%,0.0,0.0,,
Safeguard Coaches,Active,2020-11-25 13:19:04.299873+00:00,2020-10-08 09:23:18.777472+00:00,2020-11-23 12:20:08.473010+00:00,2025-12-06 14:46:00.877117+00:00,TRUE,SFGC,PK0001486,1,0.0,7.0,0.0,7.0,2.0,2.0,28.57%,0.0,0.0,0.0,0.0,0.0,0.0,1,1,1.0,100.00%,1.0,1.0,98.0,https://publish.bus-data.dft.gov.uk/org/242/dataset/ppc-archive/
Southdown Buses,Inactive,2020-10-08 12:05:59.543207+00:00,2020-10-08 09:23:42.155880+00:00,2020-10-08 09:23:42.359839+00:00,2022-02-10 19:27:24.360913+00:00,TRUE,SPSV,PK1007823,1,0.0,0.0,0.0,0.0,0.0,0.0,0.0,0.0,0.0,0.0,0.0,0.0,0.0,0,0,0.0,0.00%,0.0,0.0,,
Sullivan Buses,Active,2020-10-08 09:26:18.421602+00:00,2020-10-08 09:24:11.652465+00:00,2020-10-08 09:24:11.861209+00:00,2026-06-18 12:38:18.015405+00:00,TRUE,SULV,PF1144361;PK2028071,2,0.0,4.0,0.0,4.0,2.0,0.0,0.00%,0.0,0.0,0.0,0.0,4.0,5.0,5,2,2.0,50.00%,2.0,2.0,39.0,https://publish.bus-data.dft.gov.uk/org/244/dataset/ppc-archive/
Waverley Hoppa,Pending invite,,2020-10-08 09:24:55.781342+00:00,2021-08-18 13:51:28.841965+00:00,,UNKNOWN,WHOP,,0,0.0,0.0,0.0,0.0,0.0,0.0,0.0,0.0,0.0,0.0,0.0,0.0,0.0,0,0,0.0,0.00%,0.0,0.0,,
White Bus,Active,2020-10-09 11:18:09.580777+00:00,2020-10-08 09:25:17.876701+00:00,2020-10-08 09:25:18.101296+00:00,2026-04-07 07:45:05.818579+00:00,TRUE,WBSV,PH0005977;PK2025843,2,0.0,15.0,0.0,15.0,14.0,14.0,93.33%,0.0,0.0,0.0,0.0,0.0,0.0,1,1,1.0,0.00%,1.0,1.0,97.0,https://publish.bus-data.dft.gov.uk/org/246/dataset/ppc-archive/
Flexibus,Inactive,2020-11-17 09:43:23.927501+00:00,2020-10-08 09:26:43.835003+00:00,2020-11-16 23:44:42.444689+00:00,2020-11-17 09:43:23.957089+00:00,UNKNOWN,,,0,0.0,0.0,0.0,0.0,0.0,0.0,0.0,0.0,0.0,0.0,0.0,0.0,0.0,0,0,0.0,0.00%,0.0,0.0,,
Grayline Coaches,Active,2020-10-08 15:41:33.297655+00:00,2020-10-08 15:15:16.356325+00:00,2020-10-08 15:15:16.613348+00:00,2026-07-03 06:42:49.422132+00:00,TRUE,GYLC,PH0006131,1,0.0,0.0,0.0,0.0,0.0,0.0,0.0,0.0,0.0,0.0,0.0,0.0,0.0,0,1,1.0,0.00%,1.0,1.0,,
Red Rose Travel,Active,2020-11-16 07:58:20.733169+00:00,2020-10-08 15:21:54.961789+00:00,2020-11-15 03:28:21.445131+00:00,2026-07-06 09:07:17.704664+00:00,TRUE,RRTR,PC0004918;PF0001493,2,0.0,43.0,0.0,43.0,35.0,0.0,0.00%,0.0,0.0,0.0,0.0,2.0,0.0,1,1,1.0,100.00%,1.0,1.0,82.0,https://publish.bus-data.dft.gov.uk/org/251/dataset/ppc-archive/
Richard Wellesley,Pending invite,,2020-10-08 15:23:13.664656+00:00,2021-08-18 13:50:58.517445+00:00,,UNKNOWN,RWMC,,0,0.0,0.0,0.0,0.0,0.0,0.0,0.0,0.0,0.0,0.0,0.0,0.0,0.0,0,0,0.0,0.00%,0.0,0.0,,
Langston & Tasker,Active,2020-10-09 08:25:26.708332+00:00,2020-10-08 15:26:45.717338+00:00,2020-10-08 15:26:45.936062+00:00,2026-07-09 06:16:37.342106+00:00,TRUE,LTKR,PF0005035,1,0.0,4.0,0.0,4.0,4.0,4.0,100.00%,1.0,1.0,0.0,0.0,0.0,0.0,1,1,1.0,100.00%,1.0,1.0,100.0,https://publish.bus-data.dft.gov.uk/org/253/dataset/ppc-archive/
York Pullman Bus Company,Active,2020-10-09 10:15:28.803540+00:00,2020-10-09 09:40:07.217227+00:00,2020-10-09 09:40:07.478986+00:00,2026-02-23 09:52:57.004075+00:00,TRUE,KJTR,PB1081341,1,0.0,22.0,4.0,18.0,20.0,20.0,111.11%,1.0,1.0,0.0,0.0,2.0,4.0,1,2,1.0,100.00%,1.0,1.0,100.0,https://publish.bus-data.dft.gov.uk/org/254/dataset/ppc-archive/
Red Eagle,Active,2020-10-09 10:10:09.093480+00:00,2020-10-09 09:55:03.973737+00:00,2020-10-09 09:55:04.192560+00:00,2025-11-13 11:46:47.822882+00:00,TRUE,REDE,PF1128129,1,0.0,15.0,0.0,15.0,14.0,14.0,93.33%,0.0,0.0,0.0,0.0,0.0,0.0,1,1,1.0,0.00%,1.0,1.0,72.0,https://publish.bus-data.dft.gov.uk/org/255/dataset/ppc-archive/
Going Forward Buses,Inactive,2020-10-09 14:28:37.707250+00:00,2020-10-09 09:56:33.675883+00:00,2020-10-09 09:56:33.890465+00:00,2020-10-09 14:28:37.763138+00:00,UNKNOWN,GFWD,,0,0.0,0.0,0.0,0.0,0.0,0.0,0.0,0.0,0.0,0.0,0.0,0.0,0.0,0,0,0.0,0.00%,0.0,0.0,,
West Oxfordshire Community Transport,Active,2020-10-09 10:13:12.317701+00:00,2020-10-09 09:57:03.111306+00:00,2020-10-09 09:57:03.321900+00:00,2026-07-08 17:10:06.784812+00:00,FALSE,WOCT,,0,10.0,0.0,0.0,0.0,0.0,0.0,0.0,0.0,0.0,0.0,0.0,0.0,0.0,1,1,1.0,100.00%,1.0,1.0,,
West Berkshire Council (UILTA),Active,2020-10-12 09:41:33.303603+00:00,2020-10-09 09:58:09.685047+00:00,2020-10-09 09:58:09.901361+00:00,2026-07-06 14:03:33.768758+00:00,FALSE,WBCT,,0,3.0,0.0,0.0,0.0,0.0,0.0,0.0,0.0,0.0,0.0,0.0,0.0,0.0,2,1,0.0,0.00%,0.0,0.0,,
Whites Coaches,Active,2020-10-09 10:04:16.935221+00:00,2020-10-09 09:58:38.751141+00:00,2020-10-09 09:58:38.958559+00:00,2026-07-03 06:42:49.422132+00:00,TRUE,WHTS,PH1073419,1,0.0,1.0,0.0,1.0,1.0,1.0,100.00%,1.0,0.0,0.0,0.0,0.0,0.0,1,0,2.0,100.00%,2.0,2.0,,
Kidlington Assisted Transport,Pending invite,,2020-10-09 10:03:43.748691+00:00,2021-08-18 13:50:27.867650+00:00,,UNKNOWN,KAST,,0,0.0,0.0,0.0,0.0,0.0,0.0,0.0,0.0,0.0,0.0,0.0,0.0,0.0,0,0,0.0,0.00%,0.0,0.0,,
Wallingford Coach,Pending invite,,2020-10-09 10:10:01.969991+00:00,2021-09-21 09:12:31.545672+00:00,,TRUE,WALL,PH1125871,1,0.0,0.0,0.0,0.0,0.0,0.0,0.0,0.0,0.0,0.0,0.0,0.0,0.0,0,0,0.0,0.00%,0.0,0.0,,
Star Travel,Active,2020-10-10 16:06:49.271545+00:00,2020-10-09 10:19:02.192121+00:00,2020-10-09 10:19:02.405114+00:00,2026-04-01 15:05:30.994181+00:00,TRUE,SSAH;STAR;STHL,PB0004317;PF1147776,2,0.0,1.0,0.0,1.0,1.0,1.0,100.00%,0.0,0.0,0.0,0.0,0.0,0.0,2,2,3.0,100.00%,3.0,3.0,0.0,https://publish.bus-data.dft.gov.uk/org/263/dataset/ppc-archive/
Vale Travel,Active,2020-12-29 07:39:04.718900+00:00,2020-10-09 10:19:47.337516+00:00,2020-12-14 11:12:29.126381+00:00,2026-05-15 13:06:02.354114+00:00,TRUE,VLET,PF1122792,1,0.0,1.0,0.0,1.0,0.0,0.0,0.0,0.0,0.0,0.0,0.0,0.0,0.0,0,0,1.0,100.00%,1.0,1.0,,
South Beds Dial a Ride,Active,2020-10-09 15:56:28.406709+00:00,2020-10-09 10:20:58.390732+00:00,2020-10-09 10:20:58.610269+00:00,2020-10-09 15:56:28.453612+00:00,TRUE,SBDR,CB0003093;CB0003094;CB0003095;CB0003096,4,0.0,0.0,0.0,0.0,0.0,0.0,0.0,0.0,0.0,0.0,0.0,0.0,0.0,0,0,0.0,0.00%,0.0,0.0,,
Wanderbus,Inactive,2020-10-12 09:12:51.998703+00:00,2020-10-09 10:21:42.399094+00:00,2020-10-09 10:21:42.620828+00:00,2020-10-12 09:12:52.071053+00:00,UNKNOWN,WWDR,,0,0.0,0.0,0.0,0.0,0.0,0.0,0.0,0.0,0.0,0.0,0.0,0.0,0.0,0,0,0.0,0.00%,0.0,0.0,,
Winslow & District Community Bus,Inactive,2020-12-16 11:01:03.305719+00:00,2020-10-09 10:22:02.837115+00:00,2020-12-14 11:12:40.025477+00:00,2020-12-16 13:49:29.595500+00:00,UNKNOWN,WINS,,0,0.0,0.0,0.0,0.0,0.0,0.0,0.0,0.0,0.0,0.0,0.0,0.0,0.0,0,0,0.0,0.00%,0.0,0.0,,
Marshalls of Sutton on Trent,Active,2020-10-14 13:13:23.580754+00:00,2020-10-09 10:25:22.653402+00:00,2020-10-14 12:39:57.391418+00:00,2026-04-08 10:58:38.191622+00:00,TRUE,MSOT,PB1071038,1,0.0,13.0,5.0,8.0,7.0,0.0,0.00%,4.0,4.0,0.0,0.0,0.0,0.0,2,2,1.0,100.00%,1.0,1.0,100.0,https://publish.bus-data.dft.gov.uk/org/269/dataset/ppc-archive/
FYT Bus,Inactive,2020-10-10 08:35:41.795087+00:00,2020-10-09 10:34:30.140706+00:00,2020-10-09 10:34:30.363190+00:00,2020-10-10 08:35:41.875166+00:00,UNKNOWN,FYTB,,0,0.0,0.0,0.0,0.0,0.0,0.0,0.0,0.0,0.0,0.0,0.0,0.0,0.0,0,0,0.0,0.00%,0.0,0.0,,
Top Taxis/Minibus Plus,Inactive,2020-10-09 10:48:47.041225+00:00,2020-10-09 10:35:16.469700+00:00,2020-10-09 10:35:16.664556+00:00,2020-10-09 10:48:47.083169+00:00,TRUE,TTIS,PH2012382,1,0.0,0.0,0.0,0.0,0.0,0.0,0.0,0.0,0.0,0.0,0.0,0.0,0.0,0,0,0.0,0.00%,0.0,0.0,,
Xelabus,Active,2020-11-19 15:27:00+00:00,2020-10-12 13:26:36.650425+00:00,2020-11-20 11:59:31.198166+00:00,2026-07-03 06:42:49.422132+00:00,TRUE,XLBL,PH1098723,1,0.0,7.0,0.0,7.0,5.0,5.0,71.43%,2.0,0.0,0.0,0.0,0.0,0.0,1,1,1.0,100.00%,1.0,1.0,,
Seaford and District Motor Services Ltd,Active,2020-10-12 14:17:54.687515+00:00,2020-10-12 14:16:47.240352+00:00,2020-10-12 14:16:47.481893+00:00,2026-01-05 12:48:09.523152+00:00,TRUE,SEAD,PK2005013,1,0.0,0.0,0.0,0.0,0.0,0.0,0.0,0.0,0.0,0.0,0.0,0.0,0.0,1,1,2.0,100.00%,2.0,2.0,,
Midhurst Community Bus,Inactive,2020-10-13 09:58:37.538178+00:00,2020-10-13 09:56:43.516951+00:00,2020-10-13 09:56:43.768040+00:00,2020-10-14 10:54:35.690839+00:00,UNKNOWN,MDCM,,0,0.0,0.0,0.0,0.0,0.0,0.0,0.0,0.0,0.0,0.0,0.0,0.0,0.0,0,0,0.0,0.00%,0.0,0.0,,
Isle Coaches,Inactive,2020-10-16 07:58:09.362847+00:00,2020-10-14 12:12:58.374058+00:00,2020-10-14 12:12:58.607634+00:00,2020-10-16 09:03:26.864100+00:00,TRUE,ISLE,PB0004018,1,0.0,0.0,0.0,0.0,0.0,0.0,0.0,0.0,0.0,0.0,0.0,0.0,0.0,0,0,0.0,0.00%,0.0,0.0,,
Nottingham Coaches Ltd,Inactive,2021-02-05 11:47:11+00:00,2020-10-14 12:41:14.239681+00:00,2021-02-01 16:17:06.307339+00:00,2023-04-06 08:15:29.999201+00:00,TRUE,NOCL,PB1125487,1,0.0,1.0,1.0,0.0,0.0,0.0,0.0,1.0,1.0,0.0,0.0,0.0,0.0,0,0,0.0,0.00%,0.0,0.0,,
Sharpes of Nottingham,Active,2020-11-25 13:59:04.195597+00:00,2020-10-14 12:41:50.788024+00:00,2020-11-25 13:57:21.462625+00:00,2026-07-09 06:16:37.342106+00:00,TRUE,SHRN,PB1032369,1,0.0,11.0,0.0,11.0,11.0,11.0,100.00%,5.0,4.0,0.0,0.0,0.0,0.0,1,1,1.0,100.00%,1.0,1.0,91.0,https://publish.bus-data.dft.gov.uk/org/279/dataset/ppc-archive/
Nottingham Minibuses & Coaches Ltd,Active,2021-03-30 13:55:38.770552+00:00,2020-10-14 12:42:40.529702+00:00,2021-03-30 12:36:04.641453+00:00,2025-02-03 07:35:04.673331+00:00,TRUE,PRVN,PB1129926,1,0.0,20.0,0.0,20.0,18.0,18.0,90.00%,0.0,0.0,0.0,0.0,0.0,0.0,2,1,2.0,100.00%,2.0,2.0,40.0,https://publish.bus-data.dft.gov.uk/org/280/dataset/ppc-archive/
GEM Mini Travel Ltd,Active,2020-12-14 11:22:55.577479+00:00,2020-10-14 12:43:34.525844+00:00,2020-12-14 11:07:15.812561+00:00,2025-05-29 13:12:10.517445+00:00,TRUE,GMMN,PB1070499,1,0.0,3.0,0.0,3.0,0.0,0.0,0.0,3.0,1.0,0.0,0.0,0.0,0.0,0,0,0.0,0.00%,0.0,0.0,,
Kettlewells (Retford) Ltd,Active,2021-03-05 12:02:27.568641+00:00,2020-10-14 12:44:10.154319+00:00,2021-02-16 09:25:59+00:00,2023-06-01 09:36:41+00:00,TRUE,KRWL,PB0002626,1,0.0,1.0,0.0,1.0,0.0,0.0,0.0,1.0,1.0,0.0,0.0,0.0,0.0,0,0,0.0,0.00%,0.0,0.0,,
Bullocks Coaches,Active,2020-10-15 09:44:07.761398+00:00,2020-10-14 20:58:40.340669+00:00,2020-10-14 20:58:40.565955+00:00,2026-06-29 08:08:10.980010+00:00,TRUE,BULL,PC0001115,1,0.0,1.0,0.0,1.0,0.0,0.0,0.0,0.0,0.0,0.0,0.0,0.0,0.0,0,1,1.0,0.00%,1.0,1.0,,
ASD Coaches,Active,2020-10-17 12:16:43.436461+00:00,2020-10-14 22:07:21.982474+00:00,2020-10-14 22:07:22.196107+00:00,2026-07-06 15:53:01.965919+00:00,TRUE,ASDC,PK1148010,1,0.0,10.0,1.0,9.0,9.0,0.0,0.00%,0.0,0.0,0.0,1.0,0.0,0.0,1,1,3.0,100.00%,3.0,3.0,70.0,https://publish.bus-data.dft.gov.uk/org/284/dataset/ppc-archive/
E Stott & Sons Ltd,Active,2020-10-21 15:20:04.737741+00:00,2020-10-21 15:14:53.571590+00:00,2020-10-21 15:14:53.803161+00:00,2025-05-19 12:22:49.647111+00:00,TRUE,ESTS,PB0004410,1,0.0,10.0,0.0,10.0,10.0,10.0,100.00%,0.0,0.0,0.0,0.0,0.0,0.0,1,1,1.0,0.00%,1.0,1.0,71.0,https://publish.bus-data.dft.gov.uk/org/287/dataset/ppc-archive/
Abbey Travel Coach Hire Ltd,Pending invite,,2020-10-22 09:01:50.239590+00:00,2021-08-18 13:49:35.029527+00:00,,TRUE,ABCM;ATCH,PB1042049;PD1049480,2,0.0,0.0,0.0,0.0,0.0,0.0,0.0,0.0,0.0,0.0,0.0,0.0,0.0,0,0,0.0,0.00%,0.0,0.0,,
Jim Hughes Coaches,Active,2020-10-25 18:09:00.330635+00:00,2020-10-23 10:30:34.294371+00:00,2020-10-23 10:30:34.534162+00:00,2026-04-08 10:27:37.509984+00:00,TRUE,JHCL,PB1049268,1,1.0,83.0,0.0,83.0,78.0,0.0,0.00%,2.0,2.0,0.0,0.0,77.0,0.0,1,1,1.0,100.00%,1.0,1.0,78.0,https://publish.bus-data.dft.gov.uk/org/289/dataset/ppc-archive/
Henry Cooper Coaches,Inactive,2020-10-23 11:00:37.742577+00:00,2020-10-23 10:32:24.615079+00:00,2020-10-23 10:32:24.845067+00:00,2022-09-01 08:44:53.119468+00:00,TRUE,WGHC,PB1136476,1,0.0,0.0,0.0,0.0,0.0,0.0,0.0,0.0,0.0,0.0,0.0,0.0,0.0,0,1,0.0,0.00%,0.0,0.0,,
Compass Travel,Active,2020-11-17 09:32:10.773196+00:00,2020-10-27 10:52:37.956770+00:00,2020-11-16 23:44:08.587222+00:00,2026-05-21 14:08:34.224695+00:00,TRUE,COMT,PK0003556,1,0.0,65.0,3.0,62.0,55.0,0.0,0.00%,0.0,0.0,0.0,4.0,0.0,0.0,1,1,1.0,0.00%,1.0,1.0,97.0,https://publish.bus-data.dft.gov.uk/org/291/dataset/ppc-archive/
A Lyles & Son,Active,2020-10-29 10:25:35.667224+00:00,2020-10-29 09:50:18.260742+00:00,2020-10-29 09:50:18.504231+00:00,2024-09-13 08:14:01.120892+00:00,TRUE,LNGS,PB2006701,1,0.0,8.0,0.0,8.0,8.0,8.0,100.00%,0.0,0.0,0.0,0.0,0.0,0.0,1,1,1.0,100.00%,1.0,1.0,37.0,https://publish.bus-data.dft.gov.uk/org/292/dataset/ppc-archive/
Beaver Bus,Inactive,2020-11-03 09:50:27.939230+00:00,2020-11-03 09:43:25.677524+00:00,2020-11-03 09:43:25.910056+00:00,2020-11-03 09:50:28.026143+00:00,TRUE,BEAV,PF0001481,1,0.0,0.0,0.0,0.0,0.0,0.0,0.0,0.0,0.0,0.0,0.0,0.0,0.0,0,0,0.0,0.00%,0.0,0.0,,
Pauls Travel,Active,2020-11-04 11:42:34.935215+00:00,2020-11-04 11:41:19.800905+00:00,2020-11-04 11:41:20.046241+00:00,2024-03-19 13:01:18.903999+00:00,TRUE,PTRA,PB1082265,1,0.0,1.0,0.0,1.0,1.0,1.0,100.00%,0.0,0.0,0.0,0.0,1.0,0.0,1,0,1.0,0.00%,1.0,1.0,,
Pilkingtonbus,Active,2020-06-10 10:46:10+00:00,2020-11-05 16:31:27.813237+00:00,2020-11-10 10:16:24.084421+00:00,2026-07-07 09:19:28.537968+00:00,TRUE,NWBT,PC1089172,1,0.0,22.0,0.0,22.0,22.0,22.0,100.00%,5.0,2.0,0.0,0.0,1.0,0.0,3,4,9.0,77.78%,9.0,9.0,62.0,https://publish.bus-data.dft.gov.uk/org/296/dataset/ppc-archive/
Weberbus,Inactive,2020-11-18 12:09:07.990572+00:00,2020-11-09 15:48:49.355726+00:00,2020-11-16 23:46:30.142557+00:00,2020-11-18 12:09:08.034364+00:00,TRUE,WEBR,PF2008827,1,0.0,0.0,0.0,0.0,0.0,0.0,0.0,0.0,0.0,0.0,0.0,0.0,0.0,0,0,0.0,0.00%,0.0,0.0,,
Kilvingtons of Leeds Ltd,Inactive,2020-11-11 13:28:12.992494+00:00,2020-11-10 15:04:39.001235+00:00,2020-11-10 15:04:39.255497+00:00,2021-01-06 14:30:00.717827+00:00,TRUE,KILV,PB2018960,1,0.0,0.0,0.0,0.0,0.0,0.0,0.0,0.0,0.0,0.0,0.0,0.0,0.0,0,0,0.0,0.00%,0.0,0.0,,
Coastal & Country Coaches,Active,2020-11-10 16:01:55.335698+00:00,2020-11-10 16:00:31.159799+00:00,2020-11-10 16:00:31.396761+00:00,2026-02-06 11:10:55.089171+00:00,TRUE,CACC,PB0003380,1,0.0,2.0,0.0,2.0,2.0,2.0,100.00%,0.0,0.0,0.0,0.0,2.0,0.0,1,1,1.0,100.00%,1.0,1.0,,
Coastliner Buses,Active,2020-02-27 12:01:26+00:00,2020-11-13 11:24:01.413413+00:00,2020-11-15 03:37:42.303310+00:00,2026-07-07 09:19:28.537968+00:00,TRUE,NUTT,PC1072820,1,0.0,6.0,0.0,6.0,6.0,6.0,100.00%,2.0,2.0,0.0,0.0,2.0,0.0,3,1,1.0,0.00%,1.0,1.0,10.0,https://publish.bus-data.dft.gov.uk/org/300/dataset/ppc-archive/
Community Transport,Active,2020-12-18 11:48:44.332648+00:00,2020-11-14 22:55:35.341518+00:00,2020-12-14 11:05:11.957120+00:00,2022-03-21 12:45:59.814343+00:00,UNKNOWN,CTCV,,0,1.0,0.0,0.0,0.0,0.0,0.0,0.0,0.0,0.0,0.0,0.0,0.0,0.0,1,0,0.0,0.00%,0.0,0.0,,
Discount Travel Solutions Ltd,Inactive,2021-03-21 18:26:01.858762+00:00,2020-11-14 23:00:56.282205+00:00,2021-03-19 15:54:16.046686+00:00,2022-08-08 20:42:31.845107+00:00,TRUE,DTSO,PD1121581,1,0.0,0.0,0.0,0.0,0.0,0.0,0.0,0.0,0.0,0.0,0.0,0.0,0.0,0,0,0.0,0.00%,0.0,0.0,,
RK Travel,Pending invite,,2020-11-14 23:11:05.099381+00:00,2021-08-18 13:50:59.128212+00:00,,UNKNOWN,RK,,0,0.0,0.0,0.0,0.0,0.0,0.0,0.0,0.0,0.0,0.0,0.0,0.0,0.0,0,0,0.0,0.00%,0.0,0.0,,
Travel Express,Active,2020-11-15 21:58:15.893764+00:00,2020-11-14 23:18:48.855301+00:00,2020-11-14 23:18:49.055599+00:00,2025-11-22 09:33:10.741910+00:00,TRUE,TEXP,PD1140735,1,0.0,0.0,0.0,0.0,0.0,0.0,0.0,0.0,0.0,0.0,0.0,0.0,0.0,1,1,5.0,40.00%,5.0,5.0,0.0,https://publish.bus-data.dft.gov.uk/org/306/dataset/ppc-archive/
Walsall Community Transport,Active,2020-11-19 09:30:46.394191+00:00,2020-11-14 23:21:53.525906+00:00,2020-11-16 23:46:27.473829+00:00,2026-04-28 12:08:36.619914+00:00,UNKNOWN,WACT,,0,1.0,0.0,0.0,0.0,0.0,0.0,0.0,0.0,0.0,0.0,0.0,0.0,0.0,4,1,6.0,50.00%,6.0,6.0,,
2 Way Transport,Inactive,2021-03-01 10:40:14.642246+00:00,2020-11-15 01:33:03.431478+00:00,2021-03-01 10:35:52.021417+00:00,2021-03-01 10:40:14.710888+00:00,TRUE,2WTR,PB1091804,1,0.0,0.0,0.0,0.0,0.0,0.0,0.0,0.0,0.0,0.0,0.0,0.0,0.0,0,0,0.0,0.00%,0.0,0.0,,
RURAL LINK LTD,Inactive,2020-11-16 09:20:03.546487+00:00,2020-11-15 03:14:44.489534+00:00,2020-11-15 03:14:44.718812+00:00,2022-08-22 06:35:42.961484+00:00,TRUE,RURA,PB2021997,1,0.0,0.0,0.0,0.0,0.0,0.0,0.0,0.0,0.0,0.0,0.0,0.0,0.0,0,0,0.0,0.00%,0.0,0.0,,
Acme Bus Co,Active,2020-11-24 14:54:30.050415+00:00,2020-11-15 03:16:51.491961+00:00,2020-11-23 12:11:46.422961+00:00,2026-01-19 14:29:53.530104+00:00,TRUE,ACME,PF1102351,1,0.0,9.0,0.0,9.0,6.0,6.0,66.67%,9.0,3.0,0.0,0.0,0.0,0.0,5,1,1.0,100.00%,1.0,1.0,,
Lucketts of Watford,Active,2020-11-17 09:58:40.168386+00:00,2020-11-15 03:22:56.132655+00:00,2020-11-16 23:45:27.455669+00:00,2025-01-17 12:29:35.562170+00:00,TRUE,LUCW,PF0002158,1,0.0,0.0,0.0,0.0,0.0,0.0,0.0,0.0,0.0,0.0,0.0,0.0,0.0,1,1,0.0,0.00%,0.0,0.0,0.0,https://publish.bus-data.dft.gov.uk/org/315/dataset/ppc-archive/
Tetley's Motor Services Ltd,Active,2020-11-17 06:11:31.054594+00:00,2020-11-15 03:29:22.943410+00:00,2020-11-16 23:46:17.003601+00:00,2021-12-17 06:52:23.344783+00:00,TRUE,TTLY,PB0003710,1,0.0,1.0,0.0,1.0,0.0,0.0,0.0,1.0,0.0,1.0,0.0,0.0,0.0,0,0,0.0,0.00%,0.0,0.0,,
Tanat Valley Coaches,Active,2020-11-16 06:34:34.826416+00:00,2020-11-15 03:31:15.791270+00:00,2020-11-15 03:31:16.065276+00:00,2026-06-12 09:22:34.481305+00:00,TRUE,TANV,PD2055406;PG1012786,2,0.0,26.0,0.0,26.0,22.0,22.0,84.62%,1.0,1.0,0.0,0.0,0.0,0.0,26,1,15.0,66.67%,15.0,15.0,45.0,https://publish.bus-data.dft.gov.uk/org/317/dataset/ppc-archive/
Hunter Coaches,Inactive,2020-11-16 13:12:03.394716+00:00,2020-11-15 03:32:53.347542+00:00,2020-11-15 03:32:53.575966+00:00,2020-12-17 06:21:45.621273+00:00,TRUE,HUNT,PB0001701,1,0.0,1.0,1.0,0.0,0.0,0.0,0.0,0.0,0.0,0.0,0.0,0.0,0.0,0,0,0.0,0.00%,0.0,0.0,,
CallConnect,Active,,2020-11-16 09:28:12.768029+00:00,2020-11-16 09:28:12.984264+00:00,,UNKNOWN,CALC,,0,0.0,0.0,0.0,0.0,0.0,0.0,0.0,0.0,0.0,0.0,0.0,0.0,0.0,0,0,0.0,0.00%,0.0,0.0,,
Atkinsons Coaches,Inactive,2020-11-17 12:06:09.761322+00:00,2020-11-16 18:18:57.910083+00:00,2020-11-16 23:43:40+00:00,2021-01-18 16:33:11.071217+00:00,TRUE,ATKI,PB1112386,1,0.0,0.0,0.0,0.0,0.0,0.0,0.0,0.0,0.0,0.0,0.0,0.0,0.0,0,0,0.0,0.00%,0.0,0.0,,
HCT Group,Inactive,2020-11-18 11:09:28.276669+00:00,2020-11-16 23:12:43.273728+00:00,2020-11-16 23:45:00.375424+00:00,2022-09-13 15:23:47.204633+00:00,TRUE,CTPL;NCTP;POWB,PB0003615;PB1055440;PH1105011;PK1033726,4,0.0,0.0,0.0,0.0,0.0,0.0,0.0,0.0,0.0,0.0,0.0,0.0,0.0,2,2,0.0,0.00%,0.0,0.0,,
Nu-Venture,Active,2020-11-17 13:10:17+00:00,2020-11-17 00:19:04.715266+00:00,2020-11-17 00:19:04.930930+00:00,2026-07-07 16:00:46.178073+00:00,TRUE,NVTR,PK0000141,1,0.0,47.0,0.0,47.0,44.0,44.0,93.62%,0.0,0.0,0.0,0.0,0.0,0.0,1,1,94.0,10.64%,94.0,94.0,66.0,https://publish.bus-data.dft.gov.uk/org/324/dataset/ppc-archive/
Redwing Coaches,Inactive,2020-12-23 09:35:30.913672+00:00,2020-11-17 00:26:21.472593+00:00,2020-12-14 11:10:48.224917+00:00,2020-12-24 05:04:29.077698+00:00,TRUE,REDC,PK0002204,1,0.0,0.0,0.0,0.0,0.0,0.0,0.0,0.0,0.0,0.0,0.0,0.0,0.0,0,0,0.0,0.00%,0.0,0.0,,
Edward Thomas,Active,2020-11-17 08:50:17.029172+00:00,2020-11-17 00:27:46.454741+00:00,2020-11-17 00:27:46.661589+00:00,2026-07-07 16:00:46.178073+00:00,TRUE,EDTM,PK0002290,1,0.0,2.0,0.0,2.0,2.0,2.0,100.00%,1.0,1.0,0.0,0.0,0.0,0.0,1,1,1.0,0.00%,1.0,1.0,0.0,https://publish.bus-data.dft.gov.uk/org/326/dataset/ppc-archive/
Redroute Buses,Active,2020-12-01 11:23:41.070059+00:00,2020-11-17 00:33:25.681210+00:00,2020-12-01 11:04:33.564249+00:00,2026-07-08 17:10:06.784812+00:00,TRUE,RDRT,PK1055511,1,0.0,0.0,0.0,0.0,0.0,0.0,0.0,0.0,0.0,0.0,0.0,0.0,0.0,0,0,0.0,0.00%,0.0,0.0,,
GO-Coach Hire Ltd,Active,2020-12-14 09:30:28+00:00,2020-11-17 00:37:14.528755+00:00,2020-12-14 11:07:21.953226+00:00,2026-07-08 17:10:06.784812+00:00,TRUE,GOCH,PK1079476,1,0.0,40.0,1.0,39.0,34.0,0.0,0.00%,0.0,0.0,0.0,1.0,0.0,0.0,1,1,1.0,0.00%,1.0,1.0,98.0,https://publish.bus-data.dft.gov.uk/org/329/dataset/ppc-archive/
1st Bus Stop Ltd,Active,2020-12-14 09:30:28+00:00,2020-11-17 00:37:59.479924+00:00,2021-03-04 07:31:32.792264+00:00,2026-07-09 06:16:37.342106+00:00,TRUE,FBSM,PK1147727,1,0.0,18.0,0.0,18.0,18.0,18.0,100.00%,0.0,0.0,0.0,0.0,15.0,0.0,1,1,1.0,100.00%,1.0,1.0,82.0,https://publish.bus-data.dft.gov.uk/org/330/dataset/ppc-archive/
Brian Jones Coaches,Active,2020-12-14 09:30:28+00:00,2020-11-17 00:39:01.783643+00:00,2021-02-01 16:10:08.282358+00:00,2026-07-08 17:10:06.784812+00:00,TRUE,BJCO,PK2004071,1,0.0,4.0,0.0,4.0,4.0,4.0,100.00%,0.0,0.0,0.0,0.0,4.0,0.0,1,1,4.0,100.00%,4.0,4.0,100.0,https://publish.bus-data.dft.gov.uk/org/331/dataset/ppc-archive/
Roselyn Coaches,Active,2020-11-17 17:20:52.129300+00:00,2020-11-17 00:44:36.529196+00:00,2020-11-17 00:44:36.751643+00:00,2026-07-03 06:42:49.422132+00:00,TRUE,RSLN,PH1038599,1,0.0,0.0,0.0,0.0,0.0,0.0,0.0,0.0,0.0,0.0,0.0,0.0,0.0,0,3,1.0,0.00%,1.0,1.0,,
Cotswold Green,Active,2020-11-18 10:39:37.785533+00:00,2020-11-17 00:45:37.001436+00:00,2020-11-17 00:45:37.223728+00:00,2026-07-03 06:42:49.422132+00:00,TRUE,COTS,PH1064160,1,0.0,11.0,0.0,11.0,11.0,11.0,100.00%,0.0,0.0,0.0,0.0,0.0,0.0,1,1,1.0,0.00%,1.0,1.0,0.0,https://publish.bus-data.dft.gov.uk/org/334/dataset/ppc-archive/
Torbay Buses,Active,2020-11-18 07:00:56.528582+00:00,2020-11-17 00:46:53.952462+00:00,2020-11-17 00:46:54.157832+00:00,2026-07-03 06:42:49.422132+00:00,TRUE,DJWA,PH1117103,1,0.0,14.0,0.0,14.0,14.0,14.0,100.00%,0.0,0.0,0.0,0.0,0.0,0.0,1,1,1.0,0.00%,1.0,1.0,2.0,https://publish.bus-data.dft.gov.uk/org/335/dataset/ppc-archive/
Carmel Coaches,Inactive,2020-11-17 13:02:51.986296+00:00,2020-11-17 00:47:43.804488+00:00,2020-11-17 00:47:44.036356+00:00,2020-11-17 13:02:52.032991+00:00,UNKNOWN,CBSW;CRML,,0,0.0,0.0,0.0,0.0,0.0,0.0,0.0,0.0,0.0,0.0,0.0,0.0,0.0,0,0,0.0,0.00%,0.0,0.0,,
K B Coaches,Active,2020-12-18 15:09:04.149802+00:00,2020-11-17 00:49:07.820683+00:00,2021-05-24 15:39:29.171030+00:00,2026-01-19 14:29:53.530104+00:00,TRUE,KBCO,PH1145323,1,0.0,2.0,0.0,2.0,2.0,2.0,100.00%,2.0,0.0,0.0,0.0,0.0,0.0,1,1,1.0,100.00%,1.0,1.0,,
Southampton Mini Link,Inactive,2020-11-17 05:59:33.139325+00:00,2020-11-17 00:51:39.879787+00:00,2020-11-17 00:51:40.070388+00:00,2022-02-07 20:53:17.479758+00:00,TRUE,SOUT,PH1146678,1,0.0,0.0,0.0,0.0,0.0,0.0,0.0,0.0,0.0,0.0,0.0,0.0,0.0,0,0,0.0,0.00%,0.0,0.0,,
Harlequin Coaches,Pending invite,,2020-11-17 00:52:43.360452+00:00,2021-08-18 13:50:28.260646+00:00,,TRUE,HQCO,PM1043043,1,0.0,0.0,0.0,0.0,0.0,0.0,0.0,0.0,0.0,0.0,0.0,0.0,0.0,0,0,0.0,0.00%,0.0,0.0,,
South Mimms Travel,Inactive,2020-12-03 12:06:27.134631+00:00,2020-11-17 00:53:26.020993+00:00,2020-12-03 10:04:48.714671+00:00,2021-08-27 10:39:24.673232+00:00,TRUE,SMMM,PF0001596,1,0.0,0.0,0.0,0.0,0.0,0.0,0.0,0.0,0.0,0.0,0.0,0.0,0.0,0,0,0.0,0.00%,0.0,0.0,,
Britannia Coaches,Active,2020-11-23 15:03:28.611760+00:00,2020-11-17 00:54:47.668039+00:00,2020-11-23 12:13:33.045479+00:00,2026-07-08 17:10:06.784812+00:00,TRUE,CARL,PF0001633,1,0.0,0.0,0.0,0.0,0.0,0.0,0.0,0.0,0.0,0.0,0.0,0.0,0.0,0,0,0.0,0.00%,0.0,0.0,,
Landmark Coaches,Active,2020-11-26 10:03:09.309086+00:00,2020-11-17 00:56:05.178474+00:00,2020-11-25 13:50:26.442497+00:00,2022-11-28 10:36:28+00:00,TRUE,LDMK,PF0002224;PF1086978,2,0.0,1.0,0.0,1.0,0.0,0.0,0.0,1.0,0.0,0.0,0.0,0.0,0.0,0,0,0.0,0.00%,0.0,0.0,,
Little Jim's,Inactive,2021-05-28 05:23:18.573702+00:00,2020-11-17 00:56:47.929652+00:00,2021-05-25 12:06:03.720516+00:00,2021-05-28 05:23:18.633876+00:00,TRUE,LJIM,PF0002247,1,0.0,0.0,0.0,0.0,0.0,0.0,0.0,0.0,0.0,0.0,0.0,0.0,0.0,0,0,0.0,0.00%,0.0,0.0,,
Motts Travel,Active,2021-01-26 10:24:15.991102+00:00,2020-11-17 00:57:43.097043+00:00,2021-01-26 09:57:03.397878+00:00,2021-04-21 07:07:03.059337+00:00,TRUE,MOTT,PF0005046,1,0.0,0.0,0.0,0.0,0.0,0.0,0.0,0.0,0.0,0.0,0.0,0.0,0.0,0,0,0.0,0.00%,0.0,0.0,,
MET Coaches,Inactive,2021-08-18 14:11:18.789306+00:00,2020-11-17 00:58:51.219770+00:00,2021-08-18 13:50:45.165915+00:00,2021-08-18 14:11:18.815888+00:00,TRUE,MNET,PF1001625,1,0.0,0.0,0.0,0.0,0.0,0.0,0.0,0.0,0.0,0.0,0.0,0.0,0.0,0,0,0.0,0.00%,0.0,0.0,,
Mullany's Coaches,Inactive,2020-12-17 11:16:38.463564+00:00,2020-11-17 00:59:52.453052+00:00,2020-12-02 14:39:51.359290+00:00,2020-12-31 14:30:32.194285+00:00,TRUE,MULB;MULC,PF1045789,1,0.0,0.0,0.0,0.0,0.0,0.0,0.0,0.0,0.0,0.0,0.0,0.0,0.0,0,0,0.0,0.00%,0.0,0.0,,
M S TRAVEL LTD,Pending invite,,2020-11-17 01:01:21.952230+00:00,2021-08-18 13:50:43.082238+00:00,,UNKNOWN,M S TRAVEL LTD,,0,0.0,0.0,0.0,0.0,0.0,0.0,0.0,0.0,0.0,0.0,0.0,0.0,0.0,0,0,0.0,0.00%,0.0,0.0,,
Scarlet Band Bus & Coach Ltd,Inactive,2020-11-30 13:41:11.659076+00:00,2020-11-17 15:56:15.072391+00:00,2020-11-30 12:05:47.711244+00:00,2020-12-11 16:40:37.336233+00:00,TRUE,SBBC,PB1111930,1,0.0,0.0,0.0,0.0,0.0,0.0,0.0,0.0,0.0,0.0,0.0,0.0,0.0,0,0,0.0,0.00%,0.0,0.0,,
Chiltern Bus,Pending invite,,2020-11-17 23:35:55.976979+00:00,2021-08-18 13:49:58.766853+00:00,,TRUE,CHIL,PF1142840,1,0.0,0.0,0.0,0.0,0.0,0.0,0.0,0.0,0.0,0.0,0.0,0.0,0.0,0,0,0.0,0.00%,0.0,0.0,,
Swallow Coach Company,Pending invite,,2020-11-17 23:37:29.008986+00:00,2021-08-18 13:51:12.514156+00:00,,TRUE,SWLW,PK0002253,1,0.0,0.0,0.0,0.0,0.0,0.0,0.0,0.0,0.0,0.0,0.0,0.0,0.0,0,0,0.0,0.00%,0.0,0.0,,
Fourways Coaches,Active,2020-11-20 14:05:55+00:00,2020-11-17 23:40:19.219362+00:00,,2026-06-22 10:46:31.004847+00:00,TRUE,FWAY,PF0000804,1,0.0,8.0,8.0,0.0,8.0,8.0,0.0,5.0,3.0,0.0,0.0,0.0,0.0,1,0,0.0,0.00%,0.0,0.0,,
Pulfreys Coaches,Pending invite,,2020-11-17 23:41:16.850953+00:00,2021-08-18 13:50:58.930718+00:00,,TRUE,PULF,PF0000920,1,0.0,0.0,0.0,0.0,0.0,0.0,0.0,0.0,0.0,0.0,0.0,0.0,0.0,0,0,0.0,0.00%,0.0,0.0,,
Group Taxibus Ltd,Pending invite,,2020-11-17 23:42:18.887509+00:00,2021-08-18 13:50:29.055567+00:00,,TRUE,GRPT,PF0001116,1,0.0,0.0,0.0,0.0,0.0,0.0,0.0,0.0,0.0,0.0,0.0,0.0,0.0,0,0,0.0,0.00%,0.0,0.0,,
Neals,Pending invite,,2020-11-17 23:44:46.542918+00:00,2023-06-14 10:07:33.364194+00:00,,TRUE,NEAL,PF0001287,1,0.0,0.0,0.0,0.0,0.0,0.0,0.0,0.0,0.0,0.0,0.0,0.0,0.0,0,0,0.0,0.00%,0.0,0.0,,
Trekkers Travel LTD,Pending invite,,2020-11-17 23:50:02.942827+00:00,2021-08-18 13:51:12.121655+00:00,,UNKNOWN,Trekkers Travel LTD,,0,0.0,0.0,0.0,0.0,0.0,0.0,0.0,0.0,0.0,0.0,0.0,0.0,0.0,0,0,0.0,0.00%,0.0,0.0,,
Ashwood Travel,Active,2020-11-23 12:45:07.082417+00:00,2020-11-17 23:52:49.371939+00:00,2020-11-23 12:21:14.474777+00:00,2026-07-08 17:10:06.784812+00:00,TRUE,NTMY,PF2033190,1,0.0,15.0,0.0,15.0,15.0,15.0,100.00%,2.0,0.0,0.0,0.0,15.0,0.0,1,1,1.0,100.00%,1.0,1.0,100.0,https://publish.bus-data.dft.gov.uk/org/358/dataset/ppc-archive/
Herberts Travel,Inactive,2020-01-27 17:26:00+00:00,2020-11-17 23:53:32.721332+00:00,2020-11-17 23:53:32.934086+00:00,2025-07-29 18:53:33.429570+00:00,TRUE,HRBT,PF0002481,1,0.0,0.0,0.0,0.0,0.0,0.0,0.0,0.0,0.0,0.0,0.0,0.0,0.0,0,0,0.0,0.00%,0.0,0.0,,
Soul Brothers,Inactive,2020-11-20 09:43:58.402534+00:00,2020-11-17 23:54:14.087646+00:00,2020-11-17 23:54:14.313338+00:00,2021-11-12 11:17:26.050372+00:00,TRUE,SOUL,PF0005059,1,0.0,0.0,0.0,0.0,0.0,0.0,0.0,0.0,0.0,0.0,0.0,0.0,0.0,0,0,0.0,0.00%,0.0,0.0,,
Anita's Coaches,Inactive,2021-05-17 11:23:02+00:00,2020-11-17 23:55:15.196318+00:00,2021-05-17 11:21:07.798212+00:00,2023-03-16 13:49:40.175070+00:00,TRUE,ANIT,PF0006002,1,0.0,0.0,0.0,0.0,0.0,0.0,0.0,0.0,0.0,0.0,0.0,0.0,0.0,0,0,0.0,0.00%,0.0,0.0,,
Lane's Coaches,Active,2020-12-10 13:17:36.732117+00:00,2020-11-17 23:57:38.631581+00:00,2020-12-08 21:51:01.425227+00:00,2020-12-10 13:17:36.767168+00:00,TRUE,LNSC,PF1008216,1,0.0,0.0,0.0,0.0,0.0,0.0,0.0,0.0,0.0,0.0,0.0,0.0,0.0,0,0,0.0,0.00%,0.0,0.0,,
Freestone Coaches,Pending invite,,2020-11-17 23:58:40.959562+00:00,2021-08-18 13:50:11.819679+00:00,,TRUE,FSTN,PF1024617,1,0.0,0.0,0.0,0.0,0.0,0.0,0.0,0.0,0.0,0.0,0.0,0.0,0.0,0,0,0.0,0.00%,0.0,0.0,,
Awayadays,Pending invite,,2020-11-17 23:59:22.796788+00:00,2021-01-06 12:00:05.011699+00:00,,TRUE,AWAY,PF1029696,1,0.0,0.0,0.0,0.0,0.0,0.0,0.0,0.0,0.0,0.0,0.0,0.0,0.0,0,0,0.0,0.00%,0.0,0.0,,
SBC ENGINEERING LTD,Pending invite,,2020-11-18 00:01:02.053555+00:00,2021-08-18 13:50:59.269551+00:00,,TRUE,SBCE,PF1049326,1,0.0,0.0,0.0,0.0,0.0,0.0,0.0,0.0,0.0,0.0,0.0,0.0,0.0,0,0,0.0,0.00%,0.0,0.0,,
PPH COACHES LIMITED,Inactive,2021-03-30 13:32:18.171239+00:00,2020-11-18 00:02:02.320359+00:00,2021-03-30 12:36:32.479923+00:00,2021-03-30 13:32:18.218418+00:00,TRUE,PSPH,PF1069636,1,0.0,0.0,0.0,0.0,0.0,0.0,0.0,0.0,0.0,0.0,0.0,0.0,0.0,0,0,0.0,0.00%,0.0,0.0,,
Marett's Chariots,Pending invite,,2020-11-18 00:03:12.438452+00:00,2021-08-18 13:50:43.266446+00:00,,TRUE,AYLM,PF1078571,1,0.0,0.0,0.0,0.0,0.0,0.0,0.0,0.0,0.0,0.0,0.0,0.0,0.0,0,0,0.0,0.00%,0.0,0.0,,
THORNS OF RAYLEIGH LTD,Inactive,2022-08-09 17:07:12.265918+00:00,2020-11-18 00:04:17.602657+00:00,2021-08-18 13:51:11.966432+00:00,2022-08-09 17:07:12.414884+00:00,UNKNOWN,,,0,0.0,0.0,0.0,0.0,0.0,0.0,0.0,0.0,0.0,0.0,0.0,0.0,0.0,0,0,0.0,0.00%,0.0,0.0,,
Access Anyone,Pending invite,,2020-11-18 00:04:48.416014+00:00,2023-06-14 10:08:37.415065+00:00,,TRUE,ACCS,PF1086657,1,0.0,0.0,0.0,0.0,0.0,0.0,0.0,0.0,0.0,0.0,0.0,0.0,0.0,0,0,0.0,0.00%,0.0,0.0,,
BARNETT'S COACHES LTD,Active,2020-11-18 12:52:20.992214+00:00,2020-11-18 00:06:06.147679+00:00,2020-11-18 00:06:06.338925+00:00,2025-02-11 12:38:20.882722+00:00,TRUE,BARC,PF1095174,1,0.0,0.0,0.0,0.0,0.0,0.0,0.0,0.0,0.0,0.0,0.0,0.0,0.0,0,0,0.0,0.00%,0.0,0.0,,
Hamiltons & Buckbys Coaches,Pending invite,,2020-11-18 00:08:47.397919+00:00,2021-08-18 13:50:28.650224+00:00,,UNKNOWN,,,0,0.0,0.0,0.0,0.0,0.0,0.0,0.0,0.0,0.0,0.0,0.0,0.0,0.0,0,0,0.0,0.00%,0.0,0.0,,
BARKER BUS LTD,Active,2020-12-23 20:09:56.734091+00:00,2020-11-18 00:12:05.065696+00:00,2020-12-18 10:00:18.700240+00:00,2020-12-31 11:48:56.555829+00:00,TRUE,BARKER BUS LTD,PF1123987,1,0.0,3.0,3.0,0.0,0.0,0.0,0.0,3.0,0.0,0.0,0.0,0.0,0.0,0,0,0.0,0.00%,0.0,0.0,,
Masons Travel,Active,2020-12-03 11:43:53.734970+00:00,2020-11-18 00:16:05.129049+00:00,2020-12-03 10:05:49.466256+00:00,2026-05-06 14:07:50.703827+00:00,TRUE,MACH;MSNT,PF1136854,1,0.0,7.0,0.0,7.0,6.0,6.0,85.71%,7.0,0.0,0.0,0.0,0.0,0.0,2,1,1.0,100.00%,1.0,1.0,0.0,https://publish.bus-data.dft.gov.uk/org/375/dataset/ppc-archive/
Buckland Buses,Inactive,2020-11-18 07:33:19.150235+00:00,2020-11-18 00:21:44.272047+00:00,2020-11-18 00:21:44.476697+00:00,2021-07-07 09:57:41.562097+00:00,TRUE,BUCK,PF2011018,1,0.0,0.0,0.0,0.0,0.0,0.0,0.0,0.0,0.0,0.0,0.0,0.0,0.0,0,0,0.0,0.00%,0.0,0.0,,
KEANE TRAVEL LIMITED,Active,2020-11-18 11:40:11.146206+00:00,2020-11-18 00:22:22.407369+00:00,2020-11-18 00:22:22.618880+00:00,2026-01-19 14:29:53.530104+00:00,TRUE,KETR,PF2014523,1,0.0,0.0,0.0,0.0,0.0,0.0,0.0,0.0,0.0,0.0,0.0,0.0,0.0,0,1,0.0,0.00%,0.0,0.0,,
PETERBOROUGH LIMITED,Active,2020-11-18 09:06:58.556760+00:00,2020-11-18 00:23:16.674786+00:00,2020-11-18 00:23:16.900382+00:00,2020-12-03 11:54:50.328303+00:00,TRUE,PETERBOROUGH LIMITED,PF2017185,1,0.0,3.0,3.0,0.0,0.0,0.0,0.0,0.0,0.0,0.0,3.0,0.0,0.0,0,0,0.0,0.00%,0.0,0.0,,
Worcestershire County Council (UILTA),Active,2025-02-26 14:31:06.372650+00:00,2020-11-18 00:31:18.075486+00:00,2021-08-18 13:51:28.258482+00:00,2026-06-16 14:51:41.904215+00:00,TRUE,WCSC,PD0001660,1,0.0,0.0,0.0,0.0,0.0,0.0,0.0,0.0,0.0,0.0,0.0,0.0,0.0,0,0,0.0,0.00%,0.0,0.0,,
Irving of Dalston,Active,2020-11-20 09:46:49.430323+00:00,2020-11-18 00:35:48.255509+00:00,2020-11-18 00:35:48.456909+00:00,2026-01-23 10:46:44.674947+00:00,TRUE,IRVD,PC0000358;PC2080201,2,0.0,3.0,0.0,3.0,0.0,0.0,0.0,0.0,0.0,0.0,0.0,0.0,0.0,0,1,1.0,100.00%,1.0,1.0,,
Blackburn Private Hire,Active,2020-06-10 10:46:10+00:00,2020-11-18 00:36:53.643046+00:00,2020-11-18 00:36:53.860329+00:00,2026-07-07 09:19:28.537968+00:00,TRUE,BLPH,PC0005137,1,0.0,0.0,0.0,0.0,0.0,0.0,0.0,0.0,0.0,0.0,0.0,0.0,0.0,0,1,1.0,0.00%,1.0,1.0,,
Moving People,Active,2020-06-10 10:46:10+00:00,2020-11-18 00:38:08.012283+00:00,2020-11-18 00:38:08.217503+00:00,2026-07-07 09:19:28.537968+00:00,TRUE,MOVP,PC1082197,1,0.0,17.0,11.0,6.0,2.0,2.0,33.33%,12.0,10.0,0.0,0.0,0.0,0.0,1,1,1.0,0.00%,1.0,1.0,39.0,https://publish.bus-data.dft.gov.uk/org/383/dataset/ppc-archive/
MD Bus & Coach,Active,2020-11-10 12:31:26+00:00,2020-11-18 00:39:06.844223+00:00,2020-12-14 11:17:01.800664+00:00,2026-07-02 12:47:26.360265+00:00,TRUE,LNNE;MDBC,PC1129471,1,0.0,10.0,0.0,10.0,6.0,6.0,60.00%,4.0,3.0,0.0,0.0,3.0,0.0,5,1,1.0,100.00%,1.0,1.0,13.0,https://publish.bus-data.dft.gov.uk/org/384/dataset/ppc-archive/
Station Coaches,Active,2020-11-18 09:13:38.503792+00:00,2020-11-18 00:41:21.145150+00:00,2020-11-18 00:41:21.377266+00:00,2025-10-07 16:21:19.080941+00:00,TRUE,YSTN,PB1083854,1,0.0,4.0,0.0,4.0,4.0,4.0,100.00%,0.0,0.0,0.0,0.0,0.0,0.0,1,1,1.0,100.00%,1.0,1.0,50.0,https://publish.bus-data.dft.gov.uk/org/385/dataset/ppc-archive/
Ellie Rose Travel,Pending invite,,2020-11-18 00:43:15.690416+00:00,2021-08-18 13:50:11.633463+00:00,,TRUE,ELRO,PB0004385,1,0.0,0.0,0.0,0.0,0.0,0.0,0.0,0.0,0.0,0.0,0.0,0.0,0.0,0,0,0.0,0.00%,0.0,0.0,,
Streamline,Inactive,2020-11-30 13:11:44.780432+00:00,2020-11-18 00:44:52.372884+00:00,2020-11-30 12:06:08.484685+00:00,2023-04-05 09:55:35.073044+00:00,TRUE,STRM,PB1100689;PB2043272;PK0002921,3,0.0,0.0,0.0,0.0,0.0,0.0,0.0,0.0,0.0,0.0,0.0,0.0,0.0,0,0,0.0,0.00%,0.0,0.0,,
R & S Watersons,Inactive,2020-11-19 14:37:17.629535+00:00,2020-11-18 00:45:53.103660+00:00,2020-11-18 00:45:53.333791+00:00,2023-01-22 11:16:23.836718+00:00,TRUE,RWSW,PB2010230,1,0.0,0.0,0.0,0.0,0.0,0.0,0.0,0.0,0.0,0.0,0.0,0.0,0.0,0,0,0.0,0.00%,0.0,0.0,,
Ross Travel,Active,2020-11-24 14:12:46.714130+00:00,2020-11-18 00:46:38.599637+00:00,2020-11-24 14:04:22.292773+00:00,2024-05-17 08:46:03.381318+00:00,TRUE,ROSS,PB1135403,1,0.0,2.0,0.0,2.0,2.0,2.0,100.00%,0.0,0.0,0.0,0.0,0.0,0.0,2,1,1.0,100.00%,1.0,1.0,0.0,https://publish.bus-data.dft.gov.uk/org/389/dataset/ppc-archive/
Shoreline Suncruisers Ltd,Active,2020-11-23 12:24:20+00:00,2020-11-18 00:48:05.653869+00:00,2020-11-23 12:20:17.888530+00:00,2026-01-28 10:13:44.545705+00:00,TRUE,SSSN,PB1138868,1,0.0,7.0,0.0,7.0,3.0,3.0,42.86%,1.0,0.0,0.0,0.0,3.0,0.0,1,1,1.0,100.00%,1.0,1.0,,
Stevenson's Travel,Active,2020-12-03 10:36:29.489502+00:00,2020-11-18 00:48:54.797979+00:00,2020-12-03 10:04:41.265530+00:00,2026-04-21 15:56:40.836543+00:00,TRUE,STTR,PB2013495,1,0.0,1.0,0.0,1.0,1.0,1.0,100.00%,0.0,0.0,0.0,0.0,0.0,0.0,2,1,2.0,100.00%,2.0,2.0,100.0,https://publish.bus-data.dft.gov.uk/org/391/dataset/ppc-archive/
TLC Travel Ltd,Active,2020-11-18 10:01:02.071246+00:00,2020-11-18 00:49:43.719126+00:00,2020-11-18 00:49:43.957357+00:00,2026-05-01 09:17:41.119524+00:00,TRUE,TLCT,PB0004246,1,0.0,47.0,8.0,39.0,42.0,0.0,0.00%,0.0,0.0,0.0,4.0,0.0,2.0,1,1,1.0,0.00%,1.0,1.0,76.0,https://publish.bus-data.dft.gov.uk/org/392/dataset/ppc-archive/
Thornes Independent Ltd,Active,2020-11-24 09:42:43.384247+00:00,2020-11-18 00:50:43.564069+00:00,2020-11-23 12:21:15.524448+00:00,2025-02-12 14:50:10.446639+00:00,TRUE,THIL,PB0000555,1,0.0,4.0,1.0,3.0,3.0,3.0,100.00%,0.0,0.0,0.0,0.0,0.0,0.0,1,1,1.0,100.00%,1.0,1.0,50.0,https://publish.bus-data.dft.gov.uk/org/393/dataset/ppc-archive/
Travelsure,Inactive,2020-11-18 10:43:44.289098+00:00,2020-11-18 00:51:34.008721+00:00,2020-11-18 00:51:34.208039+00:00,2023-03-30 12:56:16.210713+00:00,TRUE,TSCL;TVSR,PB1123824,1,0.0,0.0,0.0,0.0,0.0,0.0,0.0,0.0,0.0,0.0,0.0,0.0,0.0,0,0,0.0,0.00%,0.0,0.0,,
Safeway Coaches Ltd,Active,2020-11-18 10:26:49.503665+00:00,2020-11-18 10:24:29.984284+00:00,2020-11-18 10:24:30.246696+00:00,2026-06-04 04:56:40.473345+00:00,TRUE,YSCL,PB1053163,1,0.0,2.0,0.0,2.0,2.0,2.0,100.00%,0.0,0.0,0.0,0.0,0.0,0.0,1,1,1.0,100.00%,1.0,1.0,,
Buses Excetera,Pending invite,,2020-11-20 09:07:09.383957+00:00,2021-08-18 13:49:31.478933+00:00,,TRUE,BETC;BEXC,PK1078393;PK1120600,2,0.0,0.0,0.0,0.0,0.0,0.0,0.0,0.0,0.0,0.0,0.0,0.0,0.0,0,0,0.0,0.00%,0.0,0.0,,
Chalkwell,Active,2020-11-17 13:10:17+00:00,2020-11-20 09:09:02.893368+00:00,2020-11-30 11:37:35.162802+00:00,2026-07-07 16:00:46.178073+00:00,TRUE,CHLK,PK0001670,1,0.0,10.0,0.0,10.0,9.0,9.0,90.00%,0.0,0.0,0.0,0.0,0.0,0.0,1,1,1.0,100.00%,1.0,1.0,71.0,https://publish.bus-data.dft.gov.uk/org/398/dataset/ppc-archive/
Round & About,Pending invite,,2020-11-20 09:11:14.184676+00:00,2021-08-18 13:51:00.492060+00:00,,TRUE,RNDA,PK0002932,1,0.0,0.0,0.0,0.0,0.0,0.0,0.0,0.0,0.0,0.0,0.0,0.0,0.0,0,0,0.0,0.00%,0.0,0.0,,
Procters Coaches,Active,2020-11-20 12:27:25.208206+00:00,2020-11-20 11:52:23.369459+00:00,2020-11-20 11:52:23.583877+00:00,2026-05-01 10:17:40.841770+00:00,FALSE,NULL,,0,0.0,0.0,0.0,0.0,0.0,0.0,0.0,0.0,0.0,0.0,0.0,0.0,0.0,0,0,0.0,0.00%,0.0,0.0,,
Anthony's Travel,Inactive,2020-11-20 14:52:13.684701+00:00,2020-11-20 12:00:36.829045+00:00,2020-11-20 12:00:37.033959+00:00,2020-11-20 14:52:13.752833+00:00,TRUE,ANTT,PC0003070,1,0.0,0.0,0.0,0.0,0.0,0.0,0.0,0.0,0.0,0.0,0.0,0.0,0.0,0,0,0.0,0.00%,0.0,0.0,,
West Yorkshire Combined Authority (UILTA),Active,2020-11-20 16:01:34.020462+00:00,2020-11-20 13:30:21.248286+00:00,2020-11-20 13:30:21.521237+00:00,2026-07-07 19:54:38.838777+00:00,UNKNOWN,WYCA,,0,0.0,0.0,0.0,0.0,0.0,0.0,0.0,0.0,0.0,0.0,0.0,0.0,0.0,0,0,0.0,0.00%,0.0,0.0,,
Tappins Coaches,Pending invite,,2020-11-21 22:20:03.619799+00:00,2021-08-18 13:51:13.671356+00:00,,UNKNOWN,TAPC,,0,0.0,0.0,0.0,0.0,0.0,0.0,0.0,0.0,0.0,0.0,0.0,0.0,0.0,0,0,0.0,0.00%,0.0,0.0,,
M&R Travel,Active,2020-11-19 15:27:00+00:00,2020-11-21 22:22:22.021124+00:00,2021-06-29 09:28:26.526843+00:00,2026-07-03 06:42:49.422132+00:00,TRUE,MAND,PH1148441,1,0.0,2.0,0.0,2.0,2.0,2.0,100.00%,2.0,0.0,0.0,0.0,0.0,0.0,1,1,1.0,0.00%,1.0,1.0,0.0,https://publish.bus-data.dft.gov.uk/org/408/dataset/ppc-archive/
Begbroke Science Park,Pending invite,,2020-11-21 22:23:48.764827+00:00,2021-08-18 13:49:31.274075+00:00,,UNKNOWN,,,0,0.0,0.0,0.0,0.0,0.0,0.0,0.0,0.0,0.0,0.0,0.0,0.0,0.0,0,0,0.0,0.00%,0.0,0.0,,
TK Travel,Active,2020-11-23 12:57:28.217432+00:00,2020-11-21 22:25:54.991121+00:00,2020-11-23 12:21:16.773292+00:00,2026-01-30 16:15:43.774805+00:00,TRUE,TKTR,PH1091335,1,0.0,3.0,0.0,3.0,3.0,3.0,100.00%,0.0,0.0,0.0,0.0,0.0,0.0,1,1,1.0,100.00%,1.0,1.0,80.0,https://publish.bus-data.dft.gov.uk/org/410/dataset/ppc-archive/
National Express Transport Solutions,Active,2021-11-02 16:39:01.158539+00:00,2020-11-21 22:29:27.161893+00:00,2020-11-21 22:29:27.364458+00:00,2022-10-19 11:33:05.863566+00:00,UNKNOWN,NXAP,,0,0.0,0.0,0.0,0.0,0.0,0.0,0.0,0.0,0.0,0.0,0.0,0.0,0.0,0,0,0.0,0.00%,0.0,0.0,,
Stewarts Coaches Ltd,Active,2020-12-11 16:38:55.483645+00:00,2020-11-21 22:36:19.801486+00:00,2020-12-03 10:04:40.189133+00:00,2024-03-20 15:20:38.592356+00:00,TRUE,STEW,PH1015848,1,0.0,0.0,0.0,0.0,0.0,0.0,0.0,0.0,0.0,0.0,0.0,0.0,0.0,0,0,0.0,0.00%,0.0,0.0,,
Horseman Coaches,Active,2020-11-23 12:53:00.793250+00:00,2020-11-21 22:37:40.474445+00:00,2020-11-23 12:16:43.042546+00:00,2026-01-19 14:29:53.530104+00:00,TRUE,HRSC,PH0005860,1,0.0,6.0,0.0,6.0,5.0,5.0,83.33%,0.0,0.0,0.0,0.0,0.0,0.0,1,1,16.0,0.00%,16.0,16.0,,
Portsmouth City Coaches,Active,2020-11-23 13:22:50.341575+00:00,2020-11-21 22:39:32.708742+00:00,2020-11-23 12:18:52.448956+00:00,2026-01-30 13:05:22.154794+00:00,TRUE,EDMS,PK2013729,1,0.0,0.0,0.0,0.0,0.0,0.0,0.0,0.0,0.0,0.0,0.0,0.0,0.0,0,0,0.0,0.00%,0.0,0.0,,
Southern Transit,Inactive,2021-01-25 15:56:44.190266+00:00,2020-11-21 22:40:48.679759+00:00,2021-01-25 14:52:41.942235+00:00,2021-11-11 23:56:13.712370+00:00,TRUE,STBC,PK1080038;PK2006090,2,0.0,0.0,0.0,0.0,0.0,0.0,0.0,0.0,0.0,0.0,0.0,0.0,0.0,0,0,0.0,0.00%,0.0,0.0,,
Sussex Coaches,Active,2020-11-23 10:09:15.060687+00:00,2020-11-21 22:41:46.359297+00:00,2020-11-21 22:41:46.609458+00:00,2025-10-27 17:21:22.330509+00:00,TRUE,SUSC,PK0003171,1,0.0,12.0,8.0,4.0,4.0,4.0,100.00%,8.0,7.0,0.0,0.0,4.0,0.0,1,1,2.0,100.00%,2.0,2.0,83.0,https://publish.bus-data.dft.gov.uk/org/416/dataset/ppc-archive/
CommMiniBus,Active,2020-11-22 18:57:48.994224+00:00,2020-11-21 22:52:00.945785+00:00,2020-11-21 22:52:01.163274+00:00,2026-03-11 15:45:24.388989+00:00,FALSE,COMM,,0,7.0,0.0,0.0,0.0,0.0,0.0,0.0,0.0,0.0,0.0,0.0,0.0,0.0,7,0,0.0,0.00%,0.0,0.0,,
Autocar Bus & Coach Services,Active,2020-12-14 09:30:28+00:00,2020-11-21 23:02:24.127053+00:00,2020-12-14 11:03:55.889921+00:00,2026-07-08 17:10:06.784812+00:00,TRUE,AUTO,PK1001144,1,0.0,13.0,0.0,13.0,12.0,12.0,92.31%,0.0,0.0,0.0,0.0,7.0,0.0,2,1,1.0,100.00%,1.0,1.0,96.0,https://publish.bus-data.dft.gov.uk/org/418/dataset/ppc-archive/
Bayliss Executive Travel,Active,2020-11-23 12:17:02.021054+00:00,2020-11-21 23:03:27.207032+00:00,2020-11-23 12:12:55.773612+00:00,2026-02-20 10:44:18.511906+00:00,TRUE,BLET,PK1079160,1,0.0,1.0,0.0,1.0,1.0,1.0,100.00%,1.0,0.0,0.0,0.0,1.0,0.0,1,1,1.0,100.00%,1.0,1.0,100.0,https://publish.bus-data.dft.gov.uk/org/419/dataset/ppc-archive/
Brookline Coaches Ltd,Active,2020-11-25 10:35:19.777453+00:00,2020-11-21 23:04:53.217633+00:00,2020-11-23 12:13:34.202598+00:00,2026-07-08 17:10:06.784812+00:00,TRUE,BRLN,PK1072784,1,0.0,4.0,0.0,4.0,4.0,4.0,100.00%,1.0,0.0,0.0,0.0,3.0,0.0,2,1,1.0,100.00%,1.0,1.0,100.0,https://publish.bus-data.dft.gov.uk/org/420/dataset/ppc-archive/
Centaur Coaches,Active,2020-12-19 15:22:09.281016+00:00,2020-11-21 23:06:22.349322+00:00,2020-12-19 15:14:13.216746+00:00,2026-07-09 06:16:37.342106+00:00,TRUE,CNTC,PK0002363,1,0.0,2.0,0.0,2.0,2.0,2.0,100.00%,0.0,0.0,0.0,0.0,0.0,0.0,1,1,1.0,100.00%,1.0,1.0,,
Clarkes of London,Active,2021-06-14 09:03:00+00:00,2020-11-21 23:08:15.451534+00:00,2021-08-18 13:49:56.231470+00:00,2026-05-06 14:07:50.703827+00:00,TRUE,CLKL,PK0002350,1,1.0,0.0,0.0,0.0,0.0,0.0,0.0,0.0,0.0,0.0,0.0,0.0,0.0,1,1,0.0,0.00%,0.0,0.0,,
Crosskeys Coaches,Active,2021-10-11 11:36:40+00:00,2020-11-21 23:09:33.429233+00:00,2022-02-04 13:58:10.067585+00:00,2026-07-09 06:16:37.342106+00:00,TRUE,CRKC,PK2078831,1,0.0,5.0,0.0,5.0,5.0,5.0,100.00%,0.0,0.0,0.0,0.0,0.0,0.0,1,1,1.0,100.00%,1.0,1.0,100.0,https://publish.bus-data.dft.gov.uk/org/423/dataset/ppc-archive/
Farleigh Coaches,Active,2020-11-25 08:32:38.984105+00:00,2020-11-21 23:10:28.729940+00:00,2020-11-23 12:15:17.396675+00:00,2020-11-25 08:32:39.053709+00:00,TRUE,FARL,PK1031828,1,0.0,0.0,0.0,0.0,0.0,0.0,0.0,0.0,0.0,0.0,0.0,0.0,0.0,0,0,0.0,0.00%,0.0,0.0,,
Lehane,Pending invite,,2020-11-21 23:12:21.805033+00:00,2021-08-18 13:50:43.603682+00:00,,UNKNOWN,LEHN,,0,0.0,0.0,0.0,0.0,0.0,0.0,0.0,0.0,0.0,0.0,0.0,0.0,0.0,0,0,0.0,0.00%,0.0,0.0,,
R & J Coaches,Active,2020-11-17 13:10:17+00:00,2020-11-21 23:15:11.942831+00:00,2020-12-14 11:10:52.195804+00:00,2026-07-07 16:00:46.178073+00:00,TRUE,RJCO,PK1146649,1,0.0,2.0,0.0,2.0,2.0,2.0,100.00%,2.0,2.0,0.0,0.0,1.0,0.0,1,2,1.0,100.00%,1.0,1.0,100.0,https://publish.bus-data.dft.gov.uk/org/426/dataset/ppc-archive/
Scotland & Bates,Pending invite,,2020-11-21 23:16:16.784165+00:00,2023-08-24 09:11:46.921461+00:00,,TRUE,SCBT,PK2010771,1,0.0,8.0,0.0,8.0,0.0,0.0,0.0,8.0,0.0,0.0,0.0,0.0,0.0,0,0,0.0,0.00%,0.0,0.0,,
Spot Hire,Pending invite,,2020-11-21 23:17:21.586762+00:00,2021-08-18 13:50:59.479433+00:00,,UNKNOWN,SPOT,,0,0.0,0.0,0.0,0.0,0.0,0.0,0.0,0.0,0.0,0.0,0.0,0.0,0.0,0,0,0.0,0.00%,0.0,0.0,,
Starline,Active,2020-12-14 09:30:28+00:00,2020-11-21 23:19:06.253472+00:00,2021-08-23 13:07:08.781045+00:00,2026-07-08 17:10:06.784812+00:00,TRUE,SLNE;STRL,PK1055601,1,0.0,1.0,0.0,1.0,1.0,1.0,100.00%,1.0,0.0,0.0,0.0,1.0,0.0,1,1,1.0,100.00%,1.0,1.0,,
The Kings Ferry,Inactive,2020-11-24 14:20:22+00:00,2020-11-21 23:21:58.977828+00:00,2020-11-24 14:16:17.107388+00:00,2020-12-11 12:19:06+00:00,TRUE,KNGF,PK0002990,1,0.0,0.0,0.0,0.0,0.0,0.0,0.0,0.0,0.0,0.0,0.0,0.0,0.0,0,0,0.0,0.00%,0.0,0.0,,
WKN Coaches,Inactive,2021-03-11 07:48:08.465119+00:00,2020-11-21 23:23:16.124227+00:00,2021-03-10 11:10:39.793590+00:00,2021-03-21 07:49:20.574081+00:00,TRUE,WKNC,PK1136313,1,0.0,0.0,0.0,0.0,0.0,0.0,0.0,0.0,0.0,0.0,0.0,0.0,0.0,0,0,0.0,0.00%,0.0,0.0,,
4K Travel,Inactive,2020-11-23 12:22:13.776586+00:00,2020-11-21 23:27:13.371019+00:00,2020-11-23 12:11:49.357581+00:00,2022-08-18 13:58:13.589828+00:00,TRUE,NAKL,PH2007010,1,0.0,0.0,0.0,0.0,0.0,0.0,0.0,0.0,0.0,0.0,0.0,0.0,0.0,0,0,0.0,0.00%,0.0,0.0,,
AMK,Active,2020-11-19 15:27:00+00:00,2020-11-21 23:28:54.876204+00:00,2020-12-03 10:00:51.631141+00:00,2026-07-03 06:42:49.422132+00:00,TRUE,AMKC,PH1064233,1,0.0,2.0,0.0,2.0,2.0,2.0,100.00%,0.0,0.0,0.0,0.0,0.0,0.0,1,1,2.0,50.00%,2.0,2.0,20.0,https://publish.bus-data.dft.gov.uk/org/433/dataset/ppc-archive/
Arleen Coaches,Inactive,2020-12-14 11:31:53.389979+00:00,2020-11-21 23:30:15.924612+00:00,2020-12-14 11:03:49.605855+00:00,2020-12-14 11:31:53.436969+00:00,UNKNOWN,ACHS,,0,0.0,0.0,0.0,0.0,0.0,0.0,0.0,0.0,0.0,0.0,0.0,0.0,0.0,0,0,0.0,0.00%,0.0,0.0,,
Basingstoke Community Transport,Pending invite,,2020-11-21 23:34:17.783374+00:00,2021-08-18 13:49:33.446510+00:00,,UNKNOWN,SWBC,,0,0.0,0.0,0.0,0.0,0.0,0.0,0.0,0.0,0.0,0.0,0.0,0.0,0.0,0,0,0.0,0.00%,0.0,0.0,,
Bath & North East Somerset Council,Active,2021-01-28 10:34:48.738660+00:00,2020-11-21 23:35:24.436437+00:00,2021-01-21 13:23:25.131196+00:00,2026-01-15 08:21:15.778146+00:00,TRUE,BNSC,PH0006784,1,0.0,0.0,0.0,0.0,0.0,0.0,0.0,0.0,0.0,0.0,0.0,0.0,0.0,0,0,0.0,0.00%,0.0,0.0,,
Beeline Coaches,Active,2020-11-19 15:27:00+00:00,2020-11-21 23:36:14.838561+00:00,2020-12-03 10:01:20.383806+00:00,2026-07-03 06:42:49.422132+00:00,TRUE,BZCO,PH0006999,1,0.0,4.0,0.0,4.0,4.0,4.0,100.00%,0.0,0.0,0.0,0.0,0.0,0.0,1,1,2.0,50.00%,2.0,2.0,,
Berry's Coaches,Active,2020-11-19 15:27:00+00:00,2020-11-21 23:38:46.087604+00:00,2020-11-23 12:13:22.468680+00:00,2026-07-03 06:42:49.422132+00:00,TRUE,BYCO,PH0007049,1,0.0,3.0,0.0,3.0,3.0,3.0,100.00%,0.0,0.0,0.0,0.0,0.0,0.0,1,2,2.0,50.00%,2.0,2.0,80.0,https://publish.bus-data.dft.gov.uk/org/440/dataset/ppc-archive/
Bournemouth Christchurch & Poole Council (UILTA),Active,2023-03-09 17:04:53+00:00,2020-11-21 23:41:01.693654+00:00,2021-08-18 13:49:30.661149+00:00,2026-04-09 14:33:43.853041+00:00,UNKNOWN,BCPCLTA,,0,0.0,0.0,0.0,0.0,0.0,0.0,0.0,0.0,0.0,0.0,0.0,0.0,0.0,0,0,0.0,0.00%,0.0,0.0,,
Bristol City Council (UILTA),Active,2024-05-24 09:57:02+00:00,2020-11-21 23:41:50.359808+00:00,2025-02-26 15:09:32.962615+00:00,2026-06-03 09:03:36.126865+00:00,UNKNOWN,BrisLTA,,0,0.0,0.0,0.0,0.0,0.0,0.0,0.0,0.0,0.0,0.0,0.0,0.0,0.0,0,0,0.0,0.00%,0.0,0.0,,
Chepstow Classic Buses,Active,2020-11-19 15:27:00+00:00,2020-11-21 23:46:59.211879+00:00,2020-12-03 10:01:46.713489+00:00,2026-07-03 06:42:49.422132+00:00,TRUE,CHCB,PG0007103,1,0.0,2.0,1.0,1.0,1.0,1.0,100.00%,1.0,0.0,0.0,0.0,0.0,0.0,1,1,2.0,100.00%,2.0,2.0,0.0,https://publish.bus-data.dft.gov.uk/org/445/dataset/ppc-archive/
Coachstyle,Active,2020-11-19 15:27:00+00:00,2020-11-21 23:47:55.915669+00:00,2020-11-30 11:37:42.652660+00:00,2026-07-03 06:42:49.422132+00:00,TRUE,COAC,PH0006457,1,0.0,6.0,0.0,6.0,6.0,6.0,100.00%,0.0,0.0,0.0,0.0,0.0,0.0,1,1,1.0,0.00%,1.0,1.0,,
Community Connexions,Inactive,2020-11-25 10:34:02.855550+00:00,2020-11-21 23:49:47.047048+00:00,2020-11-23 12:14:16.566907+00:00,2020-11-25 13:59:50.976376+00:00,UNKNOWN,SWTS,,0,0.0,0.0,0.0,0.0,0.0,0.0,0.0,0.0,0.0,0.0,0.0,0.0,0.0,0,0,0.0,0.00%,0.0,0.0,,
Connect2Wiltshire,Active,2020-11-19 15:27:00+00:00,2020-11-21 23:52:07.722707+00:00,2020-12-03 10:02:00.737452+00:00,2026-07-03 06:42:49.422132+00:00,FALSE,C2WI,,0,0.0,0.0,0.0,0.0,0.0,0.0,0.0,0.0,0.0,0.0,0.0,0.0,0.0,0,0,0.0,0.00%,0.0,0.0,,
Cresta Coaches,Active,2020-11-19 15:27:00+00:00,2020-11-21 23:54:00.924303+00:00,2020-11-23 12:14:23.521372+00:00,2026-07-03 06:42:49.422132+00:00,TRUE,CRES,PH1016730,1,0.0,7.0,0.0,7.0,7.0,7.0,100.00%,0.0,0.0,0.0,0.0,0.0,0.0,1,1,2.0,50.00%,2.0,2.0,0.0,https://publish.bus-data.dft.gov.uk/org/451/dataset/ppc-archive/
Crystal Travel,Inactive,2020-11-23 06:47:38.867809+00:00,2020-11-21 23:54:29.115796+00:00,2020-11-21 23:54:29.303734+00:00,2023-02-08 10:02:45.918456+00:00,TRUE,CRYC,PH2016510,1,0.0,0.0,0.0,0.0,0.0,0.0,0.0,0.0,0.0,0.0,0.0,0.0,0.0,0,0,0.0,0.00%,0.0,0.0,,
CT Coaches,Active,2020-11-19 15:27:00+00:00,2020-11-21 23:54:57.624762+00:00,2020-12-16 16:34:44.877264+00:00,2026-07-03 06:42:49.422132+00:00,TRUE,CTCO,PH2081987,1,0.0,0.0,0.0,0.0,0.0,0.0,0.0,0.0,0.0,0.0,0.0,1.0,0.0,1,1,1.0,100.00%,1.0,1.0,0.0,https://publish.bus-data.dft.gov.uk/org/453/dataset/ppc-archive/
Darren Tait Cars,Pending invite,,2020-11-21 23:55:56.173331+00:00,2021-08-18 13:49:57.014806+00:00,,UNKNOWN,DTCS,,0,0.0,0.0,0.0,0.0,0.0,0.0,0.0,0.0,0.0,0.0,0.0,0.0,0.0,0,0,0.0,0.00%,0.0,0.0,,
Dartmouth Steam Railway And River Boat Company,Active,2020-11-19 15:27:00+00:00,2020-11-21 23:58:24.196998+00:00,2021-02-16 09:24:38.973731+00:00,2026-07-03 06:42:49.422132+00:00,TRUE,DPCR,PH0007025,1,0.0,0.0,0.0,0.0,0.0,0.0,0.0,0.0,0.0,0.0,0.0,0.0,1.0,1,2,2.0,50.00%,2.0,2.0,,
Dawlish Community Transport,Pending invite,,2020-11-21 23:58:52.023944+00:00,2021-08-18 13:49:54.647704+00:00,,UNKNOWN,SWDC,,0,0.0,0.0,0.0,0.0,0.0,0.0,0.0,0.0,0.0,0.0,0.0,0.0,0.0,0,0,0.0,0.00%,0.0,0.0,,
Devon County Council (UILTA),Active,2025-02-27 15:26:03.740360+00:00,2020-11-21 23:59:10.549193+00:00,2021-08-18 13:50:12.212472+00:00,2026-06-28 20:53:28.843661+00:00,UNKNOWN,DEVONLTA,,0,0.0,0.0,0.0,0.0,0.0,0.0,0.0,0.0,0.0,0.0,0.0,0.0,0.0,0,0,0.0,0.00%,0.0,0.0,,
Discover Dorset,Active,2020-11-19 15:27:00+00:00,2020-11-21 23:59:33.337699+00:00,2021-02-01 16:10:25.746320+00:00,2026-07-03 06:42:49.422132+00:00,TRUE,DDLT,PH1068487,1,0.0,1.0,0.0,1.0,1.0,1.0,100.00%,0.0,0.0,0.0,0.0,1.0,0.0,1,1,3.0,66.67%,3.0,3.0,,
Dorset Community Transport,Inactive,2020-11-23 13:28:01.387935+00:00,2020-11-21 23:59:58.340149+00:00,2020-11-23 12:14:50.856792+00:00,2020-11-23 13:28:01.445226+00:00,UNKNOWN,SDCT,,0,0.0,0.0,0.0,0.0,0.0,0.0,0.0,0.0,0.0,0.0,0.0,0.0,0.0,0,0,0.0,0.00%,0.0,0.0,,
Dorset Council (LTA),Active,2022-10-26 09:30:46+00:00,2020-11-22 00:00:21.876367+00:00,2021-08-18 13:50:12.415390+00:00,2026-06-29 14:02:27.271427+00:00,FALSE,DOCC,,0,0.0,0.0,0.0,0.0,0.0,0.0,0.0,0.0,0.0,0.0,0.0,0.0,0.0,0,0,0.0,0.00%,0.0,0.0,,
Eagle Coaches,Pending invite,,2020-11-22 00:01:03.720485+00:00,2021-08-18 13:50:09.626360+00:00,,UNKNOWN,EGCO,,0,0.0,0.0,0.0,0.0,0.0,0.0,0.0,0.0,0.0,0.0,0.0,0.0,0.0,0,0,0.0,0.00%,0.0,0.0,,
Ebley Coaches,Inactive,2020-12-17 21:51:52.093302+00:00,2020-11-22 00:01:28.285902+00:00,,2025-10-23 15:37:19.024875+00:00,TRUE,EBLY,PH1012243,1,0.0,0.0,0.0,0.0,0.0,0.0,0.0,0.0,0.0,0.0,0.0,0.0,0.0,0,0,0.0,0.00%,0.0,0.0,,
Erlestoke Edington & Coulston Community Bus,Pending invite,,2020-11-22 00:03:39.952329+00:00,2021-08-18 13:50:10.450635+00:00,,UNKNOWN,EECC,,0,0.0,0.0,0.0,0.0,0.0,0.0,0.0,0.0,0.0,0.0,0.0,0.0,0.0,0,0,0.0,0.00%,0.0,0.0,,
Eurocoaches Ltd,Active,2020-11-19 15:27:00+00:00,2020-11-22 00:04:04.459385+00:00,2020-12-16 21:32:16.819735+00:00,2026-07-03 06:42:49.422132+00:00,TRUE,EUTX,PH0005985,1,0.0,2.0,0.0,2.0,1.0,1.0,50.00%,0.0,0.0,0.0,0.0,7.0,1.0,1,1,1.0,0.00%,1.0,1.0,79.0,https://publish.bus-data.dft.gov.uk/org/465/dataset/ppc-archive/
Exmoor Community Bus Association,Pending invite,,2020-11-22 00:04:43.317408+00:00,2021-08-18 13:50:14.409229+00:00,,UNKNOWN,EXCB,,0,0.0,0.0,0.0,0.0,0.0,0.0,0.0,0.0,0.0,0.0,0.0,0.0,0.0,0,0,0.0,0.00%,0.0,0.0,,
F R Willetts,Active,2020-11-19 15:27:00+00:00,2020-11-22 00:07:20.520410+00:00,2020-11-22 00:07:20.730632+00:00,2026-07-03 06:42:49.422132+00:00,TRUE,GWIL,PH1123175,1,0.0,7.0,0.0,7.0,7.0,7.0,100.00%,3.0,0.0,0.0,0.0,0.0,0.0,1,2,1.0,100.00%,1.0,1.0,0.0,https://publish.bus-data.dft.gov.uk/org/467/dataset/ppc-archive/
Forest Community Transport,Inactive,2020-11-23 13:09:36.221777+00:00,2020-11-22 00:08:33.839648+00:00,2020-11-23 12:15:20.890857+00:00,2020-12-22 13:14:56.772366+00:00,FALSE,SWFC,,0,0.0,0.0,0.0,0.0,0.0,0.0,0.0,0.0,0.0,0.0,0.0,0.0,0.0,0,0,0.0,0.00%,0.0,0.0,,
Frome Bus,Active,2020-11-19 15:27:00+00:00,2020-11-22 00:08:58.614507+00:00,2020-12-02 14:39:07.222142+00:00,2026-07-03 06:42:49.422132+00:00,TRUE,FRMN,PH2011826,1,0.0,21.0,0.0,21.0,21.0,21.0,100.00%,0.0,0.0,0.0,0.0,0.0,0.0,1,1,1.0,0.00%,1.0,1.0,12.0,https://publish.bus-data.dft.gov.uk/org/470/dataset/ppc-archive/
Gloucester Minibuses,Pending invite,,2020-11-22 00:09:54.225133+00:00,2021-08-18 13:50:12.013940+00:00,,UNKNOWN,GLOM,,0,0.0,0.0,0.0,0.0,0.0,0.0,0.0,0.0,0.0,0.0,0.0,0.0,0.0,0,0,0.0,0.00%,0.0,0.0,,
Gorran & District Community Bus,Pending invite,,2020-11-22 00:11:48.061649+00:00,2021-09-07 10:55:16.384593+00:00,,UNKNOWN,GDCS,,0,0.0,0.0,0.0,0.0,0.0,0.0,0.0,0.0,0.0,0.0,0.0,0.0,0.0,0,0,0.0,0.00%,0.0,0.0,,
Grindles Coaches,Active,2020-12-18 15:09:04.149802+00:00,2020-11-22 00:12:31.037942+00:00,2020-12-22 15:04:23.754231+00:00,2026-01-20 16:37:54.194626+00:00,TRUE,GRIN,PH0005634,1,0.0,2.0,0.0,2.0,2.0,2.0,100.00%,2.0,0.0,0.0,0.0,2.0,0.0,2,1,1.0,100.00%,1.0,1.0,0.0,https://publish.bus-data.dft.gov.uk/org/474/dataset/ppc-archive/
Hampshire County Council (UILTA),Active,2020-11-23 07:47:00.098139+00:00,2020-11-22 00:13:01.168145+00:00,2020-11-22 00:13:01.418766+00:00,2025-10-08 07:12:36.265199+00:00,UNKNOWN,HCCT,,0,0.0,0.0,0.0,0.0,0.0,0.0,0.0,0.0,0.0,0.0,0.0,0.0,0.0,0,0,0.0,0.00%,0.0,0.0,,
Harting Minibus CIC,Pending invite,,2020-11-22 00:13:25.774468+00:00,2021-08-18 13:50:30.034129+00:00,,UNKNOWN,HMIN,,0,0.0,0.0,0.0,0.0,0.0,0.0,0.0,0.0,0.0,0.0,0.0,0.0,0.0,0,0,0.0,0.00%,0.0,0.0,,
Hopleys Coaches,Active,2020-11-19 15:27:00+00:00,2020-11-22 00:15:19.355297+00:00,2020-12-03 10:06:17.938258+00:00,2026-07-03 06:42:49.422132+00:00,TRUE,HOPE,PH1050300,1,0.0,2.0,0.0,2.0,2.0,2.0,100.00%,0.0,0.0,0.0,0.0,0.0,0.0,1,1,5.0,20.00%,5.0,5.0,100.0,https://publish.bus-data.dft.gov.uk/org/478/dataset/ppc-archive/
Ilfracombe Community Transport,Inactive,2020-11-22 10:16:07.606965+00:00,2020-11-22 00:15:49.413369+00:00,2020-11-22 00:15:49.611117+00:00,2020-11-22 10:16:07.675532+00:00,UNKNOWN,ICCT,,0,0.0,0.0,0.0,0.0,0.0,0.0,0.0,0.0,0.0,0.0,0.0,0.0,0.0,0,0,0.0,0.00%,0.0,0.0,,
Isle Of Wedmore RT Assoc.,Not yet invited,,2020-11-22 00:17:08.249802+00:00,,,UNKNOWN,IWRA,,0,0.0,0.0,0.0,0.0,0.0,0.0,0.0,0.0,0.0,0.0,0.0,0.0,0.0,0,0,0.0,0.00%,0.0,0.0,,
Jackies Coaches,Active,2020-11-19 15:27:00+00:00,2020-11-22 00:22:06.509588+00:00,2020-12-03 10:06:10.364593+00:00,2026-07-03 06:42:49.422132+00:00,TRUE,JACK,PH0005494;PH2060787,2,0.0,0.0,0.0,0.0,0.0,0.0,0.0,0.0,0.0,0.0,0.0,0.0,0.0,0,0,0.0,0.00%,0.0,0.0,,
Kingdoms Tours,Inactive,2020-11-23 15:19:57.227976+00:00,2020-11-22 00:26:49.328599+00:00,2020-11-23 13:50:52.306734+00:00,2021-03-16 08:44:21.303898+00:00,TRUE,KITO,PH0002864,1,0.0,0.0,0.0,0.0,0.0,0.0,0.0,0.0,0.0,0.0,0.0,0.0,0.0,0,0,0.0,0.00%,0.0,0.0,,
Libra Travel,Active,2020-11-19 15:27:00+00:00,2020-11-22 00:27:21.370983+00:00,2020-11-22 00:27:21.560736+00:00,2026-07-03 06:42:49.422132+00:00,TRUE,LTRV,PH1089768,1,0.0,6.0,0.0,6.0,6.0,6.0,100.00%,0.0,0.0,0.0,0.0,0.0,0.0,1,1,1.0,0.00%,1.0,1.0,89.0,https://publish.bus-data.dft.gov.uk/org/484/dataset/ppc-archive/
Marchants Coaches,Active,2020-11-19 15:27:00+00:00,2020-11-22 00:28:09.223164+00:00,2020-11-22 00:28:09.431748+00:00,2026-07-03 06:42:49.422132+00:00,TRUE,MARC,PH0006563,1,0.0,10.0,0.0,10.0,10.0,10.0,100.00%,9.0,0.0,0.0,0.0,0.0,0.0,1,1,1.0,100.00%,1.0,1.0,22.0,https://publish.bus-data.dft.gov.uk/org/485/dataset/ppc-archive/
Meon Valley Community Bus,Pending invite,,2020-11-22 00:31:13.187445+00:00,2021-08-18 13:50:42.508227+00:00,,UNKNOWN,,,0,0.0,0.0,0.0,0.0,0.0,0.0,0.0,0.0,0.0,0.0,0.0,0.0,0.0,0,0,0.0,0.00%,0.0,0.0,,
Mikes Travel,Inactive,2021-02-17 23:14:31.652409+00:00,2020-11-22 00:31:56.750310+00:00,2021-02-16 09:26:27.644056+00:00,2021-02-17 23:14:31.697239+00:00,TRUE,MTVL,PH0006364,1,0.0,0.0,0.0,0.0,0.0,0.0,0.0,0.0,0.0,0.0,0.0,0.0,0.0,0,0,0.0,0.00%,0.0,0.0,,
Newent Community Link,Pending invite,,2020-11-22 00:34:51.759670+00:00,2021-08-18 13:50:44.195352+00:00,,UNKNOWN,NACT,,0,0.0,0.0,0.0,0.0,0.0,0.0,0.0,0.0,0.0,0.0,0.0,0.0,0.0,0,0,0.0,0.00%,0.0,0.0,,
North Somerset Council (UILTA),Active,2020-11-23 10:26:16.962643+00:00,2020-11-22 00:35:39.784604+00:00,2020-11-22 00:35:39.978840+00:00,2026-07-08 14:08:52.893613+00:00,UNKNOWN,NSCC,,0,0.0,0.0,0.0,0.0,0.0,0.0,0.0,0.0,0.0,0.0,0.0,0.0,0.0,0,0,0.0,0.00%,0.0,0.0,,
Oakleys Coaches,Active,2020-11-19 15:27:00+00:00,2020-11-22 00:36:09.481915+00:00,2021-03-30 12:36:05.031592+00:00,2026-07-03 06:42:49.422132+00:00,TRUE,SWOC,PH1091418,1,0.0,5.0,0.0,5.0,5.0,5.0,100.00%,0.0,0.0,0.0,0.0,0.0,0.0,1,1,1.0,0.00%,1.0,1.0,0.0,https://publish.bus-data.dft.gov.uk/org/493/dataset/ppc-archive/
Okehampton District Community Transport,Pending invite,,2020-11-22 00:36:34.983612+00:00,2021-08-18 13:50:58.726639+00:00,,UNKNOWN,OKED,,0,0.0,0.0,0.0,0.0,0.0,0.0,0.0,0.0,0.0,0.0,0.0,0.0,0.0,0,0,0.0,0.00%,0.0,0.0,,
OTS,Active,2020-11-19 15:27:00+00:00,2020-11-22 00:36:56.633122+00:00,2020-11-22 00:36:56.850681+00:00,2026-07-03 06:42:49.422132+00:00,TRUE,OTSS,PH1093399,1,0.0,7.0,0.0,7.0,7.0,7.0,100.00%,0.0,0.0,0.0,0.0,0.0,0.0,1,1,1.0,100.00%,1.0,1.0,49.0,https://publish.bus-data.dft.gov.uk/org/495/dataset/ppc-archive/
Varteg Motors Ltd T/A Phil Anslow Coaches,Active,2021-02-12 09:36:42.971281+00:00,2020-11-22 00:40:30.516058+00:00,2021-02-12 09:04:33.840933+00:00,2026-05-28 15:35:55.099341+00:00,TRUE,ANSL,PG1143829,1,0.0,22.0,13.0,9.0,0.0,0.0,0.00%,0.0,0.0,0.0,0.0,0.0,0.0,0,1,6.0,100.00%,6.0,6.0,,
Portsmouth City Council (UILTA),Active,2023-02-06 14:54:47+00:00,2020-11-22 00:45:28.214405+00:00,2021-08-18 13:51:00.690864+00:00,2026-06-30 00:39:11.230692+00:00,FALSE,PORTLTA,,0,0.0,0.0,0.0,0.0,0.0,0.0,0.0,0.0,0.0,0.0,0.0,0.0,0.0,0,0,0.0,0.00%,0.0,0.0,,
Primrose Coaches,Active,2020-11-19 15:27:00+00:00,2020-11-22 00:46:47.757894+00:00,2021-02-16 09:26:27.844709+00:00,2026-07-03 06:42:49.422132+00:00,TRUE,PRIC,PH0006019,1,0.0,0.0,0.0,0.0,0.0,0.0,0.0,0.0,0.0,0.0,0.0,0.0,0.0,0,0,0.0,0.00%,0.0,0.0,,
Quantock Heritage,Inactive,2021-05-26 13:19:53.125091+00:00,2020-11-22 00:47:11.336871+00:00,2021-05-25 12:06:27.833942+00:00,2021-05-26 13:19:53.168461+00:00,TRUE,QUMS,PH1031127,1,0.0,0.0,0.0,0.0,0.0,0.0,0.0,0.0,0.0,0.0,0.0,0.0,0.0,0,0,0.0,0.00%,0.0,0.0,,
Ramsbury Community Bus,Pending invite,,2020-11-22 00:47:33.249502+00:00,2021-08-18 13:50:58.329363+00:00,,UNKNOWN,RMCB,,0,0.0,0.0,0.0,0.0,0.0,0.0,0.0,0.0,0.0,0.0,0.0,0.0,0.0,0,0,0.0,0.00%,0.0,0.0,,
Ridlers,Inactive,2020-11-19 15:27:00+00:00,2020-11-22 00:48:22.690927+00:00,2020-11-22 00:48:22.921600+00:00,2026-07-03 06:42:49.422132+00:00,FALSE,123,,0,0.0,0.0,0.0,0.0,0.0,0.0,0.0,0.0,0.0,0.0,0.0,0.0,0.0,0,0,1.0,0.00%,1.0,1.0,,
Somerbus,Inactive,2020-12-17 06:28:10.259086+00:00,2020-11-22 00:53:32.720217+00:00,2020-12-14 11:12:53.541105+00:00,2020-12-17 06:28:10.324120+00:00,TRUE,SMRB,PH0005373,1,0.0,0.0,0.0,0.0,0.0,0.0,0.0,0.0,0.0,0.0,0.0,0.0,0.0,0,0,0.0,0.00%,0.0,0.0,,
Somerset County Council (UILTA),Active,2020-11-19 15:27:00+00:00,2020-11-22 00:53:53.913565+00:00,2020-11-23 12:20:20.141404+00:00,2026-07-03 06:42:49.422132+00:00,TRUE,ATWE;MNCT;RIDL;SMST;SSCT;TTMI,PH1016783;PH2020285,2,29.0,0.0,0.0,0.0,1.0,1.0,0.0,0.0,0.0,0.0,0.0,1.0,0.0,5,1,1.0,100.00%,1.0,1.0,,
South Gloucestershire Council,Inactive,2020-12-18 11:33:23.252683+00:00,2020-11-22 00:54:21.583873+00:00,2020-12-02 14:50:38.009057+00:00,2020-12-18 11:33:23.298780+00:00,TRUE,SGLC,PH1042651,1,0.0,0.0,0.0,0.0,0.0,0.0,0.0,0.0,0.0,0.0,0.0,0.0,0.0,0,0,0.0,0.00%,0.0,0.0,,
South West Coaches,Active,2020-11-19 15:27:00+00:00,2020-11-22 00:54:47.685778+00:00,2020-11-23 12:20:23.348618+00:00,2026-07-03 06:42:49.422132+00:00,TRUE,SWCO,PH0007024,1,0.0,9.0,0.0,9.0,9.0,9.0,100.00%,0.0,0.0,0.0,0.0,0.0,1.0,1,1,1.0,100.00%,1.0,1.0,37.0,https://publish.bus-data.dft.gov.uk/org/507/dataset/ppc-archive/
Swanbrook Coaches,Inactive,2020-12-14 15:47:07.290480+00:00,2020-11-22 00:59:39.438471+00:00,2020-12-14 12:35:17.205556+00:00,2021-04-19 11:41:10.477451+00:00,TRUE,SWAN,PH1010097,1,0.0,0.0,0.0,0.0,0.0,0.0,0.0,0.0,0.0,0.0,0.0,0.0,0.0,0,0,0.0,0.00%,0.0,0.0,,
Tamar Coaches,Pending invite,,2020-11-22 01:01:57.996756+00:00,2021-08-18 13:51:13.882636+00:00,,UNKNOWN,TACL,,0,0.0,0.0,0.0,0.0,0.0,0.0,0.0,0.0,0.0,0.0,0.0,0.0,0.0,0,0,0.0,0.00%,0.0,0.0,,
Tavistock Country Bus,Pending invite,,2020-11-22 01:02:44.057797+00:00,2021-08-18 13:51:13.098962+00:00,,UNKNOWN,TVCT,,0,0.0,0.0,0.0,0.0,0.0,0.0,0.0,0.0,0.0,0.0,0.0,0.0,0.0,0,0,0.0,0.00%,0.0,0.0,,
Taw & Torridge Coaches Ltd,Active,2020-11-19 15:27:00+00:00,2020-11-22 01:03:12.076071+00:00,2020-11-22 01:03:12.264321+00:00,2026-07-03 06:42:49.422132+00:00,TRUE,TAWT,PH0004727,1,0.0,11.0,0.0,11.0,11.0,11.0,100.00%,0.0,0.0,0.0,0.0,0.0,0.0,1,1,2.0,0.00%,2.0,2.0,78.0,https://publish.bus-data.dft.gov.uk/org/512/dataset/ppc-archive/
Taylors Travel,Active,2020-11-19 15:27:00+00:00,2020-11-22 01:04:25.579043+00:00,2020-11-23 12:21:08.246745+00:00,2026-07-03 06:42:49.422132+00:00,TRUE,TYSW,PH1130867,1,0.0,14.0,0.0,14.0,13.0,13.0,92.86%,9.0,0.0,0.0,0.0,0.0,0.0,1,1,2.0,100.00%,2.0,2.0,12.0,https://publish.bus-data.dft.gov.uk/org/513/dataset/ppc-archive/
The Seend Shuttle,Pending invite,,2020-11-22 01:05:58.888999+00:00,2021-08-18 13:51:14.092308+00:00,,UNKNOWN,SNDS,,0,0.0,0.0,0.0,0.0,0.0,0.0,0.0,0.0,0.0,0.0,0.0,0.0,0.0,0,0,0.0,0.00%,0.0,0.0,,
Torbay Community Development Trust,Inactive,2020-12-03 14:07:30.382673+00:00,2020-11-22 01:07:20.955416+00:00,2020-12-03 10:04:18.111943+00:00,2020-12-03 14:07:30.412738+00:00,UNKNOWN,TCDT,,0,0.0,0.0,0.0,0.0,0.0,0.0,0.0,0.0,0.0,0.0,0.0,0.0,0.0,0,0,0.0,0.00%,0.0,0.0,,
Torbay Council (UILTA),Active,2025-02-06 11:02:59+00:00,2020-11-22 01:07:46.856535+00:00,2021-08-18 13:51:14.495022+00:00,2025-10-07 11:34:27+00:00,UNKNOWN,TorLTA,,0,0.0,0.0,0.0,0.0,0.0,0.0,0.0,0.0,0.0,0.0,0.0,0.0,0.0,0,0,0.0,0.00%,0.0,0.0,,
Totnes Community Bus,Active,2020-11-19 15:27:00+00:00,2020-11-22 01:10:42.835282+00:00,2024-12-19 16:54:07.999843+00:00,2026-07-03 06:42:49.422132+00:00,FALSE,TOTN,,0,5.0,0.0,0.0,0.0,0.0,0.0,0.0,0.0,0.0,0.0,0.0,0.0,0.0,1,0,0.0,0.00%,0.0,0.0,,
Travel Cornwall,Active,2020-11-19 15:27:00+00:00,2020-11-22 01:12:50.896331+00:00,2020-11-22 01:12:51.110073+00:00,2026-07-03 06:42:49.422132+00:00,TRUE,SMMC,PH0006937;PH1011427,2,0.0,1.0,0.0,1.0,1.0,1.0,100.00%,0.0,0.0,0.0,0.0,0.0,0.0,1,1,1.0,0.00%,1.0,1.0,100.0,https://publish.bus-data.dft.gov.uk/org/519/dataset/ppc-archive/
Unilink,Pending invite,,2020-11-22 01:13:19.894857+00:00,2021-08-18 13:51:13.300379+00:00,,UNKNOWN,,,0,0.0,0.0,0.0,0.0,0.0,0.0,0.0,0.0,0.0,0.0,0.0,0.0,0.0,0,0,0.0,0.00%,0.0,0.0,,
Urchfont Community Bus,Pending invite,,2020-11-22 01:14:39.045214+00:00,2021-08-18 13:51:29.835561+00:00,,UNKNOWN,UCBU,,0,0.0,0.0,0.0,0.0,0.0,0.0,0.0,0.0,0.0,0.0,0.0,0.0,0.0,0,0,0.0,0.00%,0.0,0.0,,
Weston and District Community Transport,Pending invite,,2020-11-22 01:17:44.053963+00:00,2021-08-18 13:51:29.445970+00:00,,UNKNOWN,NWDL,,0,0.0,0.0,0.0,0.0,0.0,0.0,0.0,0.0,0.0,0.0,0.0,0.0,0.0,0,0,0.0,0.00%,0.0,0.0,,
Wheel Drive,Inactive,2020-11-24 11:26:55.669411+00:00,2020-11-22 01:18:16.331892+00:00,2020-11-23 12:22:02.500860+00:00,2021-01-14 11:03:15.207118+00:00,TRUE,WTSW,PH1011572;PH1091274,2,0.0,0.0,0.0,0.0,0.0,0.0,0.0,0.0,0.0,0.0,0.0,0.0,0.0,0,0,0.0,0.00%,0.0,0.0,,
Yeos Contracts,Active,2020-11-19 15:27:00+00:00,2020-11-22 01:20:29.571562+00:00,2020-12-03 10:03:08.331568+00:00,2026-07-03 06:42:49.422132+00:00,TRUE,YEOS,PH1078330,1,0.0,1.0,0.0,1.0,0.0,0.0,0.0,0.0,0.0,0.0,0.0,0.0,0.0,0,1,2.0,50.00%,2.0,2.0,,
Abbotts of Leeming,Inactive,2020-11-30 11:29:47.621380+00:00,2020-11-22 01:24:33.608264+00:00,2020-11-30 11:23:31.891741+00:00,2022-04-28 09:05:40.416606+00:00,TRUE,ABBL,PB1143803,1,0.0,0.0,0.0,0.0,0.0,0.0,0.0,0.0,0.0,0.0,0.0,0.0,0.0,0,0,0.0,0.00%,0.0,0.0,,
Hodgson Coach Operators,Active,2020-11-23 13:38:19.594425+00:00,2020-11-22 01:25:20.020113+00:00,2020-11-23 12:16:40.203569+00:00,2026-06-09 15:20:24.469246+00:00,TRUE,HDGS,PB1069542,1,0.0,28.0,0.0,28.0,26.0,9.0,32.14%,0.0,0.0,0.0,0.0,0.0,0.0,4,1,1.0,0.00%,1.0,1.0,9.0,https://publish.bus-data.dft.gov.uk/org/527/dataset/ppc-archive/
Olympic Coaches,Inactive,2020-11-23 10:27:48.247517+00:00,2020-11-22 01:26:23.276368+00:00,2020-11-22 01:26:23.473971+00:00,2023-04-26 15:28:46.405683+00:00,TRUE,OMNC,PB1027613,1,0.0,0.0,0.0,0.0,0.0,0.0,0.0,0.0,0.0,0.0,0.0,0.0,0.0,0,0,0.0,0.00%,0.0,0.0,,
Coatham Coaches,Active,2020-11-22 17:20:12.356124+00:00,2020-11-22 01:28:27.315736+00:00,2020-11-22 01:28:27.522688+00:00,2024-12-06 11:18:11.530575+00:00,TRUE,COTY,PB0002212,1,0.0,1.0,0.0,1.0,1.0,1.0,100.00%,0.0,0.0,0.0,0.0,0.0,0.0,1,1,1.0,0.00%,1.0,1.0,,
Atlantic Travel,Active,2020-12-17 11:08:14.933661+00:00,2020-11-23 11:55:53.100824+00:00,2020-12-14 11:03:52.196724+00:00,2024-07-26 09:10:18.648270+00:00,TRUE,ATGB,PC1078893,1,0.0,1.0,0.0,1.0,0.0,0.0,0.00%,1.0,1.0,0.0,0.0,0.0,0.0,1,1,1.0,100.00%,1.0,1.0,,
A-Line Coaches,Active,2020-11-24 11:42:53.376482+00:00,2020-11-23 12:01:22.619677+00:00,2020-11-23 12:11:50.556049+00:00,2025-12-12 09:17:23.595346+00:00,TRUE,ALCG,PB0002381,1,0.0,0.0,0.0,0.0,0.0,0.0,0.0,0.0,0.0,0.0,0.0,0.0,0.0,0,1,1.0,0.00%,1.0,1.0,,
Aintree Coaches,Active,2021-05-17 11:33:43.544692+00:00,2020-11-23 12:02:07.747497+00:00,2021-04-20 11:32:17.453973+00:00,2026-06-03 13:02:09.601027+00:00,TRUE,AINT,PC0003713,1,0.0,4.0,0.0,4.0,4.0,0.0,0.00%,0.0,0.0,0.0,0.0,3.0,0.0,1,1,4.0,100.00%,4.0,4.0,62.0,https://publish.bus-data.dft.gov.uk/org/534/dataset/ppc-archive/
Al's Coaches,Active,2020-11-10 12:31:26+00:00,2020-11-23 12:05:34.272645+00:00,2020-12-11 12:07:46.951875+00:00,2026-07-02 12:47:26.360265+00:00,TRUE,ALSC,PC1036656,1,1.0,65.0,0.0,65.0,61.0,61.0,93.85%,62.0,61.0,0.0,0.0,60.0,0.0,1,1,1.0,100.00%,1.0,1.0,67.0,https://publish.bus-data.dft.gov.uk/org/535/dataset/ppc-archive/
A&A Coach Travel Ltd,Active,2020-11-30 11:22:47.310662+00:00,2020-11-23 12:10:31.989697+00:00,2020-11-30 11:20:43.725765+00:00,2020-11-30 12:41:27.500805+00:00,TRUE,AACT,PB2024186,1,0.0,0.0,0.0,0.0,0.0,0.0,0.0,0.0,0.0,0.0,0.0,0.0,0.0,0,0,0.0,0.00%,0.0,0.0,,
Belle Vue,Active,2020-12-16 15:03:39.078167+00:00,2020-11-23 12:31:27.030401+00:00,2020-12-14 11:04:42.980142+00:00,2026-04-07 02:08:33.302318+00:00,TRUE,BEVC,PC0004217,1,1.0,2.0,0.0,2.0,2.0,2.0,100.00%,1.0,1.0,0.0,0.0,1.0,0.0,2,1,2.0,50.00%,2.0,2.0,100.0,https://publish.bus-data.dft.gov.uk/org/537/dataset/ppc-archive/
Bestway Minibuses,Inactive,2021-01-06 13:26:42.351866+00:00,2020-11-23 12:33:45.273495+00:00,2021-01-06 13:20:42.323362+00:00,2023-05-17 11:26:34.312580+00:00,TRUE,BESW,PC1120654,1,0.0,0.0,0.0,0.0,0.0,0.0,0.0,0.0,0.0,0.0,0.0,0.0,0.0,0,0,0.0,0.00%,0.0,0.0,,
Communities First Wessex,Inactive,2020-11-24 10:40:13.557212+00:00,2020-11-23 13:38:37.905417+00:00,2020-11-23 13:38:38.107714+00:00,2020-11-24 10:40:13.593188+00:00,UNKNOWN,CFWX,,0,0.0,0.0,0.0,0.0,0.0,0.0,0.0,0.0,0.0,0.0,0.0,0.0,0.0,0,0,0.0,0.00%,0.0,0.0,,
Newton Abbot Community Transport,Pending invite,,2020-11-23 13:55:53.532659+00:00,2021-08-18 13:50:44.796142+00:00,,UNKNOWN,,,0,0.0,0.0,0.0,0.0,0.0,0.0,0.0,0.0,0.0,0.0,0.0,0.0,0.0,0,0,0.0,0.00%,0.0,0.0,,
Border Rambler,Active,2020-11-19 14:07:16.570412+00:00,2020-11-23 21:18:41.401439+00:00,2020-11-30 11:37:28.403106+00:00,2026-06-17 08:55:21.488606+00:00,UNKNOWN,BRCS,,0,0.0,0.0,0.0,0.0,0.0,0.0,0.0,0.0,0.0,0.0,0.0,0.0,0.0,0,0,0.0,0.00%,0.0,0.0,,
Coastal Coaches,Active,2020-11-26 12:44:22.938540+00:00,2020-11-23 21:28:27.031647+00:00,2020-11-25 13:43:25.514883+00:00,2022-01-05 10:13:08.716233+00:00,TRUE,COAS;CSTL,PC1023780,1,0.0,5.0,2.0,3.0,0.0,0.0,0.00%,5.0,5.0,0.0,0.0,0.0,0.0,0,0,0.0,0.00%,0.0,0.0,,
Community Transport For Lewis Area,Pending invite,,2020-11-23 21:32:57.924878+00:00,2021-08-18 13:49:56.796090+00:00,,UNKNOWN,CTLW,,0,0.0,0.0,0.0,0.0,0.0,0.0,0.0,0.0,0.0,0.0,0.0,0.0,0.0,0,0,0.0,0.00%,0.0,0.0,,
Compaid,Pending invite,,2020-11-23 21:40:26.725103+00:00,2021-08-18 13:49:57.987031+00:00,,UNKNOWN,COM,,0,0.0,0.0,0.0,0.0,0.0,0.0,0.0,0.0,0.0,0.0,0.0,0.0,0.0,0,0,0.0,0.00%,0.0,0.0,,
Compass Community Transport,Pending invite,,2020-11-23 21:42:04.541230+00:00,2021-08-18 13:49:57.223056+00:00,,UNKNOWN,CCTL,,0,0.0,0.0,0.0,0.0,0.0,0.0,0.0,0.0,0.0,0.0,0.0,0.0,0.0,0,0,0.0,0.00%,0.0,0.0,,
Eazibus,Inactive,2020-12-14 13:10:15.129776+00:00,2020-11-23 22:13:40.604415+00:00,2020-12-14 11:06:17.113828+00:00,2020-12-15 22:29:02.233677+00:00,TRUE,EAZI,PC1053227,1,0.0,0.0,0.0,0.0,0.0,0.0,0.0,0.0,0.0,0.0,0.0,0.0,0.0,0,0,0.0,0.00%,0.0,0.0,,
Fellrunner,Pending invite,,2020-11-23 22:25:56.086853+00:00,2021-08-18 13:50:10.647045+00:00,,UNKNOWN,FELL,,0,0.0,0.0,0.0,0.0,0.0,0.0,0.0,0.0,0.0,0.0,0.0,0.0,0.0,0,0,0.0,0.00%,0.0,0.0,,
Finches,Inactive,2020-11-24 09:24:35.220930+00:00,2020-11-23 22:33:33.299891+00:00,2020-11-23 22:33:33.529676+00:00,2023-10-04 10:49:46.414996+00:00,TRUE,FCHS,PC2014371,1,0.0,0.0,0.0,0.0,0.0,0.0,0.0,0.0,0.0,0.0,0.0,0.0,0.0,0,1,0.0,0.00%,0.0,0.0,,
Selwyn's Travel,Active,2020-11-10 12:31:26+00:00,2020-11-24 12:29:27.413571+00:00,2020-11-25 13:57:19.732479+00:00,2026-07-02 12:47:26.360265+00:00,TRUE,SELT,PC0001866,1,0.0,0.0,0.0,0.0,0.0,0.0,0.0,0.0,0.0,0.0,0.0,0.0,0.0,0,0,1.0,100.00%,1.0,1.0,,
Hollinshead Coaches,Active,2020-12-14 12:48:41.505390+00:00,2020-11-24 12:33:53.374317+00:00,2020-12-14 12:47:25.763172+00:00,2023-06-02 11:14:38.641648+00:00,TRUE,HOLL,PD0001007,1,0.0,3.0,0.0,3.0,0.0,0.0,0.00%,1.0,0.0,1.0,0.0,0.0,0.0,1,0,1.0,0.00%,1.0,1.0,,
Huyton Travel,Active,2020-11-10 12:31:26+00:00,2020-11-24 12:41:42.468182+00:00,2020-11-30 11:55:50.884287+00:00,2026-07-02 12:47:26.360265+00:00,TRUE,HUYT,PC0002691,1,0.0,33.0,0.0,33.0,29.0,29.0,87.88%,0.0,0.0,0.0,0.0,27.0,0.0,1,1,1.0,100.00%,1.0,1.0,93.0,https://publish.bus-data.dft.gov.uk/org/555/dataset/ppc-archive/
J & B Travel,Inactive,2020-11-24 13:39:31.126925+00:00,2020-11-24 12:45:02.845963+00:00,2020-11-24 12:45:03.039840+00:00,2020-11-24 13:39:31.156822+00:00,UNKNOWN,JBT,,0,0.0,0.0,0.0,0.0,0.0,0.0,0.0,0.0,0.0,0.0,0.0,0.0,0.0,0,0,0.0,0.00%,0.0,0.0,,
Jacksons of Silsden,Active,2021-05-18 08:27:56.584096+00:00,2020-11-24 12:46:30.483542+00:00,2021-03-30 12:35:47+00:00,2022-06-21 18:34:25.206520+00:00,TRUE,JASI,PB0001662,1,0.0,8.0,0.0,8.0,1.0,1.0,12.50%,0.0,0.0,0.0,0.0,0.0,0.0,1,1,1.0,0.00%,1.0,1.0,0.0,https://publish.bus-data.dft.gov.uk/org/557/dataset/ppc-archive/
James Bevan,Active,2024-01-30 08:17:51.671150+00:00,2020-11-24 12:48:04.073883+00:00,2021-08-18 13:50:30.730173+00:00,2025-11-12 07:39:31.784391+00:00,TRUE,JBVN,PH0001329,1,0.0,2.0,0.0,2.0,2.0,2.0,100.00%,2.0,0.0,2.0,0.0,1.0,0.0,2,1,1.0,100.00%,1.0,1.0,0.0,https://publish.bus-data.dft.gov.uk/org/558/dataset/ppc-archive/
L & G Coaches,Active,2020-11-24 12:56:34.446971+00:00,2020-11-24 12:54:21.292344+00:00,2020-11-24 12:54:21.501749+00:00,2026-06-20 10:05:38.849023+00:00,TRUE,LAGC,PB2010662,1,0.0,8.0,0.0,8.0,2.0,0.0,0.00%,0.0,0.0,0.0,0.0,2.0,0.0,1,1,2.0,100.00%,2.0,2.0,80.0,https://publish.bus-data.dft.gov.uk/org/559/dataset/ppc-archive/
Maghull Coaches,Active,2020-11-10 12:31:26+00:00,2020-11-24 13:12:42.243248+00:00,2020-11-24 13:12:42.446736+00:00,2026-07-09 06:16:37.342106+00:00,TRUE,MAGH,PC1094200,1,0.0,7.0,0.0,7.0,7.0,7.0,100.00%,3.0,3.0,0.0,0.0,6.0,0.0,1,2,1.0,100.00%,1.0,1.0,0.0,https://publish.bus-data.dft.gov.uk/org/560/dataset/ppc-archive/
Norse,Pending invite,,2020-11-24 13:33:42.553102+00:00,2021-08-18 13:51:01.284439+00:00,,UNKNOWN,NCXS,,0,0.0,0.0,0.0,0.0,0.0,0.0,0.0,0.0,0.0,0.0,0.0,0.0,0.0,0,0,0.0,0.00%,0.0,0.0,,
Ogden Coaches,Active,2020-11-10 12:31:26+00:00,2020-11-24 13:46:37.122036+00:00,,2026-07-02 12:47:26.360265+00:00,TRUE,OGDC,PC2026938,1,0.0,8.0,0.0,8.0,0.0,0.0,0.0,8.0,8.0,0.0,0.0,0.0,0.0,0,0,0.0,0.00%,0.0,0.0,,
Lucketts Travel,Active,2020-12-18 15:09:04.149802+00:00,2020-11-24 14:01:39.634163+00:00,2021-03-30 12:35:45.818730+00:00,2026-01-19 14:29:53.530104+00:00,TRUE,LUCK,PH0005948,1,0.0,2.0,0.0,2.0,2.0,2.0,100.00%,2.0,0.0,0.0,0.0,0.0,0.0,2,1,2.0,100.00%,2.0,2.0,,
Peoples Bus,Active,2020-11-10 12:31:26+00:00,2020-11-24 14:03:57.640642+00:00,2020-11-25 13:52:50.614951+00:00,2026-07-02 12:47:26.360265+00:00,TRUE,PPBU,PC1080261,1,0.0,3.0,0.0,3.0,3.0,3.0,100.00%,0.0,0.0,0.0,0.0,3.0,0.0,1,1,1.0,100.00%,1.0,1.0,,
Phoenix Taxis & Minicoaches,Active,2020-11-30 14:16:22.775694+00:00,2020-11-24 14:07:25.313138+00:00,2020-11-30 12:05:41.371976+00:00,2025-08-04 12:39:57.729010+00:00,TRUE,PCNE,PB1126436,1,0.0,4.0,0.0,4.0,3.0,3.0,75.00%,0.0,0.0,0.0,0.0,3.0,0.0,1,1,1.0,100.00%,1.0,1.0,92.0,https://publish.bus-data.dft.gov.uk/org/565/dataset/ppc-archive/
Isle of Wight Council (UILTA),Active,2025-10-27 15:24:56.361630+00:00,2020-11-24 14:16:41.008602+00:00,2021-08-18 13:50:28.855106+00:00,2025-10-27 15:24:56.555884+00:00,UNKNOWN,IOWLTA,,0,0.0,0.0,0.0,0.0,0.0,0.0,0.0,0.0,0.0,0.0,0.0,0.0,0.0,0,0,0.0,0.00%,0.0,0.0,,
Wiltshire County Council (UILTA),Active,2020-11-24 16:41:20.460957+00:00,2020-11-24 14:34:30.469689+00:00,2020-11-24 14:34:30.752173+00:00,2026-07-09 07:55:40.507267+00:00,UNKNOWN,WIBS,,0,0.0,0.0,0.0,0.0,0.0,0.0,0.0,0.0,0.0,0.0,0.0,0.0,0.0,0,0,0.0,0.00%,0.0,0.0,,
Swindon Borough Council (UILTA),Active,2025-07-28 10:50:57.498147+00:00,2020-11-24 14:35:05.985685+00:00,2021-08-18 13:51:13.490685+00:00,2025-07-30 10:33:19.460338+00:00,UNKNOWN,SwinLTA,,0,0.0,0.0,0.0,0.0,0.0,0.0,0.0,0.0,0.0,0.0,0.0,0.0,0.0,0,0,0.0,0.00%,0.0,0.0,,
Redcar & Cleveland Borough Council,Inactive,2020-11-26 08:31:57.982032+00:00,2020-11-24 15:36:18.854095+00:00,2020-11-25 13:53:20.165065+00:00,2020-11-26 08:31:58.058696+00:00,TRUE,RCBC,PB1070545,1,0.0,0.0,0.0,0.0,0.0,0.0,0.0,0.0,0.0,0.0,0.0,0.0,0.0,0,0,0.0,0.00%,0.0,0.0,,
Soar Valley Community Bus,Inactive,2020-12-03 10:15:06.195509+00:00,2020-11-24 16:04:51.414783+00:00,2020-12-03 10:04:53.054772+00:00,2020-12-03 10:15:06.252941+00:00,UNKNOWN,SVCB,,0,0.0,0.0,0.0,0.0,0.0,0.0,0.0,0.0,0.0,0.0,0.0,0.0,0.0,0,0,0.0,0.00%,0.0,0.0,,
South Pennine CT,Pending invite,,2020-11-24 16:07:17.744588+00:00,2021-08-18 13:51:01.665551+00:00,,UNKNOWN,SPCT,,0,0.0,0.0,0.0,0.0,0.0,0.0,0.0,0.0,0.0,0.0,0.0,0.0,0.0,0,0,0.0,0.00%,0.0,0.0,,
Squarepeg,Active,2020-12-14 15:29:52.579199+00:00,2020-11-24 16:16:18.674094+00:00,2020-12-14 11:12:59.463818+00:00,2025-11-25 08:44:07.950024+00:00,TRUE,YSQU,PB1139118,1,0.0,6.0,0.0,6.0,6.0,6.0,100.00%,0.0,0.0,0.0,0.0,0.0,0.0,1,1,16.0,100.00%,16.0,16.0,100.0,https://publish.bus-data.dft.gov.uk/org/573/dataset/ppc-archive/
Stanley Travel,Active,2020-12-02 11:41:48.804535+00:00,2020-11-24 16:17:38.927874+00:00,2020-12-13 20:26:24.086787+00:00,2026-06-09 15:20:24.469246+00:00,TRUE,STNE;STNL;STNT,PB1107575;PB1144075,2,0.0,11.0,0.0,11.0,2.0,0.0,0.00%,1.0,1.0,0.0,0.0,0.0,0.0,1,1,1.0,100.00%,1.0,1.0,0.0,https://publish.bus-data.dft.gov.uk/org/574/dataset/ppc-archive/
Stringers Pontefract Motorways,Active,2020-11-24 17:24:36.082466+00:00,2020-11-24 16:23:00.883647+00:00,2020-11-24 16:23:01.081807+00:00,2025-09-16 11:19:02.855975+00:00,TRUE,SPMW,PB2079972,1,0.0,1.0,0.0,1.0,1.0,1.0,100.00%,0.0,0.0,0.0,0.0,0.0,0.0,1,1,4.0,100.00%,4.0,4.0,,
Kent Coach Tours,Active,2020-11-25 11:58:39.352609+00:00,2020-11-24 16:26:13.639568+00:00,2020-11-24 16:26:13.849764+00:00,2023-06-28 14:42:47.911764+00:00,TRUE,KCTR,PK0003473,1,0.0,0.0,0.0,0.0,0.0,0.0,0.0,0.0,0.0,0.0,0.0,0.0,0.0,0,0,0.0,0.00%,0.0,0.0,,
Meopham Community Bus,Pending invite,,2020-11-24 16:27:31.184439+00:00,2021-08-18 13:50:44.981097+00:00,,UNKNOWN,MEOP,,0,0.0,0.0,0.0,0.0,0.0,0.0,0.0,0.0,0.0,0.0,0.0,0.0,0.0,0,0,0.0,0.00%,0.0,0.0,,
TfGM Ring and Ride,Pending invite,,2020-11-24 16:29:36.431429+00:00,2021-08-18 13:51:11.371260+00:00,,UNKNOWN,2,,0,0.0,0.0,0.0,0.0,0.0,0.0,0.0,0.0,0.0,0.0,0.0,0.0,0.0,0,0,0.0,0.00%,0.0,0.0,,
Travel Assist,Pending invite,,2020-11-24 17:26:29.283242+00:00,2021-08-18 13:51:15.512952+00:00,,UNKNOWN,TASL,,0,0.0,0.0,0.0,0.0,0.0,0.0,0.0,0.0,0.0,0.0,0.0,0.0,0.0,0,0,0.0,0.00%,0.0,0.0,,
Travel Masters,Active,2020-11-17 13:10:17+00:00,2020-11-24 17:30:08.531887+00:00,2020-12-03 10:04:10.755557+00:00,2026-07-07 16:00:46.178073+00:00,TRUE,TMST,PK1020685,1,0.0,27.0,0.0,27.0,23.0,23.0,85.19%,0.0,0.0,0.0,0.0,0.0,0.0,1,1,1.0,0.00%,1.0,1.0,0.0,https://publish.bus-data.dft.gov.uk/org/580/dataset/ppc-archive/
Viking Coaches (Heywood),Active,2021-02-04 13:49:52+00:00,2020-11-24 17:35:54.904643+00:00,2021-02-02 14:23:54+00:00,2022-10-14 15:28:00.719538+00:00,TRUE,VIKG,PC2001822,1,0.0,0.0,0.0,0.0,0.0,0.0,0.0,0.0,0.0,0.0,0.0,0.0,0.0,1,1,0.0,0.00%,0.0,0.0,,
Vision Bus,Active,2020-11-25 14:26:07.496058+00:00,2020-11-24 17:36:38.478282+00:00,2020-11-25 13:54:30.370355+00:00,2026-03-30 06:38:34.945274+00:00,TRUE,VISB,PC1134111,1,0.0,32.0,0.0,32.0,5.0,0.0,0.00%,8.0,8.0,0.0,0.0,0.0,0.0,1,1,1.0,0.00%,1.0,1.0,12.0,https://publish.bus-data.dft.gov.uk/org/582/dataset/ppc-archive/
Weardale Motor Services,Active,2020-10-27 10:10:23+00:00,2020-11-24 17:38:36.671851+00:00,2020-11-30 12:11:13.053325+00:00,2026-06-09 15:20:24.469246+00:00,TRUE,WMSV,PB0002406,1,0.0,30.0,0.0,30.0,6.0,0.0,0.00%,4.0,3.0,0.0,0.0,0.0,0.0,2,1,1.0,0.00%,1.0,1.0,0.0,https://publish.bus-data.dft.gov.uk/org/583/dataset/ppc-archive/
Wigan Community Transport,Pending invite,,2020-11-24 17:43:33.325034+00:00,2021-08-18 13:51:29.046931+00:00,,UNKNOWN,WIGD,,0,0.0,0.0,0.0,0.0,0.0,0.0,0.0,0.0,0.0,0.0,0.0,0.0,0.0,0,0,0.0,0.00%,0.0,0.0,,
Williams Travel,Pending invite,,2020-11-24 17:47:14.294678+00:00,2021-08-18 13:51:29.246932+00:00,,UNKNOWN,FTWI,,0,0.0,0.0,0.0,0.0,0.0,0.0,0.0,0.0,0.0,0.0,0.0,0.0,0.0,0,0,0.0,0.00%,0.0,0.0,,
Yelloway Motor Services,Inactive,2021-03-30 12:48:42.551336+00:00,2020-11-24 17:49:40.055968+00:00,2021-03-30 12:37:12.123777+00:00,2021-03-30 12:48:42.586213+00:00,TRUE,YELM,PC1019514,1,0.0,0.0,0.0,0.0,0.0,0.0,0.0,0.0,0.0,0.0,0.0,0.0,0.0,0,0,0.0,0.00%,0.0,0.0,,
L&R Transport Services,Inactive,2020-12-14 11:13:20.397262+00:00,2020-11-25 12:21:30.653199+00:00,2020-12-14 11:08:51.494712+00:00,2020-12-14 11:48:23.026405+00:00,TRUE,lrtransuk,PF1076687,1,0.0,0.0,0.0,0.0,0.0,0.0,0.0,0.0,0.0,0.0,0.0,0.0,0.0,0,0,0.0,0.00%,0.0,0.0,,
Ashcroft Travel,Active,2020-11-26 13:10:13.402096+00:00,2020-11-26 11:00:57.680449+00:00,2020-11-26 11:00:57.884298+00:00,2026-07-09 06:16:37.342106+00:00,TRUE,ASHT,PC1023915,1,0.0,10.0,0.0,10.0,8.0,8.0,80.00%,4.0,3.0,0.0,0.0,0.0,0.0,1,1,1.0,100.00%,1.0,1.0,86.0,https://publish.bus-data.dft.gov.uk/org/589/dataset/ppc-archive/
R J Belfitt Mini Bus Hire Ltd,Pending invite,,2020-11-27 11:13:30.041072+00:00,2024-03-26 14:52:21.757657+00:00,,TRUE,BFMC,PH1123099,1,0.0,0.0,0.0,0.0,0.0,0.0,0.0,0.0,0.0,0.0,0.0,0.0,0.0,0,0,0.0,0.00%,0.0,0.0,,
BL Travel,Pending invite,,2020-11-27 11:13:54.166550+00:00,2021-08-18 13:49:35.826609+00:00,,UNKNOWN,BLTR,,0,0.0,0.0,0.0,0.0,0.0,0.0,0.0,0.0,0.0,0.0,0.0,0.0,0.0,0,0,0.0,0.00%,0.0,0.0,,
Golden Tours,Active,2020-12-02 13:24:30.433881+00:00,2020-12-02 11:04:00.778291+00:00,2020-12-02 11:04:01.002833+00:00,2026-07-08 10:01:51.323755+00:00,TRUE,GTSL,PK0001979,1,0.0,2.0,0.0,2.0,2.0,2.0,100.00%,0.0,0.0,0.0,0.0,1.0,0.0,2,1,2.0,100.00%,2.0,2.0,,
Compass Royston Travel Ltd,Inactive,2020-12-02 11:28:06.919813+00:00,2020-12-02 11:26:08.399783+00:00,2020-12-02 11:26:08.603264+00:00,2021-06-22 12:08:26.758818+00:00,TRUE,COMR,PB0003967,1,0.0,0.0,0.0,0.0,0.0,0.0,0.0,0.0,0.0,0.0,0.0,0.0,0.0,0,0,0.0,0.00%,0.0,0.0,,
Durham County Council (UILTA),Active,2020-12-02 11:41:48.804535+00:00,2020-12-10 12:55:38.273550+00:00,2020-12-10 12:55:38.502697+00:00,2026-07-07 11:09:03.652608+00:00,TRUE,DCCL,PB1076995,1,0.0,1.0,1.0,0.0,3.0,3.0,0.0,0.0,0.0,0.0,1.0,1.0,0.0,1,0,0.0,0.00%,0.0,0.0,,
Kens Travel,Inactive,2020-12-10 15:15:39.335340+00:00,2020-12-10 15:12:25.016936+00:00,2020-12-10 15:12:25.229977+00:00,2022-05-06 10:31:44.913096+00:00,TRUE,KENS,PB1144464,1,0.0,0.0,0.0,0.0,0.0,0.0,0.0,0.0,0.0,0.0,0.0,0.0,0.0,0,0,0.0,0.00%,0.0,0.0,,
MP Travel,Inactive,2020-12-14 19:34:53.914256+00:00,2020-12-14 13:25:49.925547+00:00,2020-12-14 13:25:50.162576+00:00,2021-12-21 06:51:16.092356+00:00,TRUE,MPTR,PC1145921;PC2026017,2,0.0,0.0,0.0,0.0,0.0,0.0,0.0,0.0,0.0,0.0,0.0,0.0,0.0,0,0,0.0,0.00%,0.0,0.0,,
Star Cabs,Active,2020-12-14 09:30:28+00:00,2020-12-14 13:34:16.599738+00:00,2020-12-14 13:34:16.806463+00:00,2026-07-08 17:10:06.784812+00:00,TRUE,STCB,PF1134589,1,0.0,7.0,0.0,7.0,7.0,7.0,100.00%,0.0,0.0,0.0,0.0,0.0,0.0,1,1,1.0,100.00%,1.0,1.0,100.0,https://publish.bus-data.dft.gov.uk/org/597/dataset/ppc-archive/
Nexus Move,Active,2020-12-15 16:07:02.814677+00:00,2020-12-15 15:28:34.434274+00:00,2020-12-15 15:28:34.659304+00:00,2025-01-05 07:19:22.722339+00:00,TRUE,RDCA,PC0004977,1,0.0,0.0,0.0,0.0,0.0,0.0,0.0,0.0,0.0,0.0,0.0,0.0,0.0,0,0,0.0,0.00%,0.0,0.0,,
Englands,Active,2020-12-17 13:22:55.016733+00:00,2020-12-16 12:06:34.657542+00:00,2020-12-16 20:58:31.905548+00:00,2020-12-17 13:22:55.079797+00:00,TRUE,ENLI,PC1093923,1,0.0,5.0,4.0,1.0,0.0,0.0,0.00%,3.0,3.0,0.0,0.0,0.0,0.0,0,0,0.0,0.00%,0.0,0.0,,
Charltons,Active,2020-06-10 10:46:10+00:00,2020-12-16 12:07:49.525666+00:00,2020-12-16 12:07:49.736552+00:00,2026-07-07 09:19:28.537968+00:00,TRUE,CHAR,PC1041491,1,0.0,3.0,2.0,1.0,0.0,0.0,0.00%,0.0,0.0,0.0,0.0,0.0,0.0,0,1,1.0,100.00%,1.0,1.0,,
Don Fraser,Inactive,2020-12-16 13:59:40.361134+00:00,2020-12-16 12:08:23.056627+00:00,2020-12-16 12:08:23.264661+00:00,2020-12-16 13:59:40.401475+00:00,TRUE,DONF,PC2045539,1,0.0,6.0,6.0,0.0,0.0,0.0,0.0,6.0,6.0,0.0,0.0,0.0,0.0,0,0,0.0,0.00%,0.0,0.0,,
BJ Travel,Inactive,2020-12-16 12:16:20.813378+00:00,2020-12-16 12:09:12.794334+00:00,2020-12-16 12:09:12.996611+00:00,2020-12-16 13:38:23.348444+00:00,TRUE,BJTR,PC1034140,1,0.0,1.0,1.0,0.0,0.0,0.0,0.0,1.0,1.0,0.0,0.0,0.0,0.0,0,0,0.0,0.00%,0.0,0.0,,
Bradshaws,Inactive,2020-12-17 10:20:07.036524+00:00,2020-12-16 12:09:39.664268+00:00,2020-12-16 18:20:08.578659+00:00,2020-12-18 07:58:51.429074+00:00,TRUE,BRSH,PC0003477,1,0.0,0.0,0.0,0.0,0.0,0.0,0.0,0.0,0.0,0.0,0.0,0.0,0.0,0,0,0.0,0.00%,0.0,0.0,,
Saunders,Inactive,2020-12-17 16:57:46.525720+00:00,2020-12-16 12:10:09.008378+00:00,2020-12-16 16:26:26.221997+00:00,2020-12-17 16:57:46.599605+00:00,TRUE,SAUN,PC2011613,1,0.0,6.0,5.0,1.0,0.0,0.0,0.00%,5.0,4.0,0.0,0.0,0.0,0.0,0,0,0.0,0.00%,0.0,0.0,,
Brethertons,Inactive,2020-12-16 13:32:01.024658+00:00,2020-12-16 12:10:37.685797+00:00,2020-12-16 12:10:37.892438+00:00,2020-12-16 13:32:01.073917+00:00,TRUE,BGLT,PC1030112,1,0.0,7.0,7.0,0.0,0.0,0.0,0.0,4.0,4.0,0.0,0.0,0.0,0.0,0,0,0.0,0.00%,0.0,0.0,,
Hodsons,Inactive,2020-12-17 07:32:40.662090+00:00,2020-12-16 12:11:22.631986+00:00,2020-12-16 22:27:01.424725+00:00,2020-12-17 17:36:09.551860+00:00,TRUE,HODG,PC1070592,1,0.0,13.0,13.0,0.0,0.0,0.0,0.0,13.0,5.0,8.0,0.0,0.0,0.0,0,0,0.0,0.00%,0.0,0.0,,
Waltons Coach Hire,Active,2020-12-18 08:57:43.985911+00:00,2020-12-16 12:13:28.740633+00:00,2020-12-16 21:57:48.814849+00:00,2021-09-01 10:28:18.008835+00:00,TRUE,WCHL,PC1013320,1,0.0,6.0,5.0,1.0,0.0,0.0,0.00%,6.0,6.0,0.0,0.0,0.0,0.0,0,0,0.0,0.00%,0.0,0.0,,
Redline,Active,2020-06-10 10:46:10+00:00,2020-12-16 12:30:24.969594+00:00,2020-12-16 12:30:25.189635+00:00,2026-07-07 09:19:28.537968+00:00,TRUE,REDL;SNCH,PC1039706;PC1094167,2,0.0,10.0,9.0,1.0,0.0,0.0,0.00%,10.0,7.0,0.0,0.0,0.0,0.0,0,0,0.0,0.00%,0.0,0.0,,
J Robinson Taxis,Inactive,2020-12-18 12:41:02.426226+00:00,2020-12-16 16:10:19.698779+00:00,,2020-12-18 14:33:44.779945+00:00,TRUE,JROB,PC0002695,1,0.0,6.0,6.0,0.0,0.0,0.0,0.0,6.0,6.0,0.0,0.0,0.0,0.0,0,0,0.0,0.00%,0.0,0.0,,
Arrowebrook Coaches,Inactive,2021-02-02 09:58:12.552645+00:00,2020-12-16 16:18:30.218815+00:00,2021-02-01 16:09:26.585129+00:00,2021-02-02 10:36:28.464849+00:00,TRUE,ARRO,PC1071909,1,0.0,0.0,0.0,0.0,0.0,0.0,0.0,0.0,0.0,0.0,0.0,0.0,0.0,0,0,0.0,0.00%,0.0,0.0,,
Ashley Travel,Pending invite,,2020-12-18 11:55:37.483277+00:00,2023-06-14 10:10:36.767887+00:00,,TRUE,ASHL;ASLT;GRMC,PC0005285;PC1044108,2,0.0,2.0,0.0,2.0,0.0,0.0,0.0,0.0,0.0,0.0,0.0,0.0,0.0,0,0,0.0,0.00%,0.0,0.0,,
Britannia Luxury Coaches,Inactive,2020-12-23 10:23:12.820148+00:00,2020-12-22 15:37:00.503675+00:00,,2022-06-20 14:22:34.631630+00:00,TRUE,BRIT,PK1113077,1,0.0,0.0,0.0,0.0,0.0,0.0,0.0,0.0,0.0,0.0,0.0,0.0,0.0,0,1,0.0,0.00%,0.0,0.0,,
M&H Coaches,Active,2020-12-23 11:33:28.913404+00:00,2020-12-22 16:17:25.179087+00:00,2020-12-22 16:17:25.414501+00:00,2026-06-01 15:29:18.447096+00:00,TRUE,MHCO,PG1115480,1,0.0,11.0,0.0,11.0,1.0,0.0,0.00%,0.0,0.0,0.0,1.0,0.0,0.0,1,1,1.0,100.00%,1.0,1.0,,
Rosevidney Travel,Inactive,2020-12-29 16:13:29.339102+00:00,2020-12-29 16:04:29.261952+00:00,2020-12-29 16:04:29.505454+00:00,2022-01-09 21:28:34.978681+00:00,TRUE,NEJH,PH0006864,1,0.0,0.0,0.0,0.0,0.0,0.0,0.0,0.0,0.0,0.0,0.0,0.0,0.0,0,0,0.0,0.00%,0.0,0.0,,
Olympia Travel UK ltd,Active,2021-01-04 08:58:20.247364+00:00,2020-12-29 16:14:41.009308+00:00,2021-01-04 08:54:29.604387+00:00,2026-03-11 07:52:51.424209+00:00,TRUE,OLYM,PC1078770,1,0.0,0.0,0.0,0.0,0.0,0.0,0.0,0.0,0.0,0.0,0.0,2.0,0.0,2,1,0.0,0.00%,0.0,0.0,,
AOT Coaches,Inactive,2020-12-31 10:35:03.843298+00:00,2020-12-29 16:52:54.705938+00:00,2020-12-29 16:52:54.978465+00:00,2020-12-31 10:35:03.913149+00:00,TRUE,AOT,PB1093955,1,0.0,8.0,5.0,3.0,0.0,0.0,0.00%,8.0,7.0,0.0,0.0,0.0,0.0,0,0,0.0,0.00%,0.0,0.0,,
Polperro Shuttle and Minibuses,Inactive,2021-01-13 11:45:22.007775+00:00,2020-12-29 16:59:30.752174+00:00,2021-01-13 10:46:26.405868+00:00,2021-01-16 13:26:23.858411+00:00,TRUE,APWA,PH0005317,1,0.0,0.0,0.0,0.0,0.0,0.0,0.0,0.0,0.0,0.0,0.0,0.0,0.0,0,0,0.0,0.00%,0.0,0.0,,
Bennetts Coaches Limited,Active,2020-11-19 15:27:00+00:00,2020-12-30 10:55:49.939839+00:00,2020-12-30 10:55:50.150448+00:00,2026-07-03 06:42:49.422132+00:00,TRUE,BNNT,PH1098224,1,0.0,18.0,0.0,18.0,17.0,17.0,94.44%,17.0,0.0,0.0,0.0,3.0,0.0,1,0,2.0,100.00%,2.0,2.0,,
A B Coaches Ltd,Active,2020-11-19 15:27:00+00:00,2020-12-30 13:49:33.521371+00:00,2021-02-10 15:07:40.736537+00:00,2026-07-03 06:42:49.422132+00:00,TRUE,NABC,PH0006652,1,0.0,6.0,0.0,6.0,6.0,6.0,100.00%,4.0,0.0,0.0,0.0,0.0,0.0,1,0,1.0,0.00%,1.0,1.0,,
BM Coaches and Rental Ltd,Active,2020-12-30 14:55:57.716845+00:00,2020-12-30 14:07:55.692906+00:00,2020-12-30 14:07:55.847957+00:00,2026-07-09 06:16:37.342106+00:00,TRUE,BMCS,PK1064859,1,0.0,0.0,0.0,0.0,0.0,0.0,0.0,0.0,0.0,0.0,0.0,0.0,0.0,1,2,1.0,100.00%,1.0,1.0,,
Silverdale Tours (Nottingham) Ltd,Active,2020-12-30 15:06:33.963191+00:00,2020-12-30 14:44:28.095180+00:00,2020-12-30 14:44:28.307030+00:00,2020-12-30 15:06:34.004767+00:00,TRUE,SLVT,PB0002632,1,0.0,0.0,0.0,0.0,0.0,0.0,0.0,0.0,0.0,0.0,0.0,0.0,0.0,0,0,0.0,0.00%,0.0,0.0,,
JP Travel (ormskirk) LTD,Active,2020-06-10 10:46:10+00:00,2020-12-30 14:46:36.254339+00:00,2021-05-20 11:25:57.219846+00:00,2026-07-07 09:19:28.537968+00:00,TRUE,PBHJ,PC1122867,1,0.0,5.0,5.0,0.0,0.0,0.0,0.0,4.0,4.0,0.0,0.0,0.0,0.0,0,0,0.0,0.00%,0.0,0.0,,
APT Coaches Ltd,Active,2020-12-30 17:58:11.306513+00:00,2020-12-30 14:51:17.815782+00:00,2020-12-30 14:51:18.014252+00:00,2021-03-11 08:38:53.075579+00:00,TRUE,APTC,PF1014809,1,0.0,0.0,0.0,0.0,0.0,0.0,0.0,0.0,0.0,0.0,0.0,0.0,0.0,0,0,0.0,0.00%,0.0,0.0,,
National Express (UK Coach),Active,2020-11-23 08:05:57+00:00,2020-12-31 11:01:56.733173+00:00,2020-12-31 11:01:56.958733+00:00,2026-06-29 14:08:39.161776+00:00,TRUE,NATX,PD0000738,1,0.0,8.0,0.0,8.0,7.0,7.0,87.50%,0.0,0.0,0.0,0.0,2.0,0.0,16,1,7.0,100.00%,7.0,7.0,0.0,https://publish.bus-data.dft.gov.uk/org/631/dataset/ppc-archive/
Sewards Coaches,Inactive,2021-01-04 11:09:54.483657+00:00,2021-01-04 04:06:48.185659+00:00,2021-01-04 04:06:48.423086+00:00,2022-11-28 12:57:17.122377+00:00,TRUE,SEWR,PH0004853,1,0.0,0.0,0.0,0.0,0.0,0.0,0.0,0.0,0.0,0.0,0.0,0.0,0.0,0,0,0.0,0.00%,0.0,0.0,,
Barratts Coaches Ltd,Not yet invited,,2021-01-05 09:48:07.802806+00:00,,,UNKNOWN,,,0,0.0,0.0,0.0,0.0,0.0,0.0,0.0,0.0,0.0,0.0,0.0,0.0,0.0,0,0,0.0,0.00%,0.0,0.0,,
Battle Area Community Transport,Not yet invited,,2021-01-05 10:07:41.821794+00:00,,,UNKNOWN,BACT,,0,0.0,0.0,0.0,0.0,0.0,0.0,0.0,0.0,0.0,0.0,0.0,0.0,0.0,0,0,0.0,0.00%,0.0,0.0,,
Bexhill Community Bus,Pending invite,,2021-01-05 10:11:39.538086+00:00,2022-08-01 12:08:05.059831+00:00,,UNKNOWN,BEXB,,0,0.0,0.0,0.0,0.0,0.0,0.0,0.0,0.0,0.0,0.0,0.0,0.0,0.0,0,0,0.0,0.00%,0.0,0.0,,
Bryan Roy Le Blond,Not yet invited,,2021-01-05 10:21:57.832032+00:00,,,UNKNOWN,,,0,0.0,0.0,0.0,0.0,0.0,0.0,0.0,0.0,0.0,0.0,0.0,0.0,0.0,0,0,0.0,0.00%,0.0,0.0,,
Carebus Community Transport,Not yet invited,,2021-01-05 10:46:06.715713+00:00,,,UNKNOWN,CARE,,0,0.0,0.0,0.0,0.0,0.0,0.0,0.0,0.0,0.0,0.0,0.0,0.0,0.0,0,0,0.0,0.00%,0.0,0.0,,
Generation Travel Ltd,Active,2021-01-07 11:01:01.263017+00:00,2021-01-05 14:00:49.484125+00:00,2021-01-05 14:00:49.730441+00:00,2026-06-01 15:02:52.097834+00:00,TRUE,GTLT,PB1100290,1,0.0,0.0,0.0,0.0,0.0,0.0,0.0,0.0,0.0,0.0,0.0,0.0,0.0,0,0,1.0,100.00%,1.0,1.0,,
BMETC,Not yet invited,,2021-01-05 14:33:48.737087+00:00,,,UNKNOWN,,,0,0.0,0.0,0.0,0.0,0.0,0.0,0.0,0.0,0.0,0.0,0.0,0.0,0.0,0,0,0.0,0.00%,0.0,0.0,,
Community Action Dacorum,Not yet invited,,2021-01-05 14:44:18.718656+00:00,,,UNKNOWN,DACV,,0,0.0,0.0,0.0,0.0,0.0,0.0,0.0,0.0,0.0,0.0,0.0,0.0,0.0,0,0,0.0,0.00%,0.0,0.0,,
Corporate Express,Not yet invited,,2021-01-05 14:51:19.902444+00:00,,,UNKNOWN,COEX,,0,0.0,0.0,0.0,0.0,0.0,0.0,0.0,0.0,0.0,0.0,0.0,0.0,0.0,0,0,0.0,0.00%,0.0,0.0,,
Croft Coach Travel,Not yet invited,,2021-01-05 14:55:53.422927+00:00,,,UNKNOWN,YLLW,,0,0.0,0.0,0.0,0.0,0.0,0.0,0.0,0.0,0.0,0.0,0.0,0.0,0.0,0,0,0.0,0.00%,0.0,0.0,,
Eurocab Minibuses,Inactive,2021-02-17 23:02:18.365139+00:00,2021-01-05 15:17:27.678576+00:00,,2021-02-17 23:02:18.457330+00:00,TRUE,ERCB;SHEC,PB0004210,1,0.0,0.0,0.0,0.0,0.0,0.0,0.0,0.0,0.0,0.0,0.0,0.0,0.0,0,0,0.0,0.00%,0.0,0.0,,
Fastline Travel,Active,2021-07-27 16:18:13.188995+00:00,2021-01-05 15:28:51.706788+00:00,,2023-04-06 12:45:37.430998+00:00,TRUE,FLNE,PD1086313,1,0.0,4.0,0.0,4.0,0.0,0.0,0.0,0.0,0.0,0.0,0.0,0.0,0.0,0,0,0.0,0.00%,0.0,0.0,,
West Coast Motors,Pending invite,,2021-01-05 15:34:00.885362+00:00,2021-08-18 13:51:29.644844+00:00,,UNKNOWN,,,0,0.0,0.0,0.0,0.0,0.0,0.0,0.0,0.0,0.0,0.0,0.0,0.0,0.0,0,0,0.0,0.00%,0.0,0.0,,
Ferryhill Village Travel,Active,2024-03-18 10:59:42.733741+00:00,2021-01-05 15:34:57.063158+00:00,2024-03-18 10:46:00.771461+00:00,2024-09-05 10:07:11.464307+00:00,TRUE,FVTL,PB1051564,1,0.0,2.0,0.0,2.0,1.0,1.0,50.00%,0.0,0.0,0.0,0.0,0.0,0.0,1,0,0.0,0.00%,0.0,0.0,,
Western Dales Bus,Active,2021-03-17 12:35:10.412055+00:00,2021-01-05 15:40:27.454916+00:00,2021-02-16 09:30:05.130170+00:00,2026-06-26 09:05:01.072844+00:00,UNKNOWN,WDCB,,0,5.0,0.0,0.0,0.0,0.0,0.0,0.0,0.0,0.0,0.0,0.0,5.0,0.0,1,1,1.0,100.00%,1.0,1.0,,
Globe Holidays,Inactive,2021-08-19 12:07:16.195573+00:00,2021-01-05 15:49:23.353358+00:00,2021-08-18 13:50:13.390716+00:00,2021-08-19 12:07:16.254278+00:00,FALSE,ROSA,,0,0.0,0.0,0.0,0.0,0.0,0.0,0.0,0.0,0.0,0.0,0.0,0.0,0.0,0,0,0.0,0.00%,0.0,0.0,,
Goole Go Far,Not yet invited,,2021-01-05 15:52:19.238270+00:00,,,UNKNOWN,GOGF,,0,0.0,0.0,0.0,0.0,0.0,0.0,0.0,0.0,0.0,0.0,0.0,0.0,0.0,0,0,0.0,0.00%,0.0,0.0,,
Grosvenor Coaches,Active,2021-02-01 17:19:18.163230+00:00,2021-01-05 15:56:20.533091+00:00,,2021-02-01 17:19:18.214431+00:00,TRUE,GRVN,PD1016283,1,0.0,0.0,0.0,0.0,0.0,0.0,0.0,0.0,0.0,0.0,0.0,0.0,0.0,0,0,0.0,0.00%,0.0,0.0,,
Heatons Coaches,Active,2021-10-11 11:36:40+00:00,2021-01-05 16:02:13.986056+00:00,2024-09-04 09:18:41.198339+00:00,2026-07-09 06:16:37.342106+00:00,TRUE,WCTY,PB1086712,1,0.0,1.0,0.0,1.0,1.0,1.0,100.00%,1.0,1.0,0.0,0.0,0.0,0.0,1,1,1.0,100.00%,1.0,1.0,100.0,https://publish.bus-data.dft.gov.uk/org/666/dataset/ppc-archive/
Hollywood Travel,Inactive,2021-07-16 19:54:22.118221+00:00,2021-01-05 16:07:10.249070+00:00,2021-07-16 12:52:44.085146+00:00,2021-07-16 19:54:22.171056+00:00,TRUE,HLTV,PD0001735,1,0.0,0.0,0.0,0.0,0.0,0.0,0.0,0.0,0.0,0.0,0.0,0.0,0.0,0,0,0.0,0.00%,0.0,0.0,,
Johnson Brothers,Not yet invited,,2021-01-05 16:10:38.422749+00:00,,,UNKNOWN,JBTL,,0,0.0,0.0,0.0,0.0,0.0,0.0,0.0,0.0,0.0,0.0,0.0,0.0,0.0,0,0,0.0,0.00%,0.0,0.0,,
Moxons Tours,Not yet invited,,2021-01-05 16:22:30.897157+00:00,,,TRUE,MOXN,PB0002629,1,0.0,4.0,0.0,4.0,0.0,0.0,0.0,3.0,1.0,0.0,0.0,0.0,0.0,0,0,0.0,0.00%,0.0,0.0,,
West Norfolk Community Transport,Not yet invited,,2021-01-06 10:43:28.859407+00:00,,,UNKNOWN,,,0,0.0,0.0,0.0,0.0,0.0,0.0,0.0,0.0,0.0,0.0,0.0,0.0,0.0,0,0,0.0,0.00%,0.0,0.0,,
Wealdlink Community Transport,Not yet invited,,2021-01-06 10:48:41.820818+00:00,,,UNKNOWN,NWCT,,0,0.0,0.0,0.0,0.0,0.0,0.0,0.0,0.0,0.0,0.0,0.0,0.0,0.0,0,0,0.0,0.00%,0.0,0.0,,
Viceroy Coaches of Essex,Not yet invited,,2021-01-06 10:51:39.513861+00:00,,,UNKNOWN,VESX,,0,0.0,0.0,0.0,0.0,0.0,0.0,0.0,0.0,0.0,0.0,0.0,0.0,0.0,0,0,0.0,0.00%,0.0,0.0,,
Unity Coaches,Not yet invited,,2021-01-06 10:54:29.914551+00:00,,,UNKNOWN,UNTY,,0,0.0,0.0,0.0,0.0,0.0,0.0,0.0,0.0,0.0,0.0,0.0,0.0,0.0,0,0,0.0,0.00%,0.0,0.0,,
Tourist Coaches,Not yet invited,,2021-01-06 10:58:28.576219+00:00,,,UNKNOWN,,,0,0.0,0.0,0.0,0.0,0.0,0.0,0.0,0.0,0.0,0.0,0.0,0.0,0.0,0,0,0.0,0.00%,0.0,0.0,,
The Little White Bus,Inactive,2021-01-06 13:25:58.123119+00:00,2021-01-06 11:28:04.163469+00:00,,2021-01-06 13:25:58.177153+00:00,UNKNOWN,UWCO,,0,0.0,0.0,0.0,0.0,0.0,0.0,0.0,0.0,0.0,0.0,0.0,0.0,0.0,0,0,0.0,0.00%,0.0,0.0,,
Sweyne Coaches,Active,2021-05-24 10:30:03.628099+00:00,2021-01-06 11:30:06.830785+00:00,2021-03-30 12:36:54.011522+00:00,2024-08-01 13:28:02.849201+00:00,TRUE,SWEY,PB2014949,1,0.0,1.0,0.0,1.0,0.0,0.0,0.00%,0.0,0.0,0.0,0.0,0.0,0.0,1,1,1.0,100.00%,1.0,1.0,0.0,https://publish.bus-data.dft.gov.uk/org/678/dataset/ppc-archive/
Steve Keats of Sheffield,Active,2023-04-05 12:38:07+00:00,2021-01-06 11:32:22.621212+00:00,2022-06-09 09:04:08.721360+00:00,2026-06-03 13:02:09.601027+00:00,TRUE,STEK,PB0004252;PC0002967,2,0.0,3.0,0.0,3.0,3.0,3.0,100.00%,2.0,2.0,0.0,0.0,0.0,0.0,1,1,2.0,100.00%,2.0,2.0,0.0,https://publish.bus-data.dft.gov.uk/org/679/dataset/ppc-archive/
Sheffield Community Transport,Active,2021-03-04 17:57:11.777921+00:00,2021-01-06 11:37:58.797613+00:00,2021-03-04 11:01:28.725802+00:00,2023-12-08 10:55:06.501354+00:00,TRUE,SCTP,PB0003421,1,1.0,0.0,0.0,0.0,0.0,0.0,0.0,0.0,0.0,0.0,0.0,0.0,0.0,1,1,1.0,0.00%,1.0,1.0,,
Rambler Coaches,Active,2021-08-04 10:57:16.974245+00:00,2021-01-06 14:11:52.737006+00:00,,2026-06-03 13:02:09.601027+00:00,TRUE,RAMB,PK0003587,1,0.0,6.0,0.0,6.0,6.0,6.0,100.00%,0.0,0.0,0.0,0.0,0.0,0.0,3,1,2.0,100.00%,2.0,2.0,0.0,https://publish.bus-data.dft.gov.uk/org/683/dataset/ppc-archive/
HART,Not yet invited,,2021-01-06 14:21:07.076886+00:00,,,UNKNOWN,YHAR,,0,0.0,0.0,0.0,0.0,0.0,0.0,0.0,0.0,0.0,0.0,0.0,0.0,0.0,0,0,0.0,0.00%,0.0,0.0,,
Graham Patrick Croxford,Not yet invited,,2021-01-06 14:31:13.840289+00:00,,,UNKNOWN,,,0,0.0,0.0,0.0,0.0,0.0,0.0,0.0,0.0,0.0,0.0,0.0,0.0,0.0,0,0,0.0,0.00%,0.0,0.0,,
Nick Ogilvie,Not yet invited,,2021-01-06 14:58:50.831784+00:00,,,UNKNOWN,,,0,0.0,0.0,0.0,0.0,0.0,0.0,0.0,0.0,0.0,0.0,0.0,0.0,0.0,0,0,0.0,0.00%,0.0,0.0,,
MoorsBus,Not yet invited,,2021-01-06 15:02:19.573298+00:00,,,UNKNOWN,MOOR,,0,0.0,0.0,0.0,0.0,0.0,0.0,0.0,0.0,0.0,0.0,0.0,0.0,0.0,0,0,0.0,0.00%,0.0,0.0,,
JJ Travel,Inactive,2021-01-07 10:22:52.398320+00:00,2021-01-06 15:11:18.477064+00:00,,2021-01-07 10:22:52.448873+00:00,TRUE,123456,PC1108641,1,0.0,0.0,0.0,0.0,0.0,0.0,0.0,0.0,0.0,0.0,0.0,0.0,0.0,0,0,0.0,0.00%,0.0,0.0,,
Richard Peter Farrelly & Jacqueline Rosina Farrelly,Not yet invited,,2021-01-06 15:14:36.682362+00:00,,,UNKNOWN,,,0,0.0,0.0,0.0,0.0,0.0,0.0,0.0,0.0,0.0,0.0,0.0,0.0,0.0,0,0,0.0,0.00%,0.0,0.0,,
Wellglade,Not yet invited,,2021-01-06 15:19:36.510522+00:00,,,UNKNOWN,,,0,0.0,0.0,0.0,0.0,0.0,0.0,0.0,0.0,0.0,0.0,0.0,0.0,0.0,0,0,0.0,0.00%,0.0,0.0,,
Coast 2 Capital,Not yet invited,,2021-01-06 15:21:11.243935+00:00,,,UNKNOWN,,,0,0.0,0.0,0.0,0.0,0.0,0.0,0.0,0.0,0.0,0.0,0.0,0.0,0.0,0,0,0.0,0.00%,0.0,0.0,,
Fairway Coaches,Inactive,2021-05-20 07:57:41.330010+00:00,2021-01-06 15:28:18.764237+00:00,,2021-05-20 07:57:41.418533+00:00,TRUE,FWRH;FWYC,PB0002299,1,0.0,0.0,0.0,0.0,0.0,0.0,0.0,0.0,0.0,0.0,0.0,0.0,0.0,0,0,0.0,0.00%,0.0,0.0,,
Nigel Edward Jackson,Not yet invited,,2021-01-06 17:02:55.995777+00:00,,,UNKNOWN,,,0,0.0,0.0,0.0,0.0,0.0,0.0,0.0,0.0,0.0,0.0,0.0,0.0,0.0,0,0,0.0,0.00%,0.0,0.0,,
Fargo Coaches,Active,2021-02-03 11:06:12.001474+00:00,2021-01-07 09:07:50.691325+00:00,2021-02-01 16:10:24.407569+00:00,2026-05-06 14:07:50.703827+00:00,TRUE,FARG,PH1115575,1,0.0,1.0,0.0,1.0,1.0,1.0,100.00%,1.0,0.0,0.0,0.0,0.0,0.0,1,1,1.0,100.00%,1.0,1.0,0.0,https://publish.bus-data.dft.gov.uk/org/695/dataset/ppc-archive/
Newport Transport Ltd,Active,2021-01-07 09:52:47.941884+00:00,2021-01-07 09:48:48.285397+00:00,2021-01-07 09:48:48.496852+00:00,2026-07-03 08:48:51.146293+00:00,TRUE,NWPT,PG0000397,1,0.0,65.0,0.0,65.0,5.0,5.0,7.69%,4.0,2.0,0.0,2.0,0.0,0.0,1,1,1.0,100.00%,1.0,1.0,98.0,https://publish.bus-data.dft.gov.uk/org/696/dataset/ppc-archive/
Community Transport Glasgow,Not yet invited,,2021-01-07 12:35:42.024378+00:00,,,UNKNOWN,NCTG,,0,0.0,0.0,0.0,0.0,0.0,0.0,0.0,0.0,0.0,0.0,0.0,0.0,0.0,0,0,0.0,0.00%,0.0,0.0,,
Abbey Coaches,Inactive,2021-01-08 11:27:12.132172+00:00,2021-01-08 11:15:26.165828+00:00,,2021-01-08 11:27:12.169789+00:00,TRUE,ABYD,PC1025063,1,0.0,8.0,8.0,0.0,0.0,0.0,0.0,8.0,8.0,0.0,0.0,0.0,0.0,0,0,0.0,0.00%,0.0,0.0,,
Completely Coach Travel,Inactive,2021-01-09 16:19:16.493825+00:00,2021-01-08 11:20:19.834119+00:00,,2021-09-27 22:40:11.173486+00:00,TRUE,CPLT,PF2024545,1,0.0,0.0,0.0,0.0,0.0,0.0,0.0,0.0,0.0,0.0,0.0,0.0,0.0,0,0,0.0,0.00%,0.0,0.0,,
Avacab,Inactive,2021-05-26 13:33:19.482859+00:00,2021-01-08 11:58:30.959982+00:00,2021-05-25 11:57:47.168764+00:00,2021-09-20 10:14:40.241925+00:00,TRUE,AVAC,PC1050348,1,0.0,0.0,0.0,0.0,0.0,0.0,0.0,0.0,0.0,0.0,0.0,0.0,0.0,0,0,0.0,0.00%,0.0,0.0,,
Blackpool Coach Hire,Inactive,2021-01-08 16:08:50.283148+00:00,2021-01-08 14:02:58.121423+00:00,,2021-01-08 16:08:50.379742+00:00,TRUE,BLCK,PC1129326,1,0.0,0.0,0.0,0.0,0.0,0.0,0.0,0.0,0.0,0.0,0.0,0.0,0.0,0,0,0.0,0.00%,0.0,0.0,,
Gem Travel,Active,2020-12-02 11:41:48.804535+00:00,2021-01-08 14:48:08.711799+00:00,,2026-06-09 15:20:24.469246+00:00,TRUE,GATS,PB1069277,1,0.0,1.0,0.0,1.0,1.0,1.0,100.00%,0.0,0.0,0.0,0.0,0.0,0.0,1,1,1.0,0.00%,1.0,1.0,0.0,https://publish.bus-data.dft.gov.uk/org/703/dataset/ppc-archive/
Glen Valley Tours,Active,2021-01-08 16:43:51.309523+00:00,2021-01-08 14:51:07.248299+00:00,,2024-12-09 11:07:44.508940+00:00,TRUE,GVTR,PB1057218,1,0.0,6.0,0.0,6.0,5.0,0.0,0.00%,0.0,0.0,0.0,0.0,3.0,1.0,1,1,1.0,100.00%,1.0,1.0,0.0,https://publish.bus-data.dft.gov.uk/org/704/dataset/ppc-archive/
Caradoc Coaches,Active,2021-01-08 16:35:18.021895+00:00,2021-01-08 14:54:54.503667+00:00,,2022-08-05 15:06:07.002933+00:00,TRUE,CARA,PD1050359,1,0.0,0.0,0.0,0.0,0.0,0.0,0.0,0.0,0.0,0.0,0.0,0.0,0.0,0,0,0.0,0.00%,0.0,0.0,,
Bagnalls,Inactive,2021-01-18 07:01:34.606406+00:00,2021-01-08 15:27:43.210342+00:00,,2021-01-18 07:01:34.721400+00:00,TRUE,BAGN,PC0003522,1,0.0,0.0,0.0,0.0,0.0,0.0,0.0,0.0,0.0,0.0,0.0,0.0,0.0,0,0,0.0,0.00%,0.0,0.0,,
Coventry Minibuses,Active,2021-02-19 17:13:52.820789+00:00,2021-01-08 15:37:53.142164+00:00,2021-02-16 09:24:41+00:00,2023-05-04 10:02:26.143146+00:00,TRUE,COMI,PD1131184,1,0.0,8.0,2.0,6.0,6.0,6.0,100.00%,0.0,0.0,0.0,2.0,0.0,0.0,1,1,1.0,100.00%,1.0,1.0,100.0,https://publish.bus-data.dft.gov.uk/org/709/dataset/ppc-archive/
A1 Coaches,Active,2021-02-02 09:40:02.669302+00:00,2021-01-11 22:36:30.593946+00:00,2021-02-01 16:09:28.909307+00:00,2025-12-01 14:10:38.713577+00:00,TRUE,ALU;AOLC,PC1132563,1,0.0,8.0,1.0,7.0,0.0,0.0,0.00%,8.0,3.0,0.0,0.0,0.0,0.0,0,0,0.0,0.00%,0.0,0.0,,
Reg's Coaches Ltd,Active,2021-02-16 10:33:25.708075+00:00,2021-01-11 22:43:12.589466+00:00,2021-02-16 09:29:44.066300+00:00,2021-02-16 10:33:25.796379+00:00,TRUE,REGC,PF0006132,1,0.0,0.0,0.0,0.0,0.0,0.0,0.0,0.0,0.0,0.0,0.0,0.0,0.0,0,0,0.0,0.00%,0.0,0.0,,
The Original London Sightseeing Tour Ltd,Inactive,2021-02-03 10:55:11.108269+00:00,2021-01-11 22:46:33.614266+00:00,2021-02-01 16:17:57.018930+00:00,2023-03-24 17:52:13.835415+00:00,TRUE,AWAN,PK0001589,1,0.0,0.0,0.0,0.0,0.0,0.0,0.0,0.0,0.0,0.0,0.0,0.0,0.0,0,0,0.0,0.00%,0.0,0.0,,
Fernhill Travel Ltd,Inactive,2021-01-21 12:52:33.169071+00:00,2021-01-21 09:48:03.051916+00:00,2021-01-21 09:48:03.281473+00:00,2021-06-10 10:48:00.973629+00:00,TRUE,FRNH,PH1019114,1,0.0,0.0,0.0,0.0,0.0,0.0,0.0,0.0,0.0,0.0,0.0,0.0,0.0,0,0,0.0,0.00%,0.0,0.0,,
Dons Coaches (Dunmow) Ltd,Active,2021-01-29 16:56:46.915867+00:00,2021-01-29 16:50:54.673922+00:00,2021-01-29 16:50:54.905985+00:00,2021-01-29 16:59:05.656649+00:00,TRUE,DONS,PF0000032,1,0.0,12.0,0.0,12.0,0.0,0.0,0.0,12.0,12.0,0.0,0.0,0.0,0.0,0,0,0.0,0.00%,0.0,0.0,,
Harpur's Coaches Ltd,Active,2020-12-18 15:09:04.149802+00:00,2021-02-12 08:51:46.749870+00:00,2021-02-12 08:51:46.985827+00:00,2026-01-19 14:29:53.530104+00:00,TRUE,HASO,PC1019835,1,0.0,9.0,0.0,9.0,6.0,6.0,66.67%,8.0,1.0,0.0,0.0,0.0,0.0,7,2,1.0,100.00%,1.0,1.0,,
Gemsar Travel Ltd,Active,2021-02-12 13:29:01.106612+00:00,2021-02-12 13:26:26.171200+00:00,2021-02-12 13:26:26.423397+00:00,2026-06-04 04:56:40.473345+00:00,TRUE,GEMS,PC2024441,1,0.0,0.0,0.0,0.0,0.0,0.0,0.0,0.0,0.0,0.0,0.0,0.0,0.0,0,0,1.0,100.00%,1.0,1.0,,
Linden Holdings (Devon) Ltd,Active,2020-11-19 15:27:00+00:00,2021-02-18 09:35:14.770668+00:00,,2026-07-03 06:42:49.422132+00:00,TRUE,LIHO,PH2008096,1,0.0,21.0,0.0,21.0,21.0,21.0,100.00%,1.0,1.0,0.0,0.0,0.0,0.0,1,1,2.0,0.00%,2.0,2.0,18.0,https://publish.bus-data.dft.gov.uk/org/726/dataset/ppc-archive/
Airparks Services,Pending invite,,2021-02-22 13:38:40.748334+00:00,2021-08-18 13:49:34.245455+00:00,,UNKNOWN,APSS,,0,0.0,0.0,0.0,0.0,0.0,0.0,0.0,0.0,0.0,0.0,0.0,0.0,0.0,0,0,0.0,0.00%,0.0,0.0,,
Wyre Coaches,Active,2021-02-26 12:53:42.355807+00:00,2021-02-22 13:39:59.421406+00:00,2021-02-25 08:27:52.423322+00:00,2021-02-26 12:53:42.433012+00:00,TRUE,WCOA,PC0003487,1,0.0,2.0,2.0,0.0,0.0,0.0,0.0,2.0,0.0,0.0,0.0,0.0,0.0,0,0,0.0,0.00%,0.0,0.0,,
Archway Travel,Active,2020-06-10 10:46:10+00:00,2021-02-22 13:41:49.006294+00:00,2023-08-16 08:14:17.879832+00:00,2026-07-07 09:19:28.537968+00:00,TRUE,ARCT,PC1117070,1,0.0,27.0,22.0,5.0,5.0,5.0,100.00%,23.0,21.0,0.0,0.0,0.0,0.0,2,1,1.0,100.00%,1.0,1.0,73.0,https://publish.bus-data.dft.gov.uk/org/729/dataset/ppc-archive/
B N G Coaches,Inactive,2021-03-04 09:08:36.585556+00:00,2021-02-22 14:00:30.644481+00:00,2021-03-04 07:15:34.555753+00:00,2021-03-04 09:08:36.678152+00:00,TRUE,6789,PC1106484,1,0.0,0.0,0.0,0.0,0.0,0.0,0.0,0.0,0.0,0.0,0.0,0.0,0.0,0,0,0.0,0.00%,0.0,0.0,,
Bharat Travel,Pending invite,,2021-02-23 09:20:00.153423+00:00,2021-08-18 13:49:35.233324+00:00,,UNKNOWN,BHAT,,0,0.0,0.0,0.0,0.0,0.0,0.0,0.0,0.0,0.0,0.0,0.0,0.0,0.0,0,0,0.0,0.00%,0.0,0.0,,
C & S Coaches,Inactive,2021-02-23 09:36:35.889846+00:00,2021-02-23 09:21:15.189607+00:00,2021-02-23 09:21:15.404782+00:00,2021-02-23 09:36:35.944075+00:00,TRUE,CSMO,PC1073268,1,0.0,1.0,0.0,1.0,0.0,0.0,0.00%,1.0,1.0,0.0,0.0,0.0,0.0,0,0,0.0,0.00%,0.0,0.0,,
Cavern City Tours,Active,2020-11-10 12:31:26+00:00,2021-02-23 09:22:41.073531+00:00,2021-05-25 11:58:21+00:00,2026-07-02 12:47:26.360265+00:00,TRUE,CAVE,PC1110552,1,0.0,1.0,0.0,1.0,1.0,1.0,100.00%,0.0,0.0,0.0,0.0,0.0,0.0,1,1,1.0,0.00%,1.0,1.0,,
A1 Travel,Inactive,2021-02-23 11:21:59.544848+00:00,2021-02-23 09:27:10.570105+00:00,2021-02-23 09:27:10.768242+00:00,2021-02-23 11:21:59.596013+00:00,TRUE,A1AT,PD2016442,1,0.0,0.0,0.0,0.0,0.0,0.0,0.0,0.0,0.0,0.0,0.0,0.0,0.0,0,0,0.0,0.00%,0.0,0.0,,
CJJ Coaches,Inactive,2021-03-01 15:36:40.461628+00:00,2021-02-23 09:28:26.510426+00:00,2021-03-01 15:26:04.858111+00:00,2021-03-01 15:36:40.511017+00:00,TRUE,5678,PH2029546,1,0.0,0.0,0.0,0.0,0.0,0.0,0.0,0.0,0.0,0.0,0.0,0.0,0.0,0,0,0.0,0.00%,0.0,0.0,,
Coach Hire Executive Travel Ltd,Active,2021-07-16 13:43:33.052493+00:00,2021-02-23 09:29:48.608267+00:00,2021-07-16 12:51:51.140500+00:00,2021-09-09 09:26:32.464005+00:00,TRUE,BVTE,PC1033789,1,0.0,13.0,12.0,1.0,0.0,0.0,0.00%,3.0,2.0,0.0,0.0,0.0,0.0,0,0,0.0,0.00%,0.0,0.0,,
Coastal Liner,Active,2021-02-23 19:31:41.474580+00:00,2021-02-23 09:30:50.962578+00:00,2021-02-23 09:30:51.165725+00:00,2024-12-05 16:15:55.996850+00:00,TRUE,COLI,PD0001888,1,0.0,2.0,2.0,0.0,0.0,0.0,0.0,2.0,0.0,0.0,0.0,0.0,0.0,0,0,0.0,0.00%,0.0,0.0,,
Coopers,Pending invite,,2021-02-23 09:33:00.447294+00:00,2021-08-18 13:49:57.597063+00:00,,UNKNOWN,COOP,,0,0.0,0.0,0.0,0.0,0.0,0.0,0.0,0.0,0.0,0.0,0.0,0.0,0.0,0,0,0.0,0.00%,0.0,0.0,,
Davian Coaches,Pending invite,,2021-02-23 09:34:02.675272+00:00,2021-08-18 13:49:58.377977+00:00,,UNKNOWN,,,0,0.0,0.0,0.0,0.0,0.0,0.0,0.0,0.0,0.0,0.0,0.0,0.0,0.0,0,0,0.0,0.00%,0.0,0.0,,
Goodfellow Travel,Not yet invited,,2021-02-23 09:37:01.687573+00:00,,,UNKNOWN,,,0,0.0,0.0,0.0,0.0,0.0,0.0,0.0,0.0,0.0,0.0,0.0,0.0,0.0,0,0,0.0,0.00%,0.0,0.0,,
Standways Coaches,Pending invite,,2021-02-23 09:38:16.247527+00:00,2023-06-14 10:13:37.012361+00:00,,TRUE,STNY,PD1056673,1,0.0,2.0,2.0,0.0,0.0,0.0,0.0,2.0,1.0,0.0,0.0,0.0,0.0,0,0,0.0,0.00%,0.0,0.0,,
De-Luxe Coach Services,Pending invite,,2021-02-23 09:40:37.370356+00:00,2021-08-18 13:50:10.020818+00:00,,UNKNOWN,,,0,0.0,0.0,0.0,0.0,0.0,0.0,0.0,0.0,0.0,0.0,0.0,0.0,0.0,0,0,0.0,0.00%,0.0,0.0,,
Denwell Mini Coaches,Inactive,2021-05-19 14:29:34.260122+00:00,2021-02-23 09:40:56.032477+00:00,2021-05-19 13:06:16.352548+00:00,2021-05-19 14:29:34.340211+00:00,TRUE,DMCL,PH0007020;PH1122915,2,0.0,0.0,0.0,0.0,0.0,0.0,0.0,0.0,0.0,0.0,0.0,0.0,0.0,0,0,0.0,0.00%,0.0,0.0,,
Derbyshire Community Transport,Active,2020-12-14 09:30:28+00:00,2021-02-23 09:42:17.294759+00:00,2021-02-23 09:42:17.514626+00:00,2026-07-08 17:10:06.784812+00:00,TRUE,CT4T,PC2041523,1,0.0,0.0,0.0,0.0,0.0,0.0,0.0,0.0,0.0,0.0,0.0,0.0,0.0,0,0,0.0,0.00%,0.0,0.0,,
Dreamline Travel,Pending invite,,2021-02-23 09:43:42.330097+00:00,2021-08-18 13:50:13.197915+00:00,,UNKNOWN,DLTL,,0,0.0,0.0,0.0,0.0,0.0,0.0,0.0,0.0,0.0,0.0,0.0,0.0,0.0,0,0,0.0,0.00%,0.0,0.0,,
Duck Tours,Active,2020-12-14 09:30:28+00:00,2021-02-23 09:45:00.321475+00:00,2021-02-23 09:45:00.520685+00:00,2026-07-08 17:10:06.784812+00:00,TRUE,DUCK,PC2063115;PH1120297,2,0.0,3.0,0.0,3.0,2.0,2.0,66.67%,0.0,0.0,0.0,0.0,0.0,0.0,1,1,1.0,100.00%,1.0,1.0,0.0,https://publish.bus-data.dft.gov.uk/org/746/dataset/ppc-archive/
Dukes Travel,Pending invite,,2021-02-23 09:46:31.317492+00:00,2021-08-18 13:50:12.806074+00:00,,UNKNOWN,DTCL,,0,0.0,0.0,0.0,0.0,0.0,0.0,0.0,0.0,0.0,0.0,0.0,0.0,0.0,0,0,0.0,0.00%,0.0,0.0,,
Foreign Support,Pending invite,,2021-02-23 09:47:46.618453+00:00,2021-08-18 13:50:11.240194+00:00,,UNKNOWN,FSNW,,0,0.0,0.0,0.0,0.0,0.0,0.0,0.0,0.0,0.0,0.0,0.0,0.0,0.0,0,0,0.0,0.00%,0.0,0.0,,
Freeway Coaches,Pending invite,,2021-02-23 09:48:53.925285+00:00,2023-06-14 10:14:04.479230+00:00,,TRUE,FRWC,PC0005256,1,0.0,0.0,0.0,0.0,0.0,0.0,0.0,0.0,0.0,0.0,0.0,0.0,0.0,0,0,0.0,0.00%,0.0,0.0,,
G B Coaches,Pending invite,,2021-02-23 09:52:11.959092+00:00,2021-08-18 13:50:11.438588+00:00,,UNKNOWN,GBCO,,0,0.0,0.0,0.0,0.0,0.0,0.0,0.0,0.0,0.0,0.0,0.0,0.0,0.0,0,0,0.0,0.00%,0.0,0.0,,
Garnetts Coaches,Inactive,2021-02-23 11:01:19.462381+00:00,2021-02-23 09:53:02.866778+00:00,2021-02-23 09:53:03.066237+00:00,2021-02-23 11:01:19.506762+00:00,TRUE,GNTT,PB0004226,1,0.0,0.0,0.0,0.0,0.0,0.0,0.0,0.0,0.0,0.0,0.0,0.0,0.0,0,0,0.0,0.00%,0.0,0.0,,
Enterprise Coaches,Pending invite,,2021-02-23 09:57:47.808850+00:00,2021-08-18 13:50:13.995389+00:00,,UNKNOWN,ENPS,,0,0.0,0.0,0.0,0.0,0.0,0.0,0.0,0.0,0.0,0.0,0.0,0.0,0.0,0,0,0.0,0.00%,0.0,0.0,,
Glovers Coaches,Pending invite,,2021-02-23 10:03:27.115834+00:00,2023-06-14 10:14:42.613773+00:00,,TRUE,GLOV,PC0003376,1,0.0,8.0,7.0,1.0,0.0,0.0,0.00%,0.0,0.0,0.0,0.0,0.0,0.0,0,0,0.0,0.00%,0.0,0.0,,
Essential Fleet Services,Inactive,2021-03-05 09:08:07.874331+00:00,2021-02-23 10:05:47.768569+00:00,2021-02-23 10:05:47.959790+00:00,2021-03-05 09:08:07.983567+00:00,TRUE,TLNC,PF0001899,1,0.0,0.0,0.0,0.0,0.0,0.0,0.0,0.0,0.0,0.0,0.0,0.0,0.0,0,0,0.0,0.00%,0.0,0.0,,
Graham David Bethell,Pending invite,,2021-02-23 10:10:19.578667+00:00,2021-08-18 13:50:31.317865+00:00,,UNKNOWN,,,0,0.0,0.0,0.0,0.0,0.0,0.0,0.0,0.0,0.0,0.0,0.0,0.0,0.0,0,0,0.0,0.00%,0.0,0.0,,
Smiths Coaches,Pending invite,,2021-02-23 10:11:55.703825+00:00,2023-08-14 10:09:39.800119+00:00,,TRUE,SMCH,PH2011520,1,0.0,0.0,0.0,0.0,0.0,0.0,0.0,0.0,0.0,0.0,0.0,0.0,0.0,0,0,0.0,0.00%,0.0,0.0,,
The Eden,Pending invite,,2021-02-23 10:12:29.407232+00:00,2021-08-18 13:51:14.697156+00:00,,UNKNOWN,GMSL,,0,0.0,0.0,0.0,0.0,0.0,0.0,0.0,0.0,0.0,0.0,0.0,0.0,0.0,0,0,0.0,0.00%,0.0,0.0,,
Yesteryear Coaches,Inactive,2021-03-18 13:01:46.067399+00:00,2021-02-23 10:14:33.585540+00:00,2021-03-16 11:41:54.056426+00:00,2021-03-18 13:01:46.138026+00:00,UNKNOWN,YSTY,,0,0.0,0.0,0.0,0.0,0.0,0.0,0.0,0.0,0.0,0.0,0.0,0.0,0.0,0,0,0.0,0.00%,0.0,0.0,,
Hampton Coaches,Active,2021-05-26 11:04:13.734207+00:00,2021-02-23 10:16:56.414995+00:00,2021-05-26 10:52:52.331905+00:00,2021-05-26 11:04:13.785080+00:00,TRUE,HMPT,PC2023738,1,0.0,0.0,0.0,0.0,0.0,0.0,0.0,0.0,0.0,0.0,0.0,0.0,0.0,0,0,0.0,0.00%,0.0,0.0,,
Harris Travel,Pending invite,,2021-02-23 10:18:07.435570+00:00,2022-02-08 12:06:19.913686+00:00,,UNKNOWN,HART,,0,0.0,0.0,0.0,0.0,0.0,0.0,0.0,0.0,0.0,0.0,0.0,0.0,0.0,0,0,0.0,0.00%,0.0,0.0,,
Hawkes Coaches,Active,2020-12-18 15:09:04.149802+00:00,2021-02-23 10:22:51.151025+00:00,2021-02-23 10:22:51.356981+00:00,2026-01-19 14:29:53.530104+00:00,TRUE,HWKS,PC1117162,1,0.0,5.0,3.0,2.0,2.0,2.0,100.00%,4.0,3.0,0.0,0.0,0.0,0.0,6,1,5.0,60.00%,5.0,5.0,,
Hedge the Distance,Active,2021-02-23 11:29:35.403200+00:00,2021-02-23 10:34:42.868953+00:00,2021-02-23 10:34:43.082727+00:00,2025-11-02 20:35:46.986847+00:00,TRUE,HEDG,PF2021331,1,0.0,1.0,0.0,1.0,1.0,1.0,100.00%,1.0,0.0,0.0,0.0,0.0,0.0,1,1,1.0,100.00%,1.0,1.0,0.0,https://publish.bus-data.dft.gov.uk/org/763/dataset/ppc-archive/
Iain McGregor,Active,2020-11-10 12:31:26+00:00,2021-02-23 10:35:44.782348+00:00,2021-05-21 15:28:50.021725+00:00,2026-07-02 12:47:26.360265+00:00,TRUE,IMAC,PC2026919,1,0.0,1.0,0.0,1.0,1.0,1.0,100.00%,0.0,0.0,0.0,0.0,0.0,0.0,1,0,1.0,100.00%,1.0,1.0,,
Imperial Coaches,Active,2025-04-16 14:13:14.456033+00:00,2021-02-23 10:50:25.454027+00:00,2023-08-15 07:47:51.277973+00:00,2026-07-10 06:57:24.396812+00:00,TRUE,IPCO,PH1117946,1,0.0,10.0,0.0,10.0,10.0,10.0,100.00%,10.0,0.0,0.0,0.0,9.0,0.0,10,1,1.0,100.00%,1.0,1.0,100.0,https://publish.bus-data.dft.gov.uk/org/765/dataset/ppc-archive/
Irvings Coach Hire Ltd,Pending invite,,2021-02-23 10:53:10.959705+00:00,2021-08-18 13:50:31.136299+00:00,,UNKNOWN,IRVI,,0,0.0,0.0,0.0,0.0,0.0,0.0,0.0,0.0,0.0,0.0,0.0,0.0,0.0,0,0,0.0,0.00%,0.0,0.0,,
Maxfields Travel,Inactive,2021-02-23 12:00:11.253728+00:00,2021-02-23 11:24:26.887033+00:00,2021-02-23 11:24:27.085051+00:00,2021-02-23 12:00:11.295334+00:00,TRUE,4567,PB0001507,1,0.0,0.0,0.0,0.0,0.0,0.0,0.0,0.0,0.0,0.0,0.0,0.0,0.0,0,0,0.0,0.00%,0.0,0.0,,
J B Tours,Pending invite,,2021-02-23 11:34:26.241870+00:00,2021-08-18 13:50:29.844284+00:00,,UNKNOWN,,,0,0.0,0.0,0.0,0.0,0.0,0.0,0.0,0.0,0.0,0.0,0.0,0.0,0.0,0,0,0.0,0.00%,0.0,0.0,,
Adams Travel,Pending invite,,2021-02-23 11:39:59.429837+00:00,2023-06-14 11:48:19.253577+00:00,,TRUE,ADAM,PC0005254,1,0.0,0.0,0.0,0.0,0.0,0.0,0.0,0.0,0.0,0.0,0.0,0.0,0.0,0,0,0.0,0.00%,0.0,0.0,,
Calne Travel,Inactive,2021-05-25 06:30:41.688883+00:00,2021-02-23 11:46:43.092345+00:00,2021-05-21 15:28:22.794653+00:00,2021-12-10 09:21:32.060472+00:00,TRUE,NKKW,PH1002115,1,0.0,0.0,0.0,0.0,0.0,0.0,0.0,0.0,0.0,0.0,0.0,0.0,0.0,0,0,0.0,0.00%,0.0,0.0,,
Vantage Coaches,Inactive,2021-03-31 06:40:43.675664+00:00,2021-02-23 11:48:22.502209+00:00,2021-03-30 12:37:10.338826+00:00,2021-03-31 06:40:43.727137+00:00,TRUE,LABL,PC2014257,1,0.0,1.0,1.0,0.0,0.0,0.0,0.0,1.0,1.0,0.0,0.0,0.0,0.0,0,0,0.0,0.00%,0.0,0.0,,
Mitcham Belle,Pending invite,,2021-02-23 11:49:33.305173+00:00,2023-06-14 11:49:06.097431+00:00,,TRUE,LEGG,PK1000216,1,0.0,0.0,0.0,0.0,0.0,0.0,0.0,0.0,0.0,0.0,0.0,0.0,0.0,0,0,0.0,0.00%,0.0,0.0,,
Linburg,Pending invite,,2021-02-23 11:50:56.691597+00:00,2023-06-14 11:49:36.670098+00:00,,TRUE,LNBC,PB1015893,1,0.0,0.0,0.0,0.0,0.0,0.0,0.0,0.0,0.0,0.0,0.0,0.0,0.0,0,0,0.0,0.00%,0.0,0.0,,
Link Line Travel,Pending invite,,2021-02-23 11:51:14.562479+00:00,2023-06-14 11:50:06.022235+00:00,,TRUE,LILT,PC1038679,1,0.0,4.0,4.0,0.0,0.0,0.0,0.0,4.0,4.0,0.0,0.0,0.0,0.0,0,0,0.0,0.00%,0.0,0.0,,
Liverpool City Sights,Active,2020-11-10 12:31:26+00:00,2021-02-23 11:52:22.079658+00:00,2021-03-30 12:35:47.663013+00:00,2026-07-02 12:47:26.360265+00:00,TRUE,LCIS,PC1139802,1,0.0,2.0,0.0,2.0,1.0,1.0,50.00%,0.0,0.0,0.0,0.0,0.0,0.0,1,1,1.0,100.00%,1.0,1.0,,
London Bus Preservation Trust,Active,2021-02-23 13:24:00.921793+00:00,2021-02-23 11:53:34.516261+00:00,2021-02-23 11:53:34.728422+00:00,2024-10-02 13:28:56.641623+00:00,TRUE,LBPT,PK1056364,1,0.0,0.0,0.0,0.0,0.0,0.0,0.0,0.0,0.0,0.0,0.0,0.0,0.0,0,0,0.0,0.00%,0.0,0.0,,
Mario Coaches,Pending invite,,2021-02-23 11:54:21.421288+00:00,2024-02-19 12:11:15.069025+00:00,,TRUE,MARI,PC1134699,1,0.0,20.0,6.0,14.0,0.0,0.0,0.00%,20.0,18.0,0.0,0.0,0.0,0.0,0,0,0.0,0.00%,0.0,0.0,,
Marsland Travel,Pending invite,,2021-02-23 11:57:02.421710+00:00,2023-06-14 11:51:09.986360+00:00,,TRUE,MTLY,PB1119937,1,0.0,0.0,0.0,0.0,0.0,0.0,0.0,0.0,0.0,0.0,0.0,0.0,0.0,0,0,0.0,0.00%,0.0,0.0,,
McEwen Travel,Inactive,2021-02-23 13:05:56.099390+00:00,2021-02-23 12:00:40.220089+00:00,2021-02-23 12:00:40.422622+00:00,2021-02-23 13:05:56.156065+00:00,TRUE,MCET,PB1124942,1,0.0,0.0,0.0,0.0,0.0,0.0,0.0,0.0,0.0,0.0,0.0,0.0,0.0,0,0,0.0,0.00%,0.0,0.0,,
Merseybus,Inactive,2021-03-08 11:18:40.554335+00:00,2021-02-23 12:01:22.608483+00:00,2021-03-08 09:46:09.500172+00:00,2021-03-08 11:18:40.641866+00:00,TRUE,MBUS,PC1099946,1,0.0,0.0,0.0,0.0,0.0,0.0,0.0,0.0,0.0,0.0,0.0,0.0,0.0,0,0,0.0,0.00%,0.0,0.0,,
Metcalfe Coaches Ltd,Pending invite,,2021-02-23 12:06:06.189284+00:00,2023-06-14 11:51:45.328733+00:00,,TRUE,MCLD,PC0004245,1,0.0,0.0,0.0,0.0,0.0,0.0,0.0,0.0,0.0,0.0,0.0,0.0,0.0,0,0,0.0,0.00%,0.0,0.0,,
Midland Bus & Coach Ltd,Inactive,2021-02-24 20:21:48.182719+00:00,2021-02-23 12:07:10.277813+00:00,2021-02-23 12:07:10.501931+00:00,2021-02-24 20:21:48.265223+00:00,UNKNOWN,,,0,0.0,0.0,0.0,0.0,0.0,0.0,0.0,0.0,0.0,0.0,0.0,0.0,0.0,0,0,0.0,0.00%,0.0,0.0,,
Millers Citax Ltd,Pending invite,,2021-02-23 12:08:00.874586+00:00,2021-08-18 13:50:46.159665+00:00,,UNKNOWN,ASTM,,0,0.0,0.0,0.0,0.0,0.0,0.0,0.0,0.0,0.0,0.0,0.0,0.0,0.0,0,0,0.0,0.00%,0.0,0.0,,
North Lincolnshire Council (LTA),Active,2020-11-18 15:39:27+00:00,2021-02-23 12:08:29.809158+00:00,2021-08-18 13:51:02.258317+00:00,2026-07-10 13:10:00.049877+00:00,UNKNOWN,NLCL,,0,0.0,0.0,0.0,0.0,0.0,0.0,0.0,0.0,0.0,0.0,0.0,0.0,0.0,0,0,0.0,0.00%,0.0,0.0,,
Paul Durber,Inactive,2021-05-27 16:51:12.478348+00:00,2021-02-23 12:11:52.971766+00:00,2021-05-25 12:06:30.654782+00:00,2022-01-12 15:20:59.365497+00:00,TRUE,PACO,PD0001274;PD1142232,2,0.0,0.0,0.0,0.0,0.0,0.0,0.0,0.0,0.0,0.0,0.0,0.0,0.0,0,0,0.0,0.00%,0.0,0.0,,
Peter Hodgson,Active,2020-12-14 09:30:28+00:00,2021-02-23 12:14:38.509298+00:00,2021-02-23 12:14:38.715821+00:00,2026-07-09 06:16:37.342106+00:00,TRUE,HDGT,PB1121731,1,0.0,2.0,0.0,2.0,2.0,2.0,100.00%,2.0,2.0,0.0,0.0,2.0,0.0,1,1,1.0,100.00%,1.0,1.0,100.0,https://publish.bus-data.dft.gov.uk/org/788/dataset/ppc-archive/
Catteralls,Active,2020-12-14 09:30:28+00:00,2021-02-23 12:16:06.562584+00:00,2022-08-10 15:23:44.078930+00:00,2026-07-08 17:10:06.784812+00:00,TRUE,CTLL,PD0000790,1,0.0,7.0,0.0,7.0,7.0,7.0,100.00%,4.0,0.0,0.0,0.0,7.0,0.0,1,1,1.0,100.00%,1.0,1.0,100.0,https://publish.bus-data.dft.gov.uk/org/789/dataset/ppc-archive/
Preston Community Transport Limited,Pending invite,,2021-02-23 12:19:17.941324+00:00,2021-08-18 13:51:02.058398+00:00,,UNKNOWN,,,0,0.0,0.0,0.0,0.0,0.0,0.0,0.0,0.0,0.0,0.0,0.0,0.0,0.0,0,0,0.0,0.00%,0.0,0.0,,
Wright Coaches,Inactive,2021-02-24 12:29:17.039147+00:00,2021-02-23 12:21:01.862542+00:00,2021-02-23 12:21:02.079517+00:00,2021-02-24 12:29:17.119392+00:00,TRUE,PTSG,PF2005316,1,0.0,0.0,0.0,0.0,0.0,0.0,0.0,0.0,0.0,0.0,0.0,0.0,0.0,0,0,0.0,0.00%,0.0,0.0,,
QV Education Limited,Inactive,2021-05-19 14:57:13.225391+00:00,2021-02-23 12:22:46.498140+00:00,2021-03-30 12:36:34.885753+00:00,2021-12-20 09:12:45.718562+00:00,TRUE,QVED,PH1136975,1,0.0,0.0,0.0,0.0,0.0,0.0,0.0,0.0,0.0,0.0,0.0,0.0,0.0,0,0,0.0,0.00%,0.0,0.0,,
R S Tyrer Limited,Pending invite,,2021-02-23 12:24:08.834168+00:00,2021-08-18 13:51:02.847418+00:00,,UNKNOWN,,,0,0.0,0.0,0.0,0.0,0.0,0.0,0.0,0.0,0.0,0.0,0.0,0.0,0.0,0,0,0.0,0.00%,0.0,0.0,,
Alpha Coaches,Inactive,2021-02-24 10:20:29.514248+00:00,2021-02-23 12:37:09.257206+00:00,2021-02-23 12:37:09.467605+00:00,2023-12-18 16:11:31.219602+00:00,TRUE,ALPA,PH1015203,1,0.0,1.0,0.0,1.0,0.0,0.0,0.0,0.0,0.0,0.0,0.0,0.0,0.0,0,0,0.0,0.00%,0.0,0.0,,
Regional Transport Ltd,Active,2021-02-23 13:00:24.974616+00:00,2021-02-23 12:43:36.569529+00:00,2021-02-23 12:43:36.789781+00:00,2026-07-09 06:16:37.342106+00:00,TRUE,RGTL,PD1133496,1,0.0,1.0,0.0,1.0,0.0,0.0,0.00%,0.0,0.0,0.0,0.0,0.0,0.0,1,1,1.0,100.00%,1.0,1.0,0.0,https://publish.bus-data.dft.gov.uk/org/795/dataset/ppc-archive/
Ridleys Coaches Ltd,Pending invite,,2021-02-23 12:44:24.627069+00:00,2021-08-18 13:51:00.897243+00:00,,UNKNOWN,,,0,0.0,0.0,0.0,0.0,0.0,0.0,0.0,0.0,0.0,0.0,0.0,0.0,0.0,0,0,0.0,0.00%,0.0,0.0,,
Rigbys Coaches,Pending invite,,2021-02-23 12:45:16.490681+00:00,2023-06-14 11:52:14.048464+00:00,,TRUE,RIGB,PC0004176,1,0.0,3.0,3.0,0.0,0.0,0.0,0.0,3.0,3.0,0.0,0.0,0.0,0.0,0,0,0.0,0.00%,0.0,0.0,,
Mikro coaches,Active,2021-03-30 12:48:15.238128+00:00,2021-02-23 12:45:59.134585+00:00,2021-03-30 12:36:08.576722+00:00,2026-04-29 07:27:32.872122+00:00,TRUE,MIKO,PC0003567;PC2040029,2,0.0,11.0,0.0,11.0,1.0,1.0,9.09%,10.0,0.0,0.0,0.0,0.0,0.0,1,1,1.0,100.00%,1.0,1.0,0.0,https://publish.bus-data.dft.gov.uk/org/798/dataset/ppc-archive/
Rooster Bus Ltd,Active,2020-11-19 15:27:00+00:00,2021-02-23 12:46:31.526740+00:00,2021-03-01 11:36:25.345370+00:00,2026-07-03 06:42:49.422132+00:00,TRUE,ROOS,PH2018079,1,0.0,2.0,0.0,2.0,2.0,2.0,100.00%,2.0,0.0,0.0,0.0,0.0,0.0,1,1,1.0,0.00%,1.0,1.0,0.0,https://publish.bus-data.dft.gov.uk/org/799/dataset/ppc-archive/
Ladyline Coaches,Inactive,2021-06-29 14:09:05.465757+00:00,2021-02-23 13:07:00.040957+00:00,2021-06-29 13:50:50.429642+00:00,2021-06-29 14:09:05.507991+00:00,TRUE,LADY,PC1116455,1,0.0,3.0,3.0,0.0,0.0,0.0,0.0,3.0,0.0,0.0,0.0,0.0,0.0,0,0,0.0,0.00%,0.0,0.0,,
Shires Passenger Transport,Active,2021-10-11 11:36:40+00:00,2021-02-23 13:07:53.586538+00:00,2023-06-14 11:52:41.507908+00:00,2026-07-09 06:16:37.342106+00:00,TRUE,SHPT,PF1060927,1,3.0,2.0,2.0,0.0,0.0,0.0,0.0,2.0,0.0,0.0,0.0,0.0,0.0,1,1,1.0,100.00%,1.0,1.0,,
Skills Motor Coaches Ltd,Active,2021-10-11 11:36:40+00:00,2021-02-23 13:08:45.448411+00:00,2025-03-14 11:12:30.602409+00:00,2026-07-09 06:16:37.342106+00:00,TRUE,SKIL,PB0002633,1,0.0,1.0,0.0,1.0,1.0,1.0,100.00%,0.0,0.0,0.0,0.0,0.0,0.0,1,1,1.0,100.00%,1.0,1.0,,
Solus Coaches,Active,2021-02-23 13:13:00.499285+00:00,2021-02-23 13:11:57.517504+00:00,2021-02-23 13:11:57.720971+00:00,2026-07-09 06:16:37.342106+00:00,TRUE,SOLU,PD1007019,1,0.0,0.0,0.0,0.0,0.0,0.0,0.0,0.0,0.0,0.0,0.0,0.0,0.0,1,0,1.0,100.00%,1.0,1.0,,
Southgate & Finchley Coaches Ltd,Active,2021-02-23 19:48:21.449551+00:00,2021-02-23 13:13:01.326148+00:00,2021-02-23 13:13:01.545094+00:00,2021-02-23 19:48:21.508836+00:00,TRUE,SOFI,PK0001957,1,0.0,0.0,0.0,0.0,0.0,0.0,0.0,0.0,0.0,0.0,0.0,0.0,0.0,0,0,0.0,0.00%,0.0,0.0,,
Star Coaches of Batley ltd,Inactive,2021-02-23 13:45:06.301463+00:00,2021-02-23 13:14:08.522971+00:00,2021-02-23 13:14:08.729073+00:00,2021-02-23 13:45:06.359220+00:00,TRUE,PB1026789,PB1026789,1,0.0,0.0,0.0,0.0,0.0,0.0,0.0,0.0,0.0,0.0,0.0,0.0,0.0,0,0,0.0,0.00%,0.0,0.0,,
Horse Drawn Minibus,Pending invite,,2021-02-23 13:18:41.211593+00:00,2021-08-18 13:50:27.281390+00:00,,UNKNOWN,HDMB,,0,0.0,0.0,0.0,0.0,0.0,0.0,0.0,0.0,0.0,0.0,0.0,0.0,0.0,0,0,0.0,0.00%,0.0,0.0,,
Linkrider Coaches,Pending invite,,2021-02-23 13:18:57.339408+00:00,2021-08-18 13:50:46.733389+00:00,,UNKNOWN,LRDR,,0,0.0,0.0,0.0,0.0,0.0,0.0,0.0,0.0,0.0,0.0,0.0,0.0,0.0,0,0,0.0,0.00%,0.0,0.0,,
T J Travel Ltd,Active,2021-05-18 10:33:58.327353+00:00,2021-02-23 13:19:48.704093+00:00,2021-05-18 10:01:09.695981+00:00,2021-06-01 19:36:56.304004+00:00,TRUE,TJTL,PD1075130,1,0.0,3.0,3.0,0.0,0.0,0.0,0.0,0.0,0.0,0.0,3.0,0.0,0.0,0,0,0.0,0.00%,0.0,0.0,,
T N S Travel Ltd,Inactive,2021-02-24 15:45:04.582768+00:00,2021-02-23 13:20:34.728219+00:00,2021-02-23 13:20:34.914470+00:00,2021-02-24 15:45:04.652263+00:00,TRUE,1234,PD2009999,1,0.0,0.0,0.0,0.0,0.0,0.0,0.0,0.0,0.0,0.0,0.0,0.0,0.0,0,0,0.0,0.00%,0.0,0.0,,
Thandi Transport Ltd,Inactive,2021-08-27 13:01:13.098970+00:00,2021-02-23 13:24:18.416830+00:00,2021-08-18 13:51:16.296496+00:00,2021-09-20 10:07:24.818414+00:00,TRUE,THAN,PD1060316,1,0.0,0.0,0.0,0.0,0.0,0.0,0.0,0.0,0.0,0.0,0.0,0.0,0.0,0,0,0.0,0.00%,0.0,0.0,,
The Beats Tours Ltd,Inactive,2021-02-23 13:49:50.167649+00:00,2021-02-23 13:25:15.566507+00:00,2021-02-23 13:25:15.773194+00:00,2021-11-06 11:34:12.040080+00:00,TRUE,BEAT,PC2023808,1,0.0,1.0,1.0,0.0,0.0,0.0,0.0,0.0,0.0,0.0,0.0,0.0,0.0,0,0,0.0,0.00%,0.0,0.0,,
The Kle (Berwick) Group Ltd,Inactive,2021-03-30 13:14:34.361334+00:00,2021-02-23 13:30:09.864034+00:00,2021-03-30 12:36:53.108636+00:00,2021-03-30 13:14:34.416284+00:00,TRUE,KLEG,PB2032297,1,0.0,0.0,0.0,0.0,0.0,0.0,0.0,0.0,0.0,0.0,0.0,0.0,0.0,0,0,0.0,0.00%,0.0,0.0,,
The School Bus Company (Oxford) Limited,Pending invite,,2021-02-23 13:31:29.306431+00:00,2021-08-18 13:51:15.086495+00:00,,UNKNOWN,,,0,0.0,0.0,0.0,0.0,0.0,0.0,0.0,0.0,0.0,0.0,0.0,0.0,0.0,0,0,0.0,0.00%,0.0,0.0,,
Tiger European (Nottingham),Pending invite,,2021-02-23 13:32:17.406306+00:00,2023-06-14 11:53:15.162774+00:00,,TRUE,TGRE,PB0002379,1,0.0,14.0,6.0,8.0,0.0,0.0,0.00%,14.0,10.0,2.0,0.0,0.0,0.0,0,0,0.0,0.00%,0.0,0.0,,
Transport Museum Wythall,Pending invite,,2021-02-23 13:40:47.900816+00:00,2021-08-18 13:51:15.708775+00:00,,UNKNOWN,,,0,0.0,0.0,0.0,0.0,0.0,0.0,0.0,0.0,0.0,0.0,0.0,0.0,0.0,0,0,0.0,0.00%,0.0,0.0,,
Transport Service Solutions Limited,Inactive,2021-02-23 13:52:51.168433+00:00,2021-02-23 13:41:18.974647+00:00,2021-02-23 13:41:19.167896+00:00,2021-07-21 15:19:00.773961+00:00,TRUE,2345,PC1143085,1,0.0,0.0,0.0,0.0,0.0,0.0,0.0,0.0,0.0,0.0,0.0,0.0,0.0,0,0,0.0,0.00%,0.0,0.0,,
Ultimate Coaches Limited,Pending invite,,2021-02-23 13:41:41.548366+00:00,2021-08-18 13:51:16.880728+00:00,,UNKNOWN,ULCO,,0,0.0,0.0,0.0,0.0,0.0,0.0,0.0,0.0,0.0,0.0,0.0,0.0,0.0,0,0,0.0,0.00%,0.0,0.0,,
Whitegate Travel Ltd,Inactive,2021-05-22 14:57:32.380226+00:00,2021-02-23 13:44:10.398893+00:00,2021-05-21 15:29:24.572496+00:00,2021-05-22 14:57:32.445719+00:00,TRUE,WHGT,PC0005167,1,0.0,0.0,0.0,0.0,0.0,0.0,0.0,0.0,0.0,0.0,0.0,0.0,0.0,0,0,0.0,0.00%,0.0,0.0,,
William Tyson,Inactive,2021-02-24 21:12:34.574759+00:00,2021-02-23 13:45:22.459273+00:00,2021-02-23 13:45:22.656724+00:00,2021-03-20 08:57:14.384285+00:00,TRUE,3456,PC0000290,1,0.0,0.0,0.0,0.0,0.0,0.0,0.0,0.0,0.0,0.0,0.0,0.0,0.0,0,0,0.0,0.00%,0.0,0.0,,
YMS Travel Ltd,Pending invite,,2021-02-23 13:46:07.702256+00:00,2021-08-18 13:51:30.028113+00:00,,UNKNOWN,YMST,,0,0.0,0.0,0.0,0.0,0.0,0.0,0.0,0.0,0.0,0.0,0.0,0.0,0.0,0,0,0.0,0.00%,0.0,0.0,,
A & J Coaches,Active,2021-10-06 09:16:06.794471+00:00,2021-03-04 07:43:46.239522+00:00,2021-10-06 09:14:16.115072+00:00,2025-02-25 11:59:46.934655+00:00,TRUE,AJCO,PF0001118,1,0.0,1.0,0.0,1.0,1.0,1.0,100.00%,1.0,0.0,0.0,0.0,0.0,0.0,1,1,1.0,0.00%,1.0,1.0,0.0,https://publish.bus-data.dft.gov.uk/org/823/dataset/ppc-archive/
E Coaches,Inactive,2021-05-21 15:42:37.516492+00:00,2021-03-04 09:45:19.101632+00:00,2021-05-21 15:28:35.415994+00:00,2021-05-26 09:52:45.353184+00:00,TRUE,ECOA,PC1055218,1,0.0,0.0,0.0,0.0,0.0,0.0,0.0,0.0,0.0,0.0,0.0,0.0,0.0,0,0,0.0,0.00%,0.0,0.0,,
PARKERS MINI BUSES (ELLESMERE PORT) LIMITED,Pending invite,,2021-03-04 10:52:13.628512+00:00,2021-08-18 13:51:02.456001+00:00,,UNKNOWN,,,0,0.0,0.0,0.0,0.0,0.0,0.0,0.0,0.0,0.0,0.0,0.0,0.0,0.0,0,0,0.0,0.00%,0.0,0.0,,
A2B Travel Group Ltd,Active,2020-09-09 18:48:24+00:00,2021-03-16 16:59:58.045477+00:00,2025-02-17 16:57:01.164885+00:00,2026-07-08 17:10:06.784812+00:00,TRUE,A2BR,PF2020005,1,0.0,15.0,0.0,15.0,15.0,15.0,100.00%,0.0,0.0,0.0,0.0,5.0,0.0,4,1,4.0,100.00%,4.0,4.0,85.0,https://publish.bus-data.dft.gov.uk/org/826/dataset/ppc-archive/
Peelings Coaches,Inactive,2021-04-01 08:44:19.230838+00:00,2021-03-31 19:06:37.210513+00:00,2021-03-31 19:06:37.437783+00:00,2024-03-15 12:00:40.920266+00:00,TRUE,PLNG,PF0000843,1,0.0,0.0,0.0,0.0,0.0,0.0,0.0,0.0,0.0,0.0,0.0,0.0,0.0,0,0,0.0,0.00%,0.0,0.0,,
Belle Coaches,Active,2020-12-18 15:09:04.149802+00:00,2021-04-08 08:12:34.781270+00:00,2021-04-08 08:12:35.013720+00:00,2026-04-13 10:47:30.074969+00:00,TRUE,BLCO,PF0000089,1,0.0,3.0,0.0,3.0,3.0,3.0,100.00%,3.0,0.0,0.0,0.0,0.0,0.0,3,1,8.0,100.00%,8.0,8.0,,
Marshopper Ltd,Inactive,2021-04-19 09:34:33.399879+00:00,2021-04-19 09:30:28.519096+00:00,2021-04-19 09:30:28.762318+00:00,2025-11-08 16:14:21.830725+00:00,TRUE,MARS,PK1028224,1,0.0,0.0,0.0,0.0,0.0,0.0,0.0,0.0,0.0,0.0,0.0,0.0,0.0,0,0,0.0,0.00%,0.0,0.0,,
A and J Taxis,Active,2020-11-10 12:31:26+00:00,2021-05-06 07:40:50.948265+00:00,2021-05-06 07:40:51.214815+00:00,2026-07-02 12:47:26.360265+00:00,TRUE,AJTX,PC1143947,1,0.0,1.0,0.0,1.0,1.0,1.0,100.00%,0.0,0.0,0.0,0.0,0.0,0.0,1,1,1.0,100.00%,1.0,1.0,,
Chiltern Automotive Limited,Inactive,2021-05-10 12:55:29.721243+00:00,2021-05-10 12:54:29.298996+00:00,2021-05-10 12:54:29.528734+00:00,2021-08-10 12:37:10.861152+00:00,TRUE,CHAU,PF1138040,1,0.0,0.0,0.0,0.0,0.0,0.0,0.0,0.0,0.0,0.0,0.0,0.0,0.0,0,0,0.0,0.00%,0.0,0.0,,
Nexus,Active,2020-01-30 12:20:27+00:00,2021-05-10 13:01:22.322023+00:00,2021-05-10 13:01:22.533090+00:00,2026-01-14 14:52:11.860659+00:00,UNKNOWN,NXBM;NXMT,,0,0.0,0.0,0.0,0.0,0.0,0.0,0.0,0.0,0.0,0.0,0.0,0.0,0.0,0,0,0.0,0.00%,0.0,0.0,,
John Pike Coaches,Inactive,2021-05-19 09:54:58.887247+00:00,2021-05-17 10:01:59.904850+00:00,2021-05-17 10:02:00.132856+00:00,2021-11-12 12:00:03.996761+00:00,TRUE,JPCO,PH1070195,1,0.0,0.0,0.0,0.0,0.0,0.0,0.0,0.0,0.0,0.0,0.0,0.0,0.0,0,0,0.0,0.00%,0.0,0.0,,
Stamps Coaches,Inactive,2021-05-18 10:22:03.348645+00:00,2021-05-17 12:14:37.699482+00:00,2021-05-17 12:14:37.908622+00:00,2022-06-23 09:57:05.835957+00:00,TRUE,STAC,PH0006635,1,0.0,0.0,0.0,0.0,0.0,0.0,0.0,0.0,0.0,0.0,0.0,0.0,0.0,0,0,0.0,0.00%,0.0,0.0,,
John Dix Travel LTD,Active,2021-05-18 06:30:42.623752+00:00,2021-05-17 15:16:25.711574+00:00,2021-05-17 15:16:25.921885+00:00,2026-05-06 14:07:50.703827+00:00,TRUE,JDXT,PH1136708,1,0.0,10.0,0.0,10.0,10.0,10.0,100.00%,10.0,0.0,0.0,0.0,0.0,0.0,1,1,5.0,0.00%,5.0,5.0,0.0,https://publish.bus-data.dft.gov.uk/org/836/dataset/ppc-archive/
Wilfreda Luxury Coaches Ltd,Active,2021-05-18 08:50:31.835386+00:00,2021-05-17 15:26:53.243990+00:00,2021-05-17 15:26:53.461227+00:00,2026-07-09 06:16:37.342106+00:00,TRUE,WBHV,PB0000595,1,0.0,15.0,0.0,15.0,14.0,14.0,93.33%,3.0,3.0,0.0,0.0,0.0,0.0,1,1,1.0,100.00%,1.0,1.0,90.0,https://publish.bus-data.dft.gov.uk/org/837/dataset/ppc-archive/
Gateshead Central Taxis,Active,2020-12-15 12:41:46+00:00,2021-05-17 15:34:41.233212+00:00,2021-05-17 15:34:41.447822+00:00,2026-07-09 06:16:37.342106+00:00,TRUE,GHCT,PB1099280;PB1103138,2,0.0,40.0,0.0,40.0,35.0,4.0,10.00%,0.0,0.0,0.0,0.0,5.0,0.0,3,2,3.0,100.00%,3.0,3.0,79.0,https://publish.bus-data.dft.gov.uk/org/838/dataset/ppc-archive/
Cranberry Coachways Ltd,Inactive,2021-05-20 14:49:31.403647+00:00,2021-05-20 09:38:46.216544+00:00,2021-05-20 09:38:46.479744+00:00,2021-05-25 13:04:58.822259+00:00,TRUE,CRAN,PC1035988,1,0.0,3.0,3.0,0.0,0.0,0.0,0.0,3.0,3.0,0.0,0.0,0.0,0.0,0,0,0.0,0.00%,0.0,0.0,,
Hiltons Travel,Active,2021-05-23 17:39:37.469506+00:00,2021-05-21 11:49:43.286429+00:00,2021-05-21 15:28:42.229611+00:00,2021-05-23 17:39:37.536154+00:00,TRUE,HILT,PC0002922,1,0.0,8.0,0.0,8.0,0.0,0.0,0.0,5.0,2.0,1.0,0.0,0.0,0.0,0,0,0.0,0.00%,0.0,0.0,,
Taylors Coach Travel Ltd,Active,2020-12-18 15:09:04.149802+00:00,2021-05-25 10:31:01.190756+00:00,2021-05-25 10:31:01.415637+00:00,2026-01-19 14:29:53.530104+00:00,TRUE,TCAT,PH0007279,1,0.0,0.0,0.0,0.0,0.0,0.0,0.0,0.0,0.0,0.0,0.0,0.0,0.0,0,1,1.0,100.00%,1.0,1.0,,
Longridge Coaches,Inactive,2021-05-26 15:30:44.136301+00:00,2021-05-25 13:39:48.300522+00:00,2021-05-26 15:30:03.584855+00:00,2021-09-06 10:14:20.381829+00:00,TRUE,LOCO,PC1046497,1,0.0,0.0,0.0,0.0,0.0,0.0,0.0,0.0,0.0,0.0,0.0,0.0,0.0,0,0,0.0,0.00%,0.0,0.0,,
J & G A Worth,Inactive,2021-05-26 10:13:05.129075+00:00,2021-05-26 10:06:51.828549+00:00,2021-05-26 10:06:52.054029+00:00,2021-05-26 10:13:05.168055+00:00,TRUE,JGWT,PD0001418,1,0.0,0.0,0.0,0.0,0.0,0.0,0.0,0.0,0.0,0.0,0.0,0.0,0.0,0,0,0.0,0.00%,0.0,0.0,,
LL Travel,Active,2021-05-26 13:09:59.196681+00:00,2021-05-26 13:07:10.574330+00:00,2021-05-26 13:07:10.787190+00:00,2021-05-26 13:09:59.243257+00:00,TRUE,JLLT,PB0001796,1,0.0,4.0,4.0,0.0,0.0,0.0,0.0,0.0,0.0,0.0,0.0,0.0,0.0,0,0,0.0,0.00%,0.0,0.0,,
Oates Travel,Inactive,2021-06-03 18:06:24.140869+00:00,2021-06-01 14:33:17.311937+00:00,2021-06-01 14:33:17.519251+00:00,2021-06-03 18:06:24.356618+00:00,TRUE,OATE,PH0004748,1,0.0,0.0,0.0,0.0,0.0,0.0,0.0,0.0,0.0,0.0,0.0,0.0,0.0,0,0,0.0,0.00%,0.0,0.0,,
Glenn Coaches,Inactive,2021-06-11 12:10:38.644220+00:00,2021-06-11 10:09:38.623464+00:00,2021-06-11 11:21:22.645134+00:00,2021-06-11 12:27:43.686515+00:00,TRUE,GLNN,PB0000939,1,0.0,0.0,0.0,0.0,0.0,0.0,0.0,0.0,0.0,0.0,0.0,0.0,0.0,0,0,0.0,0.00%,0.0,0.0,,
Haytaxibus,Active,2020-12-18 15:09:04.149802+00:00,2021-06-14 14:57:23.536315+00:00,2021-06-14 14:57:23.775548+00:00,2026-01-19 14:29:53.530104+00:00,UNKNOWN,LOWI,,0,0.0,0.0,0.0,0.0,0.0,0.0,0.0,0.0,0.0,0.0,0.0,0.0,0.0,0,0,0.0,0.00%,0.0,0.0,,
COZY TRAVEL LTD,Inactive,2021-10-18 15:38:14.884812+00:00,2021-07-29 09:42:24.726035+00:00,2021-10-18 12:35:31+00:00,2021-10-18 15:38:14.929476+00:00,TRUE,COZY,PF0001947,1,0.0,0.0,0.0,0.0,0.0,0.0,0.0,0.0,0.0,0.0,0.0,0.0,0.0,0,0,0.0,0.00%,0.0,0.0,,
J & D Travel,Inactive,2021-07-31 05:39:11.585878+00:00,2021-07-29 15:20:56.644997+00:00,,2021-07-31 05:39:11.611509+00:00,TRUE,JDTL,PF0002255,1,0.0,0.0,0.0,0.0,0.0,0.0,0.0,0.0,0.0,0.0,0.0,0.0,0.0,0,0,0.0,0.00%,0.0,0.0,,
CHILTERN AUTOMOTIVE LTD,Not yet invited,,2021-08-03 08:33:12.222950+00:00,,,UNKNOWN,,,0,0.0,0.0,0.0,0.0,0.0,0.0,0.0,0.0,0.0,0.0,0.0,0.0,0.0,0,0,0.0,0.00%,0.0,0.0,,
BIBBY'S OF INGLETON LTD,Inactive,2021-08-05 13:14:00.936352+00:00,2021-08-03 08:36:29.441969+00:00,,2021-09-09 16:50:30.886527+00:00,TRUE,BOIN,PB0002035,1,0.0,1.0,1.0,0.0,0.0,0.0,0.0,1.0,1.0,0.0,0.0,0.0,0.0,0,0,0.0,0.00%,0.0,0.0,,
Isle Valley Transport,Active,2020-11-19 15:27:00+00:00,2021-08-03 08:38:34.232934+00:00,,2026-07-03 06:42:49.422132+00:00,TRUE,IVTR,PH0005950,1,4.0,1.0,0.0,1.0,1.0,1.0,100.00%,0.0,0.0,0.0,0.0,0.0,0.0,1,1,1.0,0.00%,1.0,1.0,,
DISCOVER DORSET LTD,Active,,2021-08-03 08:39:54.655094+00:00,,,UNKNOWN,,,0,0.0,0.0,0.0,0.0,0.0,0.0,0.0,0.0,0.0,0.0,0.0,0.0,0.0,0,0,0.0,0.00%,0.0,0.0,,
DEKKABUS LIMITED,Not yet invited,,2021-08-03 08:40:21.594341+00:00,,,UNKNOWN,DEKK,,0,0.0,0.0,0.0,0.0,0.0,0.0,0.0,0.0,0.0,0.0,0.0,0.0,0.0,0,0,0.0,0.00%,0.0,0.0,,
Care Park UK LTD,Pending invite,,2021-08-03 14:00:31.558748+00:00,2022-06-09 09:03:53.153885+00:00,,UNKNOWN,,,0,0.0,0.0,0.0,0.0,0.0,0.0,0.0,0.0,0.0,0.0,0.0,0.0,0.0,0,0,0.0,0.00%,0.0,0.0,,
Dene Valley Community Transport,Pending invite,,2021-08-03 14:14:36.059435+00:00,2021-09-21 09:00:31.925700+00:00,,UNKNOWN,,,0,0.0,0.0,0.0,0.0,0.0,0.0,0.0,0.0,0.0,0.0,0.0,0.0,0.0,0,0,0.0,0.00%,0.0,0.0,,
City Sightseeing Oxford,Active,2020-02-01 21:22:38+00:00,2021-08-03 15:27:30.403092+00:00,2022-02-08 12:11:21.833441+00:00,2025-11-06 16:26:28.364295+00:00,UNKNOWN,,,0,0.0,0.0,0.0,0.0,0.0,0.0,0.0,0.0,0.0,0.0,0.0,0.0,0.0,0,0,0.0,0.00%,0.0,0.0,,
Martock Minibuses Ltd T/A Vickery’s Coaches,Active,2020-12-18 15:09:04.149802+00:00,2021-09-02 08:38:57.174796+00:00,2021-09-07 15:59:38.261892+00:00,2026-07-10 11:14:28.167459+00:00,TRUE,MART,PH2026471,1,0.0,1.0,0.0,1.0,1.0,1.0,100.00%,1.0,0.0,0.0,0.0,1.0,0.0,1,1,1.0,100.00%,1.0,1.0,,
Testing - TH,Pending invite,,2021-09-10 11:52:36.317767+00:00,2021-09-10 11:52:36.559373+00:00,,UNKNOWN,,,0,0.0,0.0,0.0,0.0,0.0,0.0,0.0,0.0,0.0,0.0,0.0,0.0,0.0,0,0,0.0,0.00%,0.0,0.0,,
Go G VIP Coaches Limited,Inactive,2021-09-21 15:42:01.113511+00:00,2021-09-21 15:22:47.650741+00:00,2021-09-21 15:22:47.851062+00:00,2021-09-21 15:42:01.153259+00:00,TRUE,GVIP,PC1026711,1,0.0,0.0,0.0,0.0,0.0,0.0,0.0,0.0,0.0,0.0,0.0,0.0,0.0,0,0,0.0,0.00%,0.0,0.0,,
A2B Newquay Travel Ltd,Inactive,2021-10-08 10:52:09.115951+00:00,2021-10-07 11:16:24.502897+00:00,2021-10-07 11:16:24.730324+00:00,2021-10-08 10:52:09.157318+00:00,TRUE,A2BS,PH1088109,1,0.0,0.0,0.0,0.0,0.0,0.0,0.0,0.0,0.0,0.0,0.0,0.0,0.0,0,0,0.0,0.00%,0.0,0.0,,
Coach Events Services Ltd,Active,2020-12-18 15:09:04.149802+00:00,2021-10-12 08:42:19.040670+00:00,2021-10-12 08:42:19.286576+00:00,2026-05-05 10:37:20.126700+00:00,TRUE,COEV,PH2041919,1,0.0,4.0,0.0,4.0,3.0,3.0,75.00%,0.0,0.0,0.0,0.0,3.0,0.0,1,2,1.0,0.00%,1.0,1.0,66.0,https://publish.bus-data.dft.gov.uk/org/883/dataset/ppc-archive/
Taunton School Enterprises Ltd,Active,2020-11-19 15:27:00+00:00,2021-10-13 13:17:06.422299+00:00,2021-10-13 13:17:06.634029+00:00,2026-07-03 06:42:49.422132+00:00,TRUE,TSCE,PH0007054,1,0.0,0.0,0.0,0.0,0.0,0.0,0.0,0.0,0.0,0.0,0.0,0.0,0.0,0,1,1.0,100.00%,1.0,1.0,,
St Ives Bus Co Ltd,Active,2021-10-26 12:42:20.591193+00:00,2021-10-26 12:31:54.359122+00:00,2021-10-26 12:31:54.579883+00:00,2023-05-24 12:56:20.774097+00:00,TRUE,STIV,PH1053866,1,0.0,4.0,0.0,4.0,2.0,2.0,50.00%,0.0,0.0,0.0,0.0,0.0,0.0,2,1,2.0,100.00%,2.0,2.0,0.0,https://publish.bus-data.dft.gov.uk/org/885/dataset/ppc-archive/
John Crake & Sons,Inactive,2021-10-27 13:17:57.309491+00:00,2021-10-27 13:10:31.601939+00:00,2021-10-27 13:10:31.829021+00:00,2021-11-05 10:32:25.262919+00:00,TRUE,JOCR,PB1086828,1,0.0,0.0,0.0,0.0,0.0,0.0,0.0,0.0,0.0,0.0,0.0,0.0,0.0,0,0,0.0,0.00%,0.0,0.0,,
Globe Holidays Ltd,Active,2021-11-02 11:26:53.114958+00:00,2021-11-02 10:30:12.654515+00:00,2021-11-02 10:30:12.881083+00:00,2026-05-13 05:11:14.395156+00:00,TRUE,BBCG;GLCS,PB0003052;PB1059494,2,0.0,17.0,0.0,17.0,16.0,0.0,0.00%,4.0,0.0,1.0,0.0,2.0,0.0,1,1,1.0,100.00%,1.0,1.0,60.0,https://publish.bus-data.dft.gov.uk/org/887/dataset/ppc-archive/
Ember Core Ltd,Active,2021-11-12 17:02:26.169897+00:00,2021-11-12 17:00:44.435291+00:00,2025-07-10 13:36:54.849735+00:00,2026-05-27 13:40:18.318428+00:00,TRUE,EMBR,PM2025892,1,0.0,17.0,3.0,14.0,0.0,0.0,0.00%,0.0,0.0,0.0,0.0,0.0,0.0,0,0,0.0,0.00%,0.0,0.0,,
Manchester Bus Tours LTD,Active,2020-06-10 10:46:10+00:00,2021-11-16 14:56:31.753730+00:00,2023-04-06 14:23:55.515340+00:00,2026-07-07 09:19:28.537968+00:00,TRUE,MBTO,PC1111037,1,0.0,2.0,0.0,2.0,1.0,1.0,50.00%,0.0,0.0,0.0,0.0,0.0,0.0,1,1,1.0,0.00%,1.0,1.0,0.0,https://publish.bus-data.dft.gov.uk/org/889/dataset/ppc-archive/
West Midlands Accessible Transport LTD,Inactive,2021-11-19 14:51:54.705732+00:00,2021-11-19 14:27:59.451277+00:00,2021-11-19 14:27:59.657378+00:00,2025-05-02 08:01:52.030108+00:00,TRUE,NEAT,PD2026292,1,0.0,0.0,0.0,0.0,0.0,0.0,0.0,0.0,0.0,0.0,0.0,0.0,0.0,0,0,0.0,0.00%,0.0,0.0,,
J N Baker Ltd t/a Bakers Dolphin,Active,2020-11-19 15:27:00+00:00,2021-11-24 15:26:19.942171+00:00,2021-11-24 15:41:13.524856+00:00,2026-07-03 06:42:49.422132+00:00,TRUE,BCOA;BDOL,PH0004893,1,0.0,3.0,0.0,3.0,3.0,3.0,100.00%,1.0,0.0,0.0,0.0,0.0,0.0,1,1,1.0,100.00%,1.0,1.0,,
Daniel Trent TA Dan's Coach Travel,Active,2021-10-11 11:36:40+00:00,2021-12-14 09:55:43.293036+00:00,2021-12-23 12:04:47.527766+00:00,2026-07-09 06:16:37.342106+00:00,TRUE,DNCT,PF2009436,1,0.0,1.0,0.0,1.0,1.0,1.0,100.00%,0.0,0.0,0.0,0.0,0.0,0.0,1,2,2.0,100.00%,2.0,2.0,9.0,https://publish.bus-data.dft.gov.uk/org/892/dataset/ppc-archive/
Lee Woad T/A Sweynes,Active,2021-12-23 15:51:19.102244+00:00,2021-12-23 13:06:15.064359+00:00,2021-12-23 13:06:15.230573+00:00,2023-07-12 16:26:38.040617+00:00,TRUE,LEWO,PB1024114,1,0.0,1.0,0.0,1.0,0.0,0.0,0.00%,1.0,0.0,0.0,0.0,0.0,0.0,1,1,2.0,100.00%,2.0,2.0,0.0,https://publish.bus-data.dft.gov.uk/org/893/dataset/ppc-archive/
Black Cat Travel Ltd,Active,2020-11-18 15:39:27+00:00,2021-12-23 13:08:23.528027+00:00,,2026-07-10 13:10:00.049877+00:00,TRUE,BLCT,PF1146276,1,0.0,3.0,0.0,3.0,3.0,3.0,100.00%,0.0,0.0,0.0,0.0,0.0,0.0,3,1,1.0,100.00%,1.0,1.0,0.0,https://publish.bus-data.dft.gov.uk/org/894/dataset/ppc-archive/
Greenslades Tours (Exeter) Ltd,Active,2020-11-19 15:27:00+00:00,2022-01-18 12:48:12.702660+00:00,2022-01-18 12:48:12.901435+00:00,2026-07-03 06:42:49.422132+00:00,TRUE,GNSL,PH2023951,1,0.0,4.0,0.0,4.0,2.0,2.0,50.00%,0.0,0.0,0.0,0.0,0.0,0.0,1,2,3.0,33.33%,3.0,3.0,100.0,https://publish.bus-data.dft.gov.uk/org/895/dataset/ppc-archive/
Top Mops Limited,Active,2020-11-19 15:27:00+00:00,2022-01-19 13:01:33.670619+00:00,2022-03-22 14:49:00.645495+00:00,2026-07-03 06:42:49.422132+00:00,TRUE,MBUP,PH2038236,1,0.0,1.0,0.0,1.0,1.0,1.0,100.00%,0.0,0.0,0.0,0.0,0.0,0.0,2,1,3.0,66.67%,3.0,3.0,0.0,https://publish.bus-data.dft.gov.uk/org/896/dataset/ppc-archive/
First & Last Mile,Active,2020-11-19 15:27:00+00:00,2022-01-25 13:56:36.989912+00:00,2026-02-13 15:53:16.565937+00:00,2026-07-09 10:35:48.771623+00:00,UNKNOWN,FALM,,0,7.0,0.0,0.0,0.0,0.0,0.0,0.0,0.0,0.0,0.0,0.0,1.0,3.0,1,1,2.0,0.00%,2.0,2.0,,
ASTRA COACH TRAVEL LTD T/A EAGLE LINE TRAVEL,Active,2022-01-26 10:01:37.374746+00:00,2022-01-26 09:53:54.823364+00:00,2022-01-26 09:53:54.997122+00:00,2022-01-26 10:01:37.417011+00:00,UNKNOWN,ACTL,,0,0.0,0.0,0.0,0.0,0.0,0.0,0.0,0.0,0.0,0.0,0.0,0.0,0.0,0,0,0.0,0.00%,0.0,0.0,,
Hobans 1923 Ltd,Inactive,2022-01-28 12:25:49.538566+00:00,2022-01-28 11:25:33.998713+00:00,2022-01-28 11:25:34.204801+00:00,2023-06-23 09:36:28.864108+00:00,TRUE,HOBN,PC2011998,1,0.0,0.0,0.0,0.0,0.0,0.0,0.0,0.0,0.0,0.0,0.0,0.0,0.0,0,0,0.0,0.00%,0.0,0.0,,
Marshalls Coaches LLP,Active,2020-12-23 06:13:04+00:00,2022-02-15 11:04:10.839075+00:00,2024-03-15 16:40:31.916442+00:00,2026-01-14 14:50:52.354687+00:00,TRUE,MSHC,PF1098485,1,0.0,18.0,0.0,18.0,18.0,18.0,100.00%,18.0,0.0,0.0,0.0,0.0,0.0,2,5,1.0,100.00%,1.0,1.0,,
TRAVEL SOS LTD,Pending invite,,2022-02-24 11:50:39.486366+00:00,2022-02-24 11:50:39.684628+00:00,,TRUE,TEMP 1,PD2006127,1,0.0,1.0,1.0,0.0,0.0,0.0,0.0,0.0,0.0,0.0,1.0,0.0,0.0,0,0,0.0,0.00%,0.0,0.0,,
HARRY SHAW (DM) LTD,Pending invite,,2022-02-24 11:52:36.988683+00:00,2022-02-24 11:52:37.164329+00:00,,UNKNOWN,HSHT,,0,0.0,0.0,0.0,0.0,0.0,0.0,0.0,0.0,0.0,0.0,0.0,0.0,0.0,0,0,0.0,0.00%,0.0,0.0,,
HILLS COACHES LTD,Pending invite,,2022-02-24 11:54:35.679150+00:00,2022-02-24 11:54:35.845336+00:00,,UNKNOWN,HILL,,0,0.0,0.0,0.0,0.0,0.0,0.0,0.0,0.0,0.0,0.0,0.0,0.0,0.0,0,0,0.0,0.00%,0.0,0.0,,
Z-CARZ (STOKE-ON-TRENT) LIMITED,Pending invite,,2022-02-24 12:10:59.845509+00:00,2022-02-24 12:11:00.024873+00:00,,UNKNOWN,ZCAR,,0,0.0,0.0,0.0,0.0,0.0,0.0,0.0,0.0,0.0,0.0,0.0,0.0,0.0,0,0,0.0,0.00%,0.0,0.0,,
Ormlie & Violets Taxis,Active,2022-03-02 06:32:36.517957+00:00,2022-03-01 10:37:13.776902+00:00,2022-03-01 10:37:13.953757+00:00,2022-07-08 06:30:14.876117+00:00,UNKNOWN,ORML,,0,0.0,0.0,0.0,0.0,0.0,0.0,0.0,0.0,0.0,0.0,0.0,0.0,0.0,0,0,0.0,0.00%,0.0,0.0,,
JR Services (Highland Travel),Active,2022-03-14 13:05:36.120808+00:00,2022-03-10 09:44:23.009246+00:00,2022-03-14 13:02:29.445302+00:00,2022-03-14 13:05:36.492717+00:00,UNKNOWN,JURG,,0,0.0,0.0,0.0,0.0,0.0,0.0,0.0,0.0,0.0,0.0,0.0,0.0,0.0,0,0,0.0,0.00%,0.0,0.0,,
Yellow Coaches Limited,Inactive,2022-03-24 18:41:08.490540+00:00,2022-03-24 12:19:23.386795+00:00,2022-03-24 12:19:23.568467+00:00,2022-06-30 20:48:34.673917+00:00,TRUE,YCOA,PH2037975,1,0.0,0.0,0.0,0.0,0.0,0.0,0.0,0.0,0.0,0.0,0.0,0.0,0.0,0,0,0.0,0.00%,0.0,0.0,,
Abus,Active,2020-11-17 10:12:00+00:00,2022-03-30 15:15:46.010038+00:00,,2026-07-03 06:42:49.422132+00:00,TRUE,ABUS,PH0005662;PH1094121,2,0.0,3.0,0.0,3.0,0.0,0.0,0.00%,0.0,0.0,0.0,0.0,0.0,0.0,1,1,0.0,0.00%,0.0,0.0,,
Clarkes Minibuses Ltd,Pending invite,,2022-03-31 08:31:42.727738+00:00,2022-03-31 08:31:42.887676+00:00,,UNKNOWN,CLKM,,0,0.0,0.0,0.0,0.0,0.0,0.0,0.0,0.0,0.0,0.0,0.0,0.0,0.0,0,0,0.0,0.00%,0.0,0.0,,
Barnes Coaches Ltd,Pending invite,,2022-03-31 08:45:28.490128+00:00,2022-03-31 08:45:28.614576+00:00,,TRUE,BARN,PH0001955,1,0.0,0.0,0.0,0.0,0.0,0.0,0.0,0.0,0.0,0.0,0.0,0.0,0.0,0,0,0.0,0.00%,0.0,0.0,,
Chandlers Coach Travel,Active,2022-08-11 10:39:51.891940+00:00,2022-03-31 08:57:40.101711+00:00,2023-08-24 09:28:58.173763+00:00,2022-10-03 11:36:37.147966+00:00,TRUE,CDCT,PH0005784,1,0.0,0.0,0.0,0.0,0.0,0.0,0.0,0.0,0.0,0.0,0.0,0.0,0.0,0,0,0.0,0.00%,0.0,0.0,,
Mil-Ken Travel,Active,2020-12-14 09:30:28+00:00,2022-03-31 08:59:24.063636+00:00,2022-05-06 13:35:24.308664+00:00,2026-07-08 17:10:06.784812+00:00,TRUE,MKEN,PF0000430,1,0.0,0.0,0.0,0.0,0.0,0.0,0.0,0.0,0.0,0.0,0.0,0.0,0.0,0,1,1.0,100.00%,1.0,1.0,,
Johnson Coaches,Pending invite,,2022-04-25 10:22:23.936504+00:00,2022-04-25 10:22:24.091447+00:00,,UNKNOWN,JOCO,,0,0.0,0.0,0.0,0.0,0.0,0.0,0.0,0.0,0.0,0.0,0.0,0.0,0.0,0,0,0.0,0.00%,0.0,0.0,,
Thandi Red Ltd,Active,2020-12-18 15:09:04.149802+00:00,2022-05-04 11:03:12.645099+00:00,2023-10-04 10:41:51.553783+00:00,2026-01-19 14:29:53.530104+00:00,TRUE,EVGC,PD2044286,1,0.0,0.0,0.0,0.0,0.0,0.0,0.0,0.0,0.0,0.0,0.0,0.0,0.0,3,1,1.0,0.00%,1.0,1.0,,
George Elliott,Pending invite,,2022-05-09 08:04:38.053013+00:00,2022-05-09 08:06:45.655579+00:00,,TRUE,GEEL,PB2020726,1,0.0,0.0,0.0,0.0,0.0,0.0,0.0,0.0,0.0,0.0,0.0,0.0,0.0,0,0,0.0,0.00%,0.0,0.0,,
Dansa LTD,Active,2022-06-01 16:23:31.236590+00:00,2022-06-01 11:49:49.842637+00:00,,2022-06-01 16:23:31.314228+00:00,UNKNOWN,DVPA,,0,0.0,0.0,0.0,0.0,0.0,0.0,0.0,0.0,0.0,0.0,0.0,0.0,0.0,0,0,0.0,0.00%,0.0,0.0,,
Andersons of Langholm,Active,2022-06-06 10:29:11.854225+00:00,2022-06-06 10:08:21.986313+00:00,,2025-12-17 09:41:42.210029+00:00,UNKNOWN,ANDL,,0,0.0,0.0,0.0,0.0,0.0,0.0,0.0,0.0,0.0,0.0,0.0,0.0,0.0,0,0,0.0,0.00%,0.0,0.0,,
Green Mountain Travel Ltd,Inactive,2022-07-22 09:35:05.787522+00:00,2022-07-22 09:24:17.371502+00:00,2022-07-22 09:24:17.470536+00:00,2024-05-29 09:36:31.302077+00:00,TRUE,GMTL,PB1087751,1,0.0,0.0,0.0,0.0,0.0,0.0,0.0,0.0,0.0,0.0,0.0,0.0,0.0,0,0,0.0,0.00%,0.0,0.0,,
Thompsons Coaches Ltd,Pending invite,,2022-08-08 17:51:28.547751+00:00,2022-08-08 17:51:28.640509+00:00,,TRUE,TMPC,PF1022133,1,0.0,1.0,1.0,0.0,0.0,0.0,0.0,1.0,0.0,0.0,0.0,0.0,0.0,0,0,0.0,0.00%,0.0,0.0,,
Bradshaws Quality Travel Ltd,Pending invite,,2022-08-08 17:59:45.267388+00:00,2022-08-08 17:59:45.352168+00:00,,TRUE,BQTR,PC2033294,1,0.0,0.0,0.0,0.0,0.0,0.0,0.0,0.0,0.0,0.0,0.0,0.0,0.0,0,0,0.0,0.00%,0.0,0.0,,
Camerons Travel,Pending invite,,2022-08-08 18:07:46.293901+00:00,2022-08-08 18:07:46.369968+00:00,,UNKNOWN,CAMT,,0,0.0,0.0,0.0,0.0,0.0,0.0,0.0,0.0,0.0,0.0,0.0,0.0,0.0,0,0,0.0,0.00%,0.0,0.0,,
Ashcrofts Mini Travel,Active,2022-08-11 13:15:39.253810+00:00,2022-08-08 18:32:57.821856+00:00,2022-08-08 18:32:57.916743+00:00,2025-01-12 18:36:44.354501+00:00,TRUE,ASMT,PC1104782,1,0.0,0.0,0.0,0.0,0.0,0.0,0.0,0.0,0.0,0.0,0.0,0.0,0.0,0,1,1.0,100.00%,1.0,1.0,,
McCall's Coaches Ltd,Active,2022-08-17 12:15:46.217868+00:00,2022-08-16 08:30:57.488865+00:00,2022-08-16 08:30:57.592858+00:00,2026-05-15 13:06:02.354114+00:00,TRUE,MCCL,PM1057000,1,0.0,14.0,10.0,4.0,0.0,0.0,0.00%,0.0,0.0,0.0,0.0,0.0,0.0,0,1,1.0,0.00%,1.0,1.0,,
Great British Roadways Ltd,Inactive,2022-08-23 20:06:39.753102+00:00,2022-08-22 10:23:37.029486+00:00,2022-08-22 10:23:37.121469+00:00,2022-08-23 20:06:39.932717+00:00,TRUE,GBRL,PC2050868,1,0.0,0.0,0.0,0.0,0.0,0.0,0.0,0.0,0.0,0.0,0.0,0.0,0.0,0,0,0.0,0.00%,0.0,0.0,,
Climate Action Strathaven,Inactive,2022-09-14 08:28:00.488628+00:00,2022-09-12 12:09:30.095673+00:00,,2022-09-16 06:51:07.994552+00:00,UNKNOWN,CLAS,,0,0.0,0.0,0.0,0.0,0.0,0.0,0.0,0.0,0.0,0.0,0.0,0.0,0.0,0,0,0.0,0.00%,0.0,0.0,,
Altonian Coaches Limted,Inactive,2022-10-05 13:14:49.033863+00:00,2022-09-13 13:17:12.266221+00:00,,2024-06-25 21:55:12.666811+00:00,TRUE,ALTO,PH1089686,1,0.0,0.0,0.0,0.0,0.0,0.0,0.0,0.0,0.0,0.0,0.0,0.0,0.0,0,0,0.0,0.00%,0.0,0.0,,
New Adventure Travel,Active,2022-09-21 08:51:18.055872+00:00,2022-09-21 08:49:40.610228+00:00,2022-09-21 08:49:40.722165+00:00,2022-10-29 18:24:33.434580+00:00,UNKNOWN,NADT,,0,0.0,0.0,0.0,0.0,0.0,0.0,0.0,0.0,0.0,0.0,0.0,0.0,0.0,0,0,0.0,0.00%,0.0,0.0,,
Cymru Coaches Ltd,Active,2022-09-23 12:06:27.255479+00:00,2022-09-23 11:58:50.821198+00:00,,2022-09-23 12:52:45.199203+00:00,UNKNOWN,CYMC,,0,0.0,0.0,0.0,0.0,0.0,0.0,0.0,0.0,0.0,0.0,0.0,0.0,0.0,0,0,0.0,0.00%,0.0,0.0,,
David Goodfellow Travel,Active,2023-07-18 13:00:24.044469+00:00,2022-10-04 10:09:14.020655+00:00,2023-07-18 12:53:14.017594+00:00,2026-01-20 14:34:26.574241+00:00,TRUE,DGTR,PB0001898,1,0.0,5.0,0.0,5.0,5.0,2.0,40.00%,0.0,0.0,0.0,0.0,2.0,0.0,7,1,5.0,100.00%,5.0,5.0,66.0,https://publish.bus-data.dft.gov.uk/org/931/dataset/ppc-archive/
A-LINE COACHES COVENTRY LTD,Active,2024-02-23 10:28:58.286690+00:00,2022-10-31 15:26:26.588601+00:00,2024-02-20 16:43:49.534062+00:00,2024-02-23 10:28:58.428086+00:00,UNKNOWN,ALCC,PD1112882,1,0.0,4.0,0.0,4.0,0.0,0.0,0.0,0.0,0.0,0.0,0.0,0.0,0.0,0,0,0.0,0.00%,0.0,0.0,,
test,Not yet invited,,2022-11-01 14:36:02.730195+00:00,,,FALSE,abc123,,0,0.0,0.0,0.0,0.0,0.0,0.0,0.0,0.0,0.0,0.0,0.0,0.0,0.0,0,0,0.0,0.00%,0.0,0.0,,
Yorkshire Travel Group Ltd t/a Yorkshire Buses,Active,2022-11-17 16:11:31.102315+00:00,2022-11-17 11:11:54.241552+00:00,2022-11-17 11:11:54.341252+00:00,2026-03-31 18:36:01.770979+00:00,TRUE,YYTG,PB2053151,1,0.0,0.0,0.0,0.0,0.0,0.0,0.0,0.0,0.0,0.0,0.0,0.0,0.0,1,1,1.0,100.00%,1.0,1.0,,
Kevendy's Travel,Active,2020-12-18 15:09:04.149802+00:00,2022-11-22 16:23:30.771387+00:00,2023-04-20 13:31:34.907647+00:00,2026-05-15 13:06:02.354114+00:00,TRUE,KEVE,PF0000205,1,0.0,2.0,0.0,2.0,2.0,2.0,100.00%,2.0,0.0,0.0,0.0,0.0,0.0,2,1,1.0,100.00%,1.0,1.0,0.0,https://publish.bus-data.dft.gov.uk/org/935/dataset/ppc-archive/
CENTURION TRAVEL LTD,Active,2023-04-20 14:54:23.475592+00:00,2022-11-23 11:04:55.961636+00:00,2023-04-20 13:06:35.025659+00:00,2026-05-15 13:06:02.354114+00:00,TRUE,CTLT,PH0005571,1,0.0,0.0,0.0,0.0,0.0,0.0,0.0,0.0,0.0,0.0,0.0,0.0,0.0,0,0,0.0,0.00%,0.0,0.0,,
K V & G L SLACK LTD,Not yet invited,,2022-11-23 11:06:17.513555+00:00,,,UNKNOWN,SLCK,PC0003242,1,0.0,0.0,0.0,0.0,0.0,0.0,0.0,0.0,0.0,0.0,0.0,0.0,0.0,0,0,0.0,0.00%,0.0,0.0,,
V MOORE & D R THOMPSON,Not yet invited,,2022-11-23 11:07:27.267754+00:00,,,UNKNOWN,0000,PD0001579,1,0.0,0.0,0.0,0.0,0.0,0.0,0.0,0.0,0.0,0.0,0.0,0.0,0.0,0,0,0.0,0.00%,0.0,0.0,,
The Big Red Bus,Active,2023-04-05 13:32:49+00:00,2022-11-23 11:09:25.565934+00:00,,,TRUE,TBRB,PH0006347,1,0.0,0.0,0.0,0.0,0.0,0.0,0.0,0.0,0.0,0.0,0.0,0.0,0.0,0,0,0.0,0.00%,0.0,0.0,,
ANTHONY SLATER AND COLIN BOWDEN,Not yet invited,,2022-11-23 11:14:06.264441+00:00,,,TRUE,0001,PH1120865,1,0.0,0.0,0.0,0.0,0.0,0.0,0.0,0.0,0.0,0.0,0.0,0.0,0.0,0,0,0.0,0.00%,0.0,0.0,,
HAMILTONS COACHES LIMITED,Not yet invited,,2022-11-23 11:15:07.713208+00:00,,,TRUE,0002,PF2039354,1,0.0,3.0,3.0,0.0,0.0,0.0,0.0,3.0,0.0,0.0,0.0,0.0,0.0,0,0,0.0,0.00%,0.0,0.0,,
P & S NELSON LTD,Not yet invited,,2022-11-23 11:15:47.532642+00:00,,,TRUE,PSNL,PC1101959,1,0.0,4.0,4.0,0.0,0.0,0.0,0.0,3.0,3.0,0.0,0.0,0.0,0.0,0,0,0.0,0.00%,0.0,0.0,,
TJ'S TRAVEL LTD,Not yet invited,,2022-11-23 11:16:47.298795+00:00,,,UNKNOWN,0003,PB1123601,1,0.0,4.0,0.0,4.0,0.0,0.0,0.0,4.0,0.0,4.0,0.0,0.0,0.0,0,0,0.0,0.00%,0.0,0.0,,
BRIAN RAYMOND JOHN NASH,Not yet invited,,2022-11-23 11:18:28.332062+00:00,,,UNKNOWN,BRYA,PF0006201,1,0.0,2.0,0.0,2.0,0.0,0.0,0.0,1.0,0.0,0.0,0.0,0.0,0.0,0,0,0.0,0.00%,0.0,0.0,,
Worthen Motors,Not yet invited,,2022-11-23 11:20:26.476648+00:00,,,UNKNOWN,WTHT,PD0000765;PG0007122,2,0.0,0.0,0.0,0.0,0.0,0.0,0.0,0.0,0.0,0.0,0.0,0.0,0.0,0,0,0.0,0.00%,0.0,0.0,,
DENNIS W A FLETCHER,Not yet invited,,2022-11-23 11:21:39.807979+00:00,,,UNKNOWN,0004,PB1130124,1,0.0,1.0,0.0,1.0,0.0,0.0,0.0,1.0,1.0,0.0,0.0,0.0,0.0,0,0,0.0,0.00%,0.0,0.0,,
ROBERTSONS TRANSPORT (GLOS) LTD,Not yet invited,,2022-11-23 11:38:19.321637+00:00,,,TRUE,RBTT,PH1050871,1,0.0,0.0,0.0,0.0,0.0,0.0,0.0,0.0,0.0,0.0,0.0,0.0,0.0,0,0,0.0,0.00%,0.0,0.0,,
WALLS OF WIGAN LTD,Not yet invited,,2022-11-23 11:40:09.181133+00:00,,,TRUE,GRAY,PC1043597,1,0.0,1.0,1.0,0.0,0.0,0.0,0.0,1.0,0.0,0.0,0.0,0.0,0.0,0,0,0.0,0.00%,0.0,0.0,,
Dunnett's Transport Ltd,Active,2022-11-28 16:46:51.271005+00:00,2022-11-28 16:12:00.844369+00:00,,2022-12-19 13:25:57.589929+00:00,UNKNOWN,DUTR,,0,0.0,0.0,0.0,0.0,0.0,0.0,0.0,0.0,0.0,0.0,0.0,0.0,0.0,0,0,0.0,0.00%,0.0,0.0,,
Community Transport South Wiltshire,Active,2020-11-19 15:27:00+00:00,2022-11-30 15:04:15.478669+00:00,,2026-07-03 06:42:49.422132+00:00,UNKNOWN,CTSW,,0,1.0,0.0,0.0,0.0,0.0,0.0,0.0,0.0,0.0,0.0,0.0,0.0,0.0,1,1,0.0,0.00%,0.0,0.0,,
Bouden Coach Travel,Active,2023-03-31 12:12:28.527857+00:00,2022-12-05 16:43:48.967548+00:00,2023-03-31 12:11:20.373853+00:00,2023-03-31 12:12:28.751809+00:00,TRUE,5345,PD1138814,1,0.0,1.0,1.0,0.0,0.0,0.0,0.0,0.0,0.0,0.0,1.0,0.0,0.0,0,0,0.0,0.00%,0.0,0.0,,
ANSA ENVIRONMENTAL SERVICES LIMITED,Active,2023-04-18 09:29:33.590183+00:00,2022-12-05 17:10:36.727775+00:00,2023-04-17 14:27:57.515755+00:00,2026-06-08 08:03:08.856305+00:00,TRUE,5432,PC2050578,1,0.0,0.0,0.0,0.0,0.0,0.0,0.0,0.0,0.0,0.0,0.0,0.0,0.0,0,0,0.0,0.00%,0.0,0.0,,
CITY TRAVEL (YORKSHIRE) LTD,Active,,2022-12-05 17:11:17.586018+00:00,2022-12-05 17:27:49.284226+00:00,,UNKNOWN,4568,PB1091987,1,0.0,0.0,0.0,0.0,0.0,0.0,0.0,0.0,0.0,0.0,0.0,0.0,0.0,0,0,0.0,0.00%,0.0,0.0,,
Woods Coaches Ltd,Active,2020-12-18 15:09:04.149802+00:00,2022-12-05 17:13:24.839884+00:00,2022-12-05 17:21:36.386832+00:00,2026-01-19 14:29:53.530104+00:00,TRUE,WOOC,PF0007080,1,0.0,1.0,1.0,0.0,0.0,0.0,0.0,0.0,0.0,0.0,1.0,0.0,0.0,1,1,0.0,0.00%,0.0,0.0,,
Chaserider,Pending invite,,2022-12-05 17:14:27.510012+00:00,2022-12-05 17:14:27.594203+00:00,,FALSE,6766,,0,0.0,0.0,0.0,0.0,0.0,0.0,0.0,0.0,0.0,0.0,0.0,0.0,0.0,0,0,0.0,0.00%,0.0,0.0,,
HOWARDS TRAVEL AND OMEGA BUSWAYS LIMITED,Active,2020-11-10 12:31:26+00:00,2022-12-05 17:36:39.565975+00:00,2022-12-05 17:36:39.642342+00:00,2026-07-02 12:47:26.360265+00:00,TRUE,HOWT,PC2042940,1,0.0,4.0,2.0,2.0,2.0,2.0,100.00%,2.0,1.0,0.0,0.0,1.0,0.0,4,2,4.0,100.00%,4.0,4.0,0.0,https://publish.bus-data.dft.gov.uk/org/959/dataset/ppc-archive/
Voel Coaches Ltd,Active,2023-01-13 16:44:36.104334+00:00,2023-01-13 16:32:26.028741+00:00,2023-01-13 16:32:26.123481+00:00,2023-03-31 11:07:44.070372+00:00,UNKNOWN,VOEL,,0,0.0,0.0,0.0,0.0,0.0,0.0,0.0,0.0,0.0,0.0,0.0,0.0,0.0,0,0,0.0,0.00%,0.0,0.0,,
Airport Parking & Hotels Ltd,Active,2023-02-10 09:48:53.825553+00:00,2023-02-10 09:46:56.631118+00:00,,2023-02-10 09:48:54.001347+00:00,TRUE,APHL,PC1094191,1,0.0,1.0,1.0,0.0,0.0,0.0,0.0,0.0,0.0,0.0,1.0,0.0,0.0,0,0,0.0,0.00%,0.0,0.0,,
Edwards Coaches Limited,Active,2023-02-14 15:29:04.327567+00:00,2023-02-14 15:22:09.947700+00:00,2023-02-14 15:22:10.045332+00:00,2023-02-14 15:29:04.506021+00:00,UNKNOWN,EDWC,,0,0.0,0.0,0.0,0.0,0.0,0.0,0.0,0.0,0.0,0.0,0.0,0.0,0.0,0,0,0.0,0.00%,0.0,0.0,,
First Call Travel (Bridgend),Not yet invited,,2023-03-09 14:04:41.454410+00:00,,,UNKNOWN,FCAL,,0,0.0,0.0,0.0,0.0,0.0,0.0,0.0,0.0,0.0,0.0,0.0,0.0,0.0,0,0,0.0,0.00%,0.0,0.0,,
Essex and Suffolk DaRT CIC,Pending invite,,2023-03-23 14:33:42.635806+00:00,2023-03-23 14:33:42.763550+00:00,,UNKNOWN,EASD,,0,0.0,0.0,0.0,0.0,0.0,0.0,0.0,0.0,0.0,0.0,0.0,0.0,0.0,0,0,0.0,0.00%,0.0,0.0,,
Aaron's of Wick,Inactive,2023-04-12 16:43:29.012035+00:00,2023-04-12 08:08:48.278215+00:00,2023-04-12 08:08:48.379932+00:00,2025-09-06 11:48:23.371461+00:00,TRUE,ARSH,PM2050818,1,0.0,3.0,3.0,0.0,0.0,0.0,0.0,0.0,0.0,0.0,0.0,0.0,0.0,0,0,0.0,0.00%,0.0,0.0,,
"KIRKSTONE BATHROOMS, TILES & SHUTTERS LIMITED",Inactive,2023-12-18 11:29:12.108580+00:00,2023-06-13 16:56:23.215872+00:00,2023-12-18 11:27:58.214667+00:00,2024-06-26 12:09:08.764447+00:00,TRUE,KBTS,PC2046366,1,0.0,1.0,0.0,1.0,0.0,0.0,0.0,0.0,0.0,0.0,0.0,0.0,0.0,0,0,0.0,0.00%,0.0,0.0,,
CAWTHORNE'S TRAVEL LTD,Active,2022-10-04 10:10:25+00:00,2023-06-14 08:23:29.214588+00:00,2023-11-21 09:54:05.679183+00:00,2023-11-24 11:32:31.726722+00:00,UNKNOWN,CAWT,PB2000814,1,0.0,6.0,0.0,6.0,0.0,0.0,0.0,1.0,1.0,0.0,0.0,0.0,0.0,0,1,0.0,0.00%,0.0,0.0,,
Coopers Tours Ltd,Active,2020-12-14 09:30:28+00:00,2023-06-30 10:16:11.666555+00:00,2023-06-30 10:16:11.775570+00:00,2026-07-08 17:10:06.784812+00:00,UNKNOWN,CPTR,PB0003076,1,0.0,4.0,0.0,4.0,4.0,4.0,100.00%,4.0,4.0,0.0,0.0,4.0,0.0,1,1,1.0,100.00%,1.0,1.0,,
GUNDIGGER LTD,Pending invite,,2023-07-04 09:50:05.492638+00:00,2023-07-04 09:50:05.599476+00:00,,TRUE,5435,PB1063864,1,0.0,2.0,1.0,1.0,0.0,0.0,0.00%,0.0,0.0,0.0,1.0,0.0,0.0,0,0,0.0,0.00%,0.0,0.0,,
Manhatton Transfers,Active,2023-08-08 14:55:51.364650+00:00,2023-08-02 12:23:26.247315+00:00,2023-08-08 14:55:24.920076+00:00,2024-04-15 13:43:41.674980+00:00,TRUE,3291,PC1046654,1,0.0,4.0,0.0,4.0,0.0,0.0,0.0,0.0,0.0,0.0,2.0,0.0,0.0,0,0,0.0,0.00%,0.0,0.0,,
Care Park UK Limited,Active,2023-11-09 11:37:35.272856+00:00,2023-08-02 13:24:51.777850+00:00,2023-11-07 11:19:57.353808+00:00,2023-11-09 11:37:35.416683+00:00,UNKNOWN,3421,PC2035794,1,0.0,0.0,0.0,0.0,0.0,0.0,0.0,0.0,0.0,0.0,0.0,0.0,0.0,0,0,0.0,0.00%,0.0,0.0,,
Local Haunts,Active,2024-02-07 16:50:54.985668+00:00,2023-08-02 14:50:29.312215+00:00,2023-08-14 10:12:07.619062+00:00,2024-03-21 11:59:05.898072+00:00,UNKNOWN,6532,PH1107907,1,0.0,1.0,0.0,1.0,0.0,0.0,0.0,0.0,0.0,0.0,0.0,0.0,0.0,0,0,0.0,0.00%,0.0,0.0,,
Central Travel Sheffield Limited,Pending invite,,2023-08-03 08:30:24.456104+00:00,2023-08-03 08:30:24.581296+00:00,,UNKNOWN,8356,PB1127614,1,0.0,0.0,0.0,0.0,0.0,0.0,0.0,0.0,0.0,0.0,0.0,0.0,0.0,0,0,0.0,0.00%,0.0,0.0,,
Evolve Bus & Coach,Active,2023-08-25 18:00:42.087219+00:00,2023-08-03 10:11:40.644133+00:00,2023-08-25 17:59:30.118458+00:00,2025-10-02 12:44:04.977882+00:00,TRUE,LCCO,PC2030765,1,0.0,1.0,0.0,1.0,1.0,1.0,100.00%,0.0,0.0,0.0,0.0,0.0,0.0,1,1,1.0,100.00%,1.0,1.0,,
Station Taxis (Sunderland) Ltd,Inactive,2023-08-03 12:40:38.551466+00:00,2023-08-03 10:16:22.675482+00:00,2023-08-03 10:16:22.780443+00:00,2026-03-25 10:42:53.075539+00:00,UNKNOWN,STNX,PB1075413,1,0.0,0.0,0.0,0.0,0.0,0.0,0.0,0.0,0.0,0.0,0.0,0.0,0.0,0,0,0.0,0.00%,0.0,0.0,,
Transport for Greater Manchester,Active,2020-10-27 10:10:23+00:00,2023-08-03 11:24:07.538434+00:00,2023-08-03 11:24:07.650038+00:00,2026-07-08 11:04:50.907796+00:00,TRUE,ABCD;BNDB;BNFM;BNGN;BNML;BNSM;BNVB,PC2073428,1,0.0,3.0,1.0,2.0,476.0,34.0,1700.00%,0.0,0.0,0.0,0.0,586.0,8.0,6,6,5.0,100.00%,5.0,5.0,97.0,https://publish.bus-data.dft.gov.uk/org/978/dataset/ppc-archive/
Sims Travel,Inactive,2023-08-03 13:12:08.977189+00:00,2023-08-03 13:03:00.132711+00:00,2023-08-03 13:03:00.243887+00:00,2023-08-03 13:12:09.133588+00:00,TRUE,SIMN,PC0000218,1,0.0,0.0,0.0,0.0,0.0,0.0,0.0,0.0,0.0,0.0,0.0,0.0,0.0,0,0,0.0,0.00%,0.0,0.0,,
Lunar Cars,Pending invite,,2023-08-07 10:42:03.474575+00:00,2023-08-14 10:13:18.288884+00:00,,UNKNOWN,BREP,PD2022490,1,0.0,0.0,0.0,0.0,0.0,0.0,0.0,0.0,0.0,0.0,0.0,0.0,0.0,0,0,0.0,0.00%,0.0,0.0,,
Howard Snaith,Pending invite,,2023-08-15 08:05:30.993156+00:00,2023-08-15 08:05:31.090773+00:00,,UNKNOWN,SNAI,PB1065121,1,0.0,0.0,0.0,0.0,0.0,0.0,0.0,0.0,0.0,0.0,0.0,0.0,0.0,0,0,0.0,0.00%,0.0,0.0,,
Enrights of Cheltenham,Pending invite,,2023-08-15 10:30:25.589134+00:00,2023-08-15 10:30:25.688277+00:00,,UNKNOWN,7812,PH2002400,1,0.0,0.0,0.0,0.0,0.0,0.0,0.0,0.0,0.0,0.0,0.0,0.0,0.0,0,0,0.0,0.00%,0.0,0.0,,
Rothbury Motors Ltd,Pending invite,,2023-08-16 08:30:26.139730+00:00,2023-08-16 08:30:26.248873+00:00,,UNKNOWN,ROTH,PB0002301,1,0.0,0.0,0.0,0.0,0.0,0.0,0.0,0.0,0.0,0.0,0.0,0.0,0.0,0,0,0.0,0.00%,0.0,0.0,,
Finestyle Coaches,Active,2020-12-18 15:09:04.149802+00:00,2023-08-17 09:18:33.146770+00:00,2024-01-12 14:42:41.551249+00:00,2026-01-19 14:29:53.530104+00:00,TRUE,SLCH,PF1077416,1,0.0,2.0,0.0,2.0,2.0,2.0,100.00%,2.0,0.0,0.0,0.0,0.0,0.0,1,1,1.0,100.00%,1.0,1.0,,
HADLOW RURAL COMMUNITY SCHOOL LIMITED,Active,2020-11-17 13:10:17+00:00,2023-08-18 08:38:03.788103+00:00,2023-08-23 10:52:19.567586+00:00,2026-07-07 16:00:46.178073+00:00,TRUE,HRCS,PK2055656,1,0.0,1.0,0.0,1.0,1.0,1.0,100.00%,1.0,0.0,1.0,0.0,0.0,0.0,1,1,1.0,100.00%,1.0,1.0,,
FS Minibuses,Not yet invited,,2023-08-21 10:42:20.744363+00:00,,,TRUE,0965,PC2008855,1,0.0,1.0,1.0,0.0,0.0,0.0,0.0,0.0,0.0,0.0,0.0,0.0,0.0,0,0,0.0,0.00%,0.0,0.0,,
SHANE RAYMOND NUTTALL LIMITED,Not yet invited,,2023-08-21 10:46:06.630307+00:00,,,TRUE,7385,PC2051476,1,0.0,3.0,3.0,0.0,0.0,0.0,0.0,3.0,2.0,0.0,0.0,0.0,0.0,0,0,0.0,0.00%,0.0,0.0,,
Woods of Berwick Ltd,Active,2020-12-18 15:09:04.149802+00:00,2023-08-21 15:13:22.344748+00:00,2024-02-01 13:20:14.571627+00:00,2026-06-18 10:26:41.053538+00:00,TRUE,WBWK,PB2058661,1,0.0,1.0,0.0,1.0,1.0,1.0,100.00%,0.0,0.0,0.0,0.0,1.0,0.0,2,1,2.0,100.00%,2.0,2.0,,
Jorvik Tour Bus Limited,Pending invite,,2023-08-21 15:20:29.513939+00:00,2024-04-24 12:41:09.294609+00:00,,TRUE,7432,PB2040532,1,0.0,0.0,0.0,0.0,0.0,0.0,0.0,0.0,0.0,0.0,0.0,0.0,0.0,0,0,0.0,0.00%,0.0,0.0,,
Aquataine Travel,Pending invite,,2023-08-21 15:36:40.364085+00:00,2023-08-21 15:36:40.465913+00:00,,TRUE,3478,PC0004968,1,0.0,2.0,2.0,0.0,0.0,0.0,0.0,2.0,1.0,0.0,0.0,0.0,0.0,0,0,0.0,0.00%,0.0,0.0,,
County Cabs,Inactive,2023-03-27 13:36:36+00:00,2023-08-22 10:48:11.849388+00:00,2023-08-22 10:48:11.951388+00:00,2026-01-14 14:50:52.354687+00:00,UNKNOWN,5746,PK2026541,1,0.0,0.0,0.0,0.0,0.0,0.0,0.0,0.0,0.0,0.0,0.0,0.0,0.0,0,0,0.0,0.00%,0.0,0.0,,
Summercourt Travel,Pending invite,,2023-08-22 10:52:06.063582+00:00,2023-08-22 10:52:06.161499+00:00,,FALSE,7496,,0,0.0,0.0,0.0,0.0,0.0,0.0,0.0,0.0,0.0,0.0,0.0,0.0,0.0,0,0,0.0,0.00%,0.0,0.0,,
Journeyman (Staffordshire) Limited,Pending invite,,2023-08-22 10:55:09.680350+00:00,2023-08-22 10:55:09.789556+00:00,,UNKNOWN,PSTR,PD1050412,1,0.0,0.0,0.0,0.0,0.0,0.0,0.0,0.0,0.0,0.0,0.0,0.0,0.0,0,0,0.0,0.00%,0.0,0.0,,
Immersive Entertainments Limited,Pending invite,,2023-08-22 10:58:51.735177+00:00,2023-08-22 10:58:51.864664+00:00,,TRUE,4682,PB1127918,1,0.0,1.0,1.0,0.0,0.0,0.0,0.0,0.0,0.0,0.0,0.0,0.0,0.0,0,0,0.0,0.00%,0.0,0.0,,
CVS ESSEX LIMITED,Active,2020-12-18 15:09:04.149802+00:00,2023-08-25 07:34:10.951783+00:00,2023-08-25 07:34:11.081365+00:00,2026-01-19 14:29:53.530104+00:00,TRUE,CVSE,PF1105015,1,0.0,1.0,0.0,1.0,1.0,1.0,100.00%,1.0,0.0,0.0,0.0,0.0,0.0,1,1,0.0,0.00%,0.0,0.0,50.0,https://publish.bus-data.dft.gov.uk/org/995/dataset/ppc-archive/
LA Travel (Midlands) Ltd T/A South Staffs,Active,2023-09-08 10:27:54.424986+00:00,2023-09-08 10:02:44.006956+00:00,2023-09-08 10:02:44.128864+00:00,2026-03-16 16:10:17.212836+00:00,TRUE,LATR,PD2016974,1,0.0,13.0,1.0,12.0,7.0,0.0,0.00%,3.0,0.0,0.0,4.0,5.0,0.0,2,1,1.0,100.00%,1.0,1.0,40.0,https://publish.bus-data.dft.gov.uk/org/996/dataset/ppc-archive/
Swans Travel,Active,2023-09-14 09:07:14.402218+00:00,2023-09-13 12:12:24.345161+00:00,,2024-11-13 05:33:02.579248+00:00,TRUE,SWTL,PC1034075,1,0.0,0.0,0.0,0.0,0.0,0.0,0.0,0.0,0.0,0.0,0.0,0.0,0.0,1,1,1.0,0.00%,1.0,1.0,,
North Essex Travel Limited,Active,2023-09-27 15:01:25.827919+00:00,2023-09-27 14:56:23.398384+00:00,,2026-07-09 09:07:18.500497+00:00,TRUE,NETR,PF2061373,1,0.0,0.0,0.0,0.0,0.0,0.0,0.0,0.0,0.0,0.0,0.0,0.0,0.0,0,0,0.0,0.00%,0.0,0.0,,
SWANS TRAVEL LTD,Not yet invited,,2023-10-20 11:58:45.225591+00:00,,,UNKNOWN,SWANS,,0,0.0,0.0,0.0,0.0,0.0,0.0,0.0,0.0,0.0,0.0,0.0,0.0,0.0,0,0,0.0,0.00%,0.0,0.0,,
Providence Travel Ltd,Pending invite,,2023-10-20 12:19:05.329612+00:00,2023-10-20 12:19:54+00:00,,TRUE,PDLTD,PC2065910,1,0.0,1.0,0.0,1.0,0.0,0.0,0.0,1.0,0.0,0.0,0.0,0.0,0.0,0,0,0.0,0.00%,0.0,0.0,,
South Dorset Coaches LTD,Active,2024-01-02 09:54:11.207093+00:00,2023-10-20 12:23:05.161290+00:00,2024-01-02 09:15:47.744591+00:00,2026-01-06 10:31:27.779472+00:00,FALSE,SDCL,,0,0.0,0.0,0.0,0.0,0.0,0.0,0.0,0.0,0.0,0.0,0.0,0.0,0.0,0,0,0.0,0.00%,0.0,0.0,,
TROOPERS LODGE GARAGE LIMITED,Pending invite,,2023-10-20 12:26:54.375565+00:00,2023-10-20 12:28:16+00:00,,FALSE,TGLTD,,0,0.0,0.0,0.0,0.0,0.0,0.0,0.0,0.0,0.0,0.0,0.0,0.0,0.0,0,0,0.0,0.00%,0.0,0.0,,
PAUL COMBER,Pending invite,,2023-10-20 12:33:52.969153+00:00,2023-10-20 12:34:56+00:00,,UNKNOWN,PLCMB,,0,0.0,0.0,0.0,0.0,0.0,0.0,0.0,0.0,0.0,0.0,0.0,0.0,0.0,0,0,0.0,0.00%,0.0,0.0,,
City Transport Group,Active,2023-11-03 18:22:19.878792+00:00,2023-11-03 14:32:56.977929+00:00,2023-11-03 14:32:57.259050+00:00,2026-03-23 18:56:30.054540+00:00,UNKNOWN,YCTG,PB2047953,1,0.0,2.0,0.0,2.0,2.0,0.0,0.00%,0.0,0.0,0.0,0.0,2.0,0.0,2,1,2.0,100.00%,2.0,2.0,,
Cross Street Travel Ltd,Active,2023-11-16 16:09:12.039345+00:00,2023-11-16 11:29:18.881868+00:00,2023-11-16 11:29:18.977396+00:00,2024-05-17 08:24:23.470706+00:00,TRUE,CSTR,PH2007560,1,0.0,0.0,0.0,0.0,0.0,0.0,0.0,0.0,0.0,0.0,0.0,0.0,0.0,0,0,0.0,0.00%,0.0,0.0,,
The Clovelly Estate Co LTD,Active,2023-12-06 09:21:49.382544+00:00,2023-12-06 09:20:56.597193+00:00,2023-12-06 09:20:56.736414+00:00,2024-07-22 09:57:33.283963+00:00,UNKNOWN,CLOV,PH1062280,1,0.0,1.0,0.0,1.0,1.0,1.0,100.00%,0.0,0.0,0.0,0.0,0.0,0.0,1,0,0.0,0.00%,0.0,0.0,,
Pendle Coaches,Pending invite,,2023-12-14 12:26:28.949877+00:00,2024-02-15 09:52:06.137059+00:00,,TRUE,ZOCO,PC1124528,1,0.0,5.0,4.0,1.0,0.0,0.0,0.00%,5.0,5.0,0.0,0.0,0.0,0.0,0,0,0.0,0.00%,0.0,0.0,,
Troopers Lodge Motor Services Ltd,Active,2020-12-18 15:09:04.149802+00:00,2024-01-04 09:57:48.372319+00:00,,2026-05-19 10:37:56.206804+00:00,TRUE,TLGA,PH2040722,1,0.0,2.0,0.0,2.0,1.0,1.0,50.00%,1.0,0.0,0.0,0.0,1.0,0.0,1,1,1.0,100.00%,1.0,1.0,,
Kingshouse Travel Ltd,Active,2024-01-17 10:49:08.369065+00:00,2024-01-15 15:21:16.302265+00:00,2024-01-15 15:21:16.435506+00:00,2024-01-17 10:49:08.537970+00:00,TRUE,KHTL,PM1037126,1,0.0,1.0,1.0,0.0,0.0,0.0,0.0,0.0,0.0,0.0,0.0,0.0,0.0,0,0,0.0,0.00%,0.0,0.0,,
Peter's Minibus Hire,Active,2024-02-05 10:49:40.097016+00:00,2024-02-05 10:47:37.670981+00:00,2024-02-05 10:47:37.808033+00:00,2024-02-06 13:03:29.710719+00:00,UNKNOWN,PCMH,,0,0.0,0.0,0.0,0.0,0.0,0.0,0.0,0.0,0.0,0.0,0.0,0.0,0.0,0,0,0.0,0.00%,0.0,0.0,,
D R Taxis Llanelli Ltd,Active,2024-02-12 09:46:19.651153+00:00,2024-02-07 13:39:44.836640+00:00,2024-02-07 13:39:44.968553+00:00,2024-02-13 10:30:38.928948+00:00,UNKNOWN,DRTM,,0,0.0,0.0,0.0,0.0,0.0,0.0,0.0,0.0,0.0,0.0,0.0,0.0,0.0,0,0,0.0,0.00%,0.0,0.0,,
United Minibuses & Coaches Ltd,Active,2024-02-29 23:11:01.439792+00:00,2024-02-28 09:20:58.836919+00:00,,2025-11-13 16:43:22.837272+00:00,TRUE,UNTM,PK2008218,1,0.0,1.0,0.0,1.0,1.0,1.0,100.00%,0.0,0.0,0.0,0.0,0.0,0.0,2,0,0.0,0.00%,0.0,0.0,,
Linkrider coaches,Active,2024-03-19 15:58:48.982156+00:00,2024-03-19 11:21:25.882464+00:00,2026-03-16 13:08:04.662443+00:00,2026-07-10 06:57:24.396812+00:00,TRUE,SDCO,PH1065314,1,0.0,2.0,1.0,1.0,1.0,1.0,100.00%,1.0,1.0,0.0,0.0,1.0,0.0,1,1,1.0,100.00%,1.0,1.0,100.0,https://publish.bus-data.dft.gov.uk/org/1014/dataset/ppc-archive/
Viscount Travel Ltd,Inactive,2024-03-22 12:28:08.824692+00:00,2024-03-22 12:06:25.565183+00:00,2024-03-22 12:06:25.664927+00:00,2026-04-28 13:04:14.081734+00:00,TRUE,VCTL,PB2063409,1,0.0,4.0,0.0,4.0,0.0,0.0,0.0,0.0,0.0,0.0,0.0,0.0,0.0,0,0,0.0,0.00%,0.0,0.0,,
VikingsCoaches.com Ltd,Active,2024-03-20 09:11:29+00:00,2024-03-26 11:23:52.414256+00:00,,2024-04-09 12:57:24.394386+00:00,UNKNOWN,WVIK,PC0004779,1,0.0,0.0,0.0,0.0,0.0,0.0,0.0,0.0,0.0,0.0,0.0,0.0,0.0,0,0,0.0,0.00%,0.0,0.0,,
21 Transport LTD,Active,2021-10-11 11:36:40+00:00,2024-03-27 15:42:38.915641+00:00,2024-03-27 15:42:39.010543+00:00,2026-07-09 06:16:37.342106+00:00,TRUE,TWET,PB2060442,1,0.0,6.0,0.0,6.0,3.0,3.0,50.00%,0.0,0.0,0.0,0.0,0.0,0.0,1,1,1.0,100.00%,1.0,1.0,100.0,https://publish.bus-data.dft.gov.uk/org/1017/dataset/ppc-archive/
SUNBEAM LUXURY COACHES LTD,Active,2024-04-04 06:57:23.087329+00:00,2024-04-03 11:50:28.508387+00:00,2024-04-03 11:50:28.612107+00:00,2026-03-23 09:32:31.505114+00:00,TRUE,SUNB,PF0000097,1,0.0,8.0,0.0,8.0,8.0,8.0,100.00%,0.0,0.0,0.0,0.0,0.0,0.0,1,1,1.0,100.00%,1.0,1.0,50.0,https://publish.bus-data.dft.gov.uk/org/1019/dataset/ppc-archive/
Northstar Constellation Limited (formerly RMC1510 Limited),Active,2021-10-11 11:36:40+00:00,2024-04-04 10:45:51.159466+00:00,2024-04-04 10:45:51.282701+00:00,2026-07-09 06:16:37.342106+00:00,TRUE,NOST,PB2060918,1,0.0,34.0,0.0,34.0,29.0,29.0,85.29%,0.0,0.0,0.0,0.0,0.0,0.0,1,1,1.0,100.00%,1.0,1.0,44.0,https://publish.bus-data.dft.gov.uk/org/1020/dataset/ppc-archive/
Carolean Coaches Ltd,Active,2024-04-04 15:54:04.109837+00:00,2024-04-04 15:50:17.057130+00:00,2024-04-04 15:50:17.142530+00:00,2026-01-27 10:55:54.559066+00:00,UNKNOWN,CRLN,PD2065802,1,0.0,0.0,0.0,0.0,0.0,0.0,0.0,0.0,0.0,0.0,0.0,0.0,0.0,1,1,1.0,100.00%,1.0,1.0,83.0,https://publish.bus-data.dft.gov.uk/org/1021/dataset/ppc-archive/
Freedom Transport,Not yet invited,,2024-04-18 16:07:42.694456+00:00,,,UNKNOWN,FRTR,PH1100975,1,0.0,0.0,0.0,0.0,0.0,0.0,0.0,0.0,0.0,0.0,0.0,0.0,0.0,0,0,0.0,0.00%,0.0,0.0,,
COCKTAIL TOURS UK LLP,Not yet invited,,2024-04-23 13:26:13.962409+00:00,,,TRUE,CTUK,PH2016876,1,0.0,1.0,0.0,1.0,0.0,0.0,0.00%,0.0,0.0,0.0,0.0,0.0,0.0,0,0,0.0,0.00%,0.0,0.0,,
Wrexham & Prestige Taxis Ltd,Active,2024-04-30 13:38:06.830838+00:00,2024-04-23 13:49:07.197876+00:00,2024-04-30 10:33:09.894948+00:00,2024-05-03 12:26:45.774647+00:00,UNKNOWN,TEMPWX,PG2058165,1,0.0,2.0,0.0,2.0,0.0,0.0,0.0,0.0,0.0,0.0,0.0,0.0,0.0,0,0,0.0,0.00%,0.0,0.0,,
Gwent Vales Travel Limited,Active,2024-01-04 13:13:58+00:00,2024-05-02 15:17:07.243438+00:00,,2026-01-07 11:24:04.582555+00:00,TRUE,GVTL,PG2066437,1,0.0,0.0,0.0,0.0,0.0,0.0,0.0,0.0,0.0,0.0,0.0,0.0,0.0,0,0,1.0,100.00%,1.0,1.0,,
Gloucestershire County Council,Active,,2024-05-07 08:26:55.498650+00:00,2024-05-07 13:32:24.685673+00:00,,UNKNOWN,GLCC,,0,0.0,0.0,0.0,0.0,0.0,0.0,0.0,0.0,0.0,0.0,0.0,0.0,0.0,0,0,0.0,0.00%,0.0,0.0,,
Midland Bluebird - MCGILL’S SCOTLAND EAST LIMITED,Not yet invited,,2024-05-09 09:25:18.687843+00:00,,,UNKNOWN,BRBU;MBLB;MESC,PM0000003;PM0000923,2,0.0,60.0,0.0,60.0,0.0,0.0,0.0,4.0,3.0,0.0,0.0,0.0,0.0,0,0,0.0,0.00%,0.0,0.0,,
Londoner Buses Ltd,Active,2024-05-20 10:45:33.287696+00:00,2024-05-20 07:55:08.782094+00:00,2025-01-14 00:27:05.620358+00:00,2025-01-14 00:32:06.346369+00:00,UNKNOWN,LNDR,,0,0.0,0.0,0.0,0.0,0.0,0.0,0.0,0.0,0.0,0.0,0.0,0.0,0.0,0,0,0.0,0.00%,0.0,0.0,,
Esk Valley Coaches,Active,2024-05-24 13:18:13.398849+00:00,2024-05-23 15:07:33.037099+00:00,2024-05-23 15:07:33.147597+00:00,2024-05-24 13:18:13.594519+00:00,TRUE,ESKV,PB1112834,1,0.0,1.0,0.0,1.0,0.0,0.0,0.0,1.0,1.0,0.0,0.0,0.0,0.0,0,0,0.0,0.00%,0.0,0.0,,
PETER HOGG OF JEDBURGH LTD,Active,2024-01-24 20:49:01+00:00,2024-05-24 09:45:45.222539+00:00,2024-07-04 14:27:16.859596+00:00,2026-06-22 14:39:22.111769+00:00,TRUE,HOGG,PM1136161,1,0.0,6.0,0.0,6.0,2.0,2.0,33.33%,0.0,0.0,0.0,0.0,0.0,0.0,3,2,1.0,100.00%,1.0,1.0,,
Bus Link Ltd,Active,2021-10-11 11:36:40+00:00,2024-05-29 11:41:29.924112+00:00,2024-05-29 11:41:30.040124+00:00,2026-07-09 06:16:37.342106+00:00,UNKNOWN,BULI,PC2065754,1,3.0,15.0,0.0,15.0,15.0,15.0,100.00%,0.0,0.0,0.0,0.0,0.0,0.0,1,1,1.0,100.00%,1.0,1.0,100.0,https://publish.bus-data.dft.gov.uk/org/1031/dataset/ppc-archive/
KPMG,Active,2021-01-07 08:06:47+00:00,2024-06-05 14:03:39.862212+00:00,2024-06-05 14:05:25.451060+00:00,2026-02-09 14:39:36.710665+00:00,UNKNOWN,KPMG,,0,0.0,0.0,0.0,0.0,0.0,0.0,0.0,0.0,0.0,0.0,0.0,0.0,0.0,0,0,0.0,0.00%,0.0,0.0,,
Department for Transport,Active,2020-02-05 10:47:56+00:00,2024-06-17 14:23:02.338747+00:00,2024-11-14 11:09:46.879452+00:00,2026-07-09 12:10:12.639181+00:00,UNKNOWN,DFT,,0,0.0,0.0,0.0,0.0,0.0,0.0,0.0,0.0,0.0,0.0,0.0,0.0,0.0,0,0,0.0,0.00%,0.0,0.0,,
Bristol (LTA),Inactive,2023-12-06 14:45:26+00:00,2024-07-15 14:47:55.133992+00:00,,2025-10-09 08:37:45.357361+00:00,FALSE,Test,,0,0.0,0.0,0.0,0.0,0.0,0.0,0.0,0.0,0.0,0.0,0.0,0.0,0.0,0,0,0.0,0.00%,0.0,0.0,,
Scottish Citylink Coaches Ltd,Active,2024-08-01 08:48:18.021503+00:00,2024-08-01 07:40:22.485025+00:00,2024-08-01 07:40:22.608119+00:00,2025-11-12 12:15:54.967784+00:00,TRUE,MEGA;SCLK,PM0001031,1,0.0,20.0,0.0,20.0,0.0,0.0,0.0,0.0,0.0,0.0,0.0,0.0,0.0,0,0,0.0,0.00%,0.0,0.0,,
Ability (Northants) CIC,Active,2024-08-15 10:36:41.889229+00:00,2024-08-15 09:56:41.199516+00:00,2024-08-15 09:56:41.288567+00:00,2025-03-17 09:58:08.820769+00:00,UNKNOWN,ABNH,,0,3.0,0.0,0.0,0.0,0.0,0.0,0.0,0.0,0.0,0.0,0.0,0.0,0.0,1,1,1.0,100.00%,1.0,1.0,,
Kent County Council (UILTA),Active,2020-11-17 13:10:17+00:00,2024-10-14 09:14:18.268956+00:00,2025-02-26 12:21:57.412420+00:00,2026-07-07 16:00:46.178073+00:00,UNKNOWN,KENT,,0,0.0,0.0,0.0,0.0,0.0,0.0,0.0,0.0,0.0,0.0,0.0,0.0,0.0,0,0,0.0,0.00%,0.0,0.0,,
Lincolnshire County Council (UILTA),Active,2020-11-16 13:13:10+00:00,2024-10-14 13:49:30.924151+00:00,,2026-07-10 13:10:00.049877+00:00,UNKNOWN,LINC,,0,0.0,0.0,0.0,0.0,0.0,0.0,0.0,0.0,0.0,0.0,0.0,0.0,0.0,0,0,0.0,0.00%,0.0,0.0,,
Cornwall Council (including Isles of Scilly)  (UILTA),Active,2022-03-04 12:59:09+00:00,2024-10-15 10:33:34.576225+00:00,2025-02-26 15:28:32.067078+00:00,2026-07-10 12:14:15.980894+00:00,UNKNOWN,CORN,,0,0.0,0.0,0.0,0.0,0.0,0.0,0.0,0.0,0.0,0.0,0.0,0.0,0.0,0,0,0.0,0.00%,0.0,0.0,,
Wiltshere Council (UILTA),Active,2021-09-23 21:06:26+00:00,2024-10-15 10:33:54.995543+00:00,2025-02-26 15:52:46.970470+00:00,2026-01-30 12:23:55.795173+00:00,UNKNOWN,WILT,,0,0.0,0.0,0.0,0.0,0.0,0.0,0.0,0.0,0.0,0.0,0.0,0.0,0.0,0,0,0.0,0.00%,0.0,0.0,,
Southampton City Council (UILTA),Active,2024-11-11 15:05:41.382161+00:00,2024-11-11 14:22:22.963581+00:00,2024-11-11 14:22:23.060716+00:00,2026-05-29 14:28:22.276875+00:00,UNKNOWN,SOUTHLTA,,0,0.0,0.0,0.0,0.0,0.0,0.0,0.0,0.0,0.0,0.0,0.0,0.0,0.0,0,0,0.0,0.00%,0.0,0.0,,
West of England Combined Authority (UILTA),Active,2023-06-06 12:38:39+00:00,2024-11-12 12:51:22.717745+00:00,2024-11-12 12:51:22.814634+00:00,2026-07-08 10:16:12.580556+00:00,UNKNOWN,WestoeLTA,,0,0.0,0.0,0.0,0.0,0.0,0.0,0.0,0.0,0.0,0.0,0.0,0.0,0.0,0,0,0.0,0.00%,0.0,0.0,,
Hertfordshire County Council (UILTA),Active,2020-12-08 15:56:01+00:00,2024-11-12 13:53:31.982696+00:00,2025-02-24 11:25:03.225721+00:00,2026-01-15 17:42:30.217764+00:00,UNKNOWN,HERTLTA,,0,0.0,0.0,0.0,0.0,0.0,0.0,0.0,0.0,0.0,0.0,0.0,0.0,0.0,0,0,0.0,0.00%,0.0,0.0,,
OTC,Active,2024-11-12 15:44:12.089033+00:00,2024-11-12 15:26:39.698818+00:00,2024-11-12 15:26:39.764657+00:00,2026-06-10 16:47:34.383513+00:00,UNKNOWN,OTCLTA,,0,0.0,0.0,0.0,0.0,0.0,0.0,0.0,0.0,0.0,0.0,0.0,0.0,0.0,0,0,0.0,0.00%,0.0,0.0,,
West Midlands Combined Authority (UILTA),Active,2021-03-18 16:55:00+00:00,2024-11-13 11:28:31.047068+00:00,2024-11-13 13:36:23.651434+00:00,2026-04-24 15:16:22.492209+00:00,UNKNOWN,TFWMLTA,,0,0.0,0.0,0.0,0.0,0.0,0.0,0.0,0.0,0.0,0.0,0.0,0.0,0.0,0,0,0.0,0.00%,0.0,0.0,,
Greater Manchester Combined Authority  (UILTA),Active,2024-11-11 09:31:02+00:00,2024-11-20 10:05:48.261444+00:00,2024-12-05 12:19:03.410757+00:00,2026-03-03 10:18:12.976307+00:00,UNKNOWN,MANC,,0,0.0,0.0,0.0,0.0,0.0,0.0,0.0,0.0,0.0,0.0,0.0,0.0,0.0,0,0,0.0,0.00%,0.0,0.0,,
E-zec Medical Transport Services,Active,2020-11-19 15:27:00+00:00,2024-11-27 15:38:51.404951+00:00,2025-09-05 13:30:25.634842+00:00,2026-07-03 06:42:49.422132+00:00,TRUE,EZMT,PH2062102,1,0.0,0.0,0.0,0.0,0.0,0.0,0.0,0.0,0.0,0.0,0.0,0.0,0.0,0,0,0.0,0.00%,0.0,0.0,,
David Keech,Not yet invited,,2024-11-28 09:14:39.567775+00:00,,,TRUE,DKEE,PB2028115,1,0.0,1.0,1.0,0.0,0.0,0.0,0.0,0.0,0.0,0.0,1.0,0.0,0.0,0,0,0.0,0.00%,0.0,0.0,,
National Car Parks Limited,Not yet invited,,2024-11-28 09:19:30.796631+00:00,,,TRUE,NACP,PC2038566,1,0.0,1.0,1.0,0.0,0.0,0.0,0.0,0.0,0.0,0.0,1.0,0.0,0.0,0,0,0.0,0.00%,0.0,0.0,,
Apcoa Parking UK Ltd,Not yet invited,,2024-11-28 09:31:10.938247+00:00,,,TRUE,TEMP2,PH1088914,1,0.0,1.0,1.0,0.0,0.0,0.0,0.0,0.0,0.0,0.0,1.0,0.0,0.0,0,0,0.0,0.00%,0.0,0.0,,
Move4WorldLtd,Not yet invited,,2024-11-28 09:39:17.160303+00:00,,,TRUE,TEMP8,PK2048012,1,0.0,1.0,1.0,0.0,0.0,0.0,0.0,0.0,0.0,0.0,1.0,0.0,0.0,0,0,0.0,0.00%,0.0,0.0,,
Gloucestershire County Council (UILTA),Active,2023-05-02 11:08:12+00:00,2025-01-22 16:35:14.147104+00:00,2025-01-22 17:04:24.771510+00:00,2026-05-19 14:13:28.576111+00:00,UNKNOWN,GLOULTA,,0,0.0,0.0,0.0,0.0,0.0,0.0,0.0,0.0,0.0,0.0,0.0,0.0,0.0,0,0,0.0,0.00%,0.0,0.0,,
Leicestershire County Council (UILTA),Active,2021-08-20 14:19:49+00:00,2025-01-30 16:43:52.511530+00:00,2025-03-19 17:31:56.930115+00:00,2026-07-03 10:39:01.059166+00:00,UNKNOWN,LeicsLTA,,0,0.0,0.0,0.0,0.0,0.0,0.0,0.0,0.0,0.0,0.0,0.0,0.0,0.0,0,0,0.0,0.00%,0.0,0.0,,
Aberdeen City Council (UILTA),Not yet invited,,2025-02-03 09:40:00.402786+00:00,,,UNKNOWN,AberCiLTA,,0,0.0,0.0,0.0,0.0,0.0,0.0,0.0,0.0,0.0,0.0,0.0,0.0,0.0,0,0,0.0,0.00%,0.0,0.0,,
Aberdeenshire Council  (UILTA),Not yet invited,,2025-02-03 09:50:06.577584+00:00,,,UNKNOWN,AberdLTA,,0,0.0,0.0,0.0,0.0,0.0,0.0,0.0,0.0,0.0,0.0,0.0,0.0,0.0,0,0,0.0,0.00%,0.0,0.0,,
Angus Council (UILTA),Not yet invited,,2025-02-03 09:53:05.919754+00:00,,,UNKNOWN,AngLTA,,0,0.0,0.0,0.0,0.0,0.0,0.0,0.0,0.0,0.0,0.0,0.0,0.0,0.0,0,0,0.0,0.00%,0.0,0.0,,
Argyll & Bute Council (UILTA),Not yet invited,,2025-02-03 10:01:54.822181+00:00,,,UNKNOWN,ArgBuLTA,,0,0.0,0.0,0.0,0.0,0.0,0.0,0.0,0.0,0.0,0.0,0.0,0.0,0.0,0,0,0.0,0.00%,0.0,0.0,,
Blackburn with Darwen Borough Council (UILTA),Active,2020-06-10 10:46:10+00:00,2025-02-03 10:25:58.597205+00:00,2025-03-06 17:00:55.774760+00:00,2026-07-07 09:19:28.537968+00:00,UNKNOWN,BBDLTA,,0,0.0,0.0,0.0,0.0,0.0,0.0,0.0,0.0,0.0,0.0,0.0,0.0,0.0,0,0,0.0,0.00%,0.0,0.0,,
Oxfordshire County Council (UILTA),Active,2021-07-27 08:27:00+00:00,2025-02-03 12:14:08.284500+00:00,2025-02-24 14:29:57.141290+00:00,2026-06-13 18:52:03.905971+00:00,UNKNOWN,OxLTA,,0,0.0,0.0,0.0,0.0,0.0,0.0,0.0,0.0,0.0,0.0,0.0,0.0,0.0,0,0,0.0,0.00%,0.0,0.0,,
Herefordshire Council (UILTA),Active,2022-03-24 14:39:18+00:00,2025-02-03 12:18:03.972887+00:00,2025-03-10 12:37:13.593520+00:00,2026-04-09 08:44:31.907281+00:00,UNKNOWN,HereLTA,,0,0.0,0.0,0.0,0.0,0.0,0.0,0.0,0.0,0.0,0.0,0.0,0.0,0.0,0,0,0.0,0.00%,0.0,0.0,,
Bath & North East Somerset Council (LTA),Pending invite,,2025-02-03 12:28:27.585931+00:00,2025-02-26 15:46:48.782471+00:00,,UNKNOWN,BathLTA,,0,0.0,0.0,0.0,0.0,0.0,0.0,0.0,0.0,0.0,0.0,0.0,0.0,0.0,0,0,0.0,0.00%,0.0,0.0,,
Brighton & Hove City Council (LTA),Active,2025-02-26 08:26:29.252121+00:00,2025-02-03 12:36:12.126793+00:00,2025-02-25 19:51:54.784904+00:00,2026-03-25 09:55:17.043843+00:00,UNKNOWN,BrightLTA,,0,0.0,0.0,0.0,0.0,0.0,0.0,0.0,0.0,0.0,0.0,0.0,0.0,0.0,0,0,0.0,0.00%,0.0,0.0,,
Derbyshire County Council (UILTA),Active,2025-02-25 09:29:27.143232+00:00,2025-02-03 14:31:26.243165+00:00,2025-02-24 14:56:20.232526+00:00,2026-03-24 10:06:43.831037+00:00,UNKNOWN,DshireLTA,,0,0.0,0.0,0.0,0.0,0.0,0.0,0.0,0.0,0.0,0.0,0.0,0.0,0.0,0,0,0.0,0.00%,0.0,0.0,,
Norfolk County Council (UILTA),Active,2023-01-10 10:20:47+00:00,2025-02-03 14:36:19.241411+00:00,2025-02-24 15:04:13.273070+00:00,2025-11-06 09:39:50.332931+00:00,UNKNOWN,NorfLTA,,0,0.0,0.0,0.0,0.0,0.0,0.0,0.0,0.0,0.0,0.0,0.0,0.0,0.0,0,0,0.0,0.00%,0.0,0.0,,
Surrey County Council (UILTA),Active,2025-02-24 16:02:41.970310+00:00,2025-02-03 14:47:23.655319+00:00,2025-02-24 14:48:28.343656+00:00,2026-04-14 12:56:43.186290+00:00,UNKNOWN,SurreyLTA,,0,0.0,0.0,0.0,0.0,0.0,0.0,0.0,0.0,0.0,0.0,0.0,0.0,0.0,0,0,0.0,0.00%,0.0,0.0,,
Nottinghamshire County Council (UILTA),Active,2020-06-04 12:10:49+00:00,2025-02-03 14:51:35.788786+00:00,2025-02-26 11:36:04.149441+00:00,2026-04-28 15:41:08.062640+00:00,UNKNOWN,NottshLTA,,0,0.0,0.0,0.0,0.0,0.0,0.0,0.0,0.0,0.0,0.0,0.0,0.0,0.0,0,0,0.0,0.00%,0.0,0.0,,
Suffolk County Council (UILTA),Active,2020-06-29 08:03:30+00:00,2025-02-03 15:03:31.081822+00:00,2025-02-26 11:37:07.350494+00:00,2026-03-26 15:13:08.586938+00:00,UNKNOWN,SuffLTA,,0,0.0,0.0,0.0,0.0,0.0,0.0,0.0,0.0,0.0,0.0,0.0,0.0,0.0,0,0,0.0,0.00%,0.0,0.0,,
Cambridgeshire County Council (LTA),Pending invite,,2025-02-03 15:07:22.567882+00:00,2025-02-26 12:03:35.403100+00:00,,UNKNOWN,CambLTA,,0,0.0,0.0,0.0,0.0,0.0,0.0,0.0,0.0,0.0,0.0,0.0,0.0,0.0,0,0,0.0,0.00%,0.0,0.0,,
Essex County Council (UILTA),Active,2021-06-15 12:33:53+00:00,2025-02-03 15:10:56.020333+00:00,2025-02-25 20:01:44.988414+00:00,2026-07-10 10:05:40.258785+00:00,UNKNOWN,EssexLTA,,0,0.0,0.0,0.0,0.0,0.0,0.0,0.0,0.0,0.0,0.0,0.0,0.0,0.0,0,0,0.0,0.00%,0.0,0.0,,
Lancashire County Council (UILTA),Inactive,2020-06-10 10:46:10+00:00,2025-02-03 15:13:37.430639+00:00,2025-02-26 11:41:44.513486+00:00,2026-07-07 09:19:28.537968+00:00,UNKNOWN,LancasLTA,,0,0.0,0.0,0.0,0.0,0.0,0.0,0.0,0.0,0.0,0.0,0.0,0.0,0.0,0,0,0.0,0.00%,0.0,0.0,,
Milton Keynes Council (UILTA),Active,2025-03-05 10:20:40.794566+00:00,2025-02-03 15:15:17.376924+00:00,2025-03-05 10:19:27.924891+00:00,2026-05-14 14:37:14.859884+00:00,UNKNOWN,MKLTA,,0,0.0,0.0,0.0,0.0,0.0,0.0,0.0,0.0,0.0,0.0,0.0,0.0,0.0,0,0,0.0,0.00%,0.0,0.0,,
Nottingham City Council (UILTA),Active,2023-01-19 12:52:22+00:00,2025-02-03 15:17:02.913771+00:00,2025-02-26 15:27:22.931918+00:00,2025-02-26 15:39:16.153068+00:00,UNKNOWN,NottsLTA,,0,0.0,0.0,0.0,0.0,0.0,0.0,0.0,0.0,0.0,0.0,0.0,0.0,0.0,0,0,0.0,0.00%,0.0,0.0,,
Luton Borough Council (UILTA),Pending invite,,2025-02-03 15:19:34.116524+00:00,2025-05-29 15:34:05.958791+00:00,,UNKNOWN,LutonLTA,,0,0.0,0.0,0.0,0.0,0.0,0.0,0.0,0.0,0.0,0.0,0.0,0.0,0.0,0,0,0.0,0.00%,0.0,0.0,,
Medway Council (UILTA),Active,2023-01-04 10:45:23+00:00,2025-02-03 15:21:23.015243+00:00,2025-02-24 11:32:33.044026+00:00,2026-04-01 10:52:31.654783+00:00,UNKNOWN,MedLTA,,0,0.0,0.0,0.0,0.0,0.0,0.0,0.0,0.0,0.0,0.0,0.0,0.0,0.0,0,0,0.0,0.00%,0.0,0.0,,
Staffordshire County Council (UILTA),Active,2025-03-06 08:36:38.205482+00:00,2025-02-03 15:22:42.887805+00:00,2025-03-05 16:29:29.363640+00:00,2025-10-21 07:49:35.258275+00:00,UNKNOWN,StaffLTA,,0,0.0,0.0,0.0,0.0,0.0,0.0,0.0,0.0,0.0,0.0,0.0,0.0,0.0,0,0,0.0,0.00%,0.0,0.0,,
West Sussex County Council (UILTA),Active,2025-02-27 09:08:40.953749+00:00,2025-02-03 15:25:09.021439+00:00,2025-02-26 18:16:12.241651+00:00,2026-03-10 11:36:05.501602+00:00,UNKNOWN,WSussLTA,,0,0.0,0.0,0.0,0.0,0.0,0.0,0.0,0.0,0.0,0.0,0.0,0.0,0.0,0,0,0.0,0.00%,0.0,0.0,,
York City Council (LTA),Not yet invited,,2025-02-03 15:32:53.754889+00:00,,,UNKNOWN,YorkLTA,,0,0.0,0.0,0.0,0.0,0.0,0.0,0.0,0.0,0.0,0.0,0.0,0.0,0.0,0,0,0.0,0.00%,0.0,0.0,,
East Riding of Yorkshire Council (UILTA),Active,2022-04-19 09:06:54+00:00,2025-02-03 15:35:31.148494+00:00,2025-02-26 11:46:01.368497+00:00,2025-03-11 14:15:23.612174+00:00,UNKNOWN,ERYLTA,,0,0.0,0.0,0.0,0.0,0.0,0.0,0.0,0.0,0.0,0.0,0.0,0.0,0.0,0,0,0.0,0.00%,0.0,0.0,,
Shropshire County Council (LTA),Active,2023-09-19 13:51:27+00:00,2025-02-03 15:37:04.066098+00:00,2025-02-24 14:49:07.807218+00:00,2026-04-17 10:50:52.228536+00:00,UNKNOWN,ShropLTA,,0,0.0,0.0,0.0,0.0,0.0,0.0,0.0,0.0,0.0,0.0,0.0,0.0,0.0,0,0,0.0,0.00%,0.0,0.0,,
Cheshire East Council (UILTA),Active,2026-04-20 10:57:12+00:00,2025-02-03 15:40:50.532971+00:00,2025-02-26 15:40:57.364589+00:00,2026-07-09 07:57:32.734580+00:00,UNKNOWN,CheshLTA,,0,0.0,0.0,0.0,0.0,0.0,0.0,0.0,0.0,0.0,0.0,0.0,0.0,0.0,0,0,0.0,0.00%,0.0,0.0,,
East Sussex County Council (UILTA),Active,2022-02-18 10:20:44+00:00,2025-02-03 15:48:16.787678+00:00,2025-02-24 14:39:59.847333+00:00,2026-01-12 16:44:29.471471+00:00,UNKNOWN,ESussLTA,,0,0.0,0.0,0.0,0.0,0.0,0.0,0.0,0.0,0.0,0.0,0.0,0.0,0.0,0,0,0.0,0.00%,0.0,0.0,,
Warwickshire County Council (UILTA),Active,2025-02-26 13:53:41.218804+00:00,2025-02-03 15:49:33.920862+00:00,2025-02-26 11:54:54.261846+00:00,2026-05-15 10:55:54.781263+00:00,FALSE,WarLTA,,0,0.0,0.0,0.0,0.0,0.0,0.0,0.0,0.0,0.0,0.0,0.0,0.0,0.0,0,0,0.0,0.00%,0.0,0.0,,
Reading Borough Council (UILTA),Active,2023-02-14 10:37:24+00:00,2025-02-03 15:59:13.360818+00:00,2025-02-24 14:37:53.644312+00:00,2025-03-12 11:28:49.090660+00:00,UNKNOWN,ReadLTA,,0,0.0,0.0,0.0,0.0,0.0,0.0,0.0,0.0,0.0,0.0,0.0,0.0,0.0,0,0,0.0,0.00%,0.0,0.0,,
West Northamptonshire County Council (UILTA),Active,2024-06-17 11:42:52+00:00,2025-02-03 16:51:03.972188+00:00,2025-02-26 11:15:45.567386+00:00,2026-06-01 09:35:42.070314+00:00,UNKNOWN,NorthsLTA,,0,0.0,0.0,0.0,0.0,0.0,0.0,0.0,0.0,0.0,0.0,0.0,0.0,0.0,0,0,0.0,0.00%,0.0,0.0,,
Fife Council (UILTA),Active,2021-01-08 15:21:57+00:00,2025-02-03 16:54:17.694788+00:00,2025-03-10 15:59:15.607733+00:00,2025-03-11 09:17:29.248312+00:00,UNKNOWN,FifeLTA,,0,0.0,0.0,0.0,0.0,0.0,0.0,0.0,0.0,0.0,0.0,0.0,0.0,0.0,0,0,0.0,0.00%,0.0,0.0,,
Darlington Borough Council (LTA),Not yet invited,,2025-02-03 16:55:30.196153+00:00,,,UNKNOWN,DarlLTA,,0,0.0,0.0,0.0,0.0,0.0,0.0,0.0,0.0,0.0,0.0,0.0,0.0,0.0,0,0,0.0,0.00%,0.0,0.0,,
North Yorkshire County Council (UILTA),Active,2024-04-24 10:07:59+00:00,2025-02-03 16:56:55.238731+00:00,2025-02-24 14:57:26.495163+00:00,2025-05-09 08:54:39.208546+00:00,UNKNOWN,NYorkLTA,,0,0.0,0.0,0.0,0.0,0.0,0.0,0.0,0.0,0.0,0.0,0.0,0.0,0.0,0,0,0.0,0.00%,0.0,0.0,,
Slough Borough Council (UILTA),Active,2025-11-11 09:49:11.010675+00:00,2025-02-03 16:58:53.807240+00:00,2025-11-11 09:43:51.756839+00:00,2026-05-12 09:11:41.435938+00:00,UNKNOWN,SloughLTA,,0,0.0,0.0,0.0,0.0,0.0,0.0,0.0,0.0,0.0,0.0,0.0,0.0,0.0,0,0,0.0,0.00%,0.0,0.0,,
Warrington Borough Council (UILTA),Active,2020-02-10 10:44:36+00:00,2025-02-03 17:01:13.531830+00:00,2025-07-10 15:59:03.036918+00:00,2025-12-04 09:53:42.844345+00:00,UNKNOWN,WarrLTA,,0,0.0,0.0,0.0,0.0,0.0,0.0,0.0,0.0,0.0,0.0,0.0,0.0,0.0,0,0,0.0,0.00%,0.0,0.0,,
Halton Borough Council (LTA),Not yet invited,,2025-02-04 09:44:04.453309+00:00,,,UNKNOWN,HaltLTA,,0,0.0,0.0,0.0,0.0,0.0,0.0,0.0,0.0,0.0,0.0,0.0,0.0,0.0,0,0,0.0,0.00%,0.0,0.0,,
Cumbria County Council (LTA),Active,2026-06-19 09:16:28.980814+00:00,2025-02-04 09:47:27.964721+00:00,2026-06-17 11:35:52.607293+00:00,2026-06-19 09:16:29.173991+00:00,UNKNOWN,CumbLTA,,0,0.0,0.0,0.0,0.0,0.0,0.0,0.0,0.0,0.0,0.0,0.0,0.0,0.0,0,0,0.0,0.00%,0.0,0.0,,
Southend-on-Sea Borough Council (UILTA),Active,2023-10-10 08:20:54+00:00,2025-02-04 10:08:32.246937+00:00,2025-05-15 13:00:09.381708+00:00,2025-07-03 10:08:35.106698+00:00,UNKNOWN,SEOSLTA,,0,0.0,0.0,0.0,0.0,0.0,0.0,0.0,0.0,0.0,0.0,0.0,0.0,0.0,0,0,0.0,0.00%,0.0,0.0,,
Hartlepool Borough Council (LTA),Not yet invited,,2025-02-04 10:10:05.579443+00:00,,,UNKNOWN,HartLTA,,0,0.0,0.0,0.0,0.0,0.0,0.0,0.0,0.0,0.0,0.0,0.0,0.0,0.0,0,0,0.0,0.00%,0.0,0.0,,
Plymouth City Council (UILTA),Active,2025-02-26 16:59:01.184596+00:00,2025-02-04 10:11:10.192453+00:00,2025-02-24 14:41:48.692315+00:00,2026-01-30 09:28:14.787230+00:00,UNKNOWN,PlyLTA,,0,0.0,0.0,0.0,0.0,0.0,0.0,0.0,0.0,0.0,0.0,0.0,0.0,0.0,0,0,0.0,0.00%,0.0,0.0,,
North East Lincolnshire Council (UILTA),Inactive,2024-03-22 09:32:34+00:00,2025-02-04 10:12:53.941423+00:00,2025-02-25 20:07:52.915550+00:00,2025-12-09 12:10:32.553404+00:00,UNKNOWN,NELCLTA,,0,0.0,0.0,0.0,0.0,0.0,0.0,0.0,0.0,0.0,0.0,0.0,0.0,0.0,0,0,0.0,0.00%,0.0,0.0,,
Stockton-On-Tees County Council (LTA),Not yet invited,,2025-02-04 10:14:13.900331+00:00,,,UNKNOWN,SOTCLTA,,0,0.0,0.0,0.0,0.0,0.0,0.0,0.0,0.0,0.0,0.0,0.0,0.0,0.0,0,0,0.0,0.00%,0.0,0.0,,
Northumberland County Council (LTA),Inactive,2025-02-05 11:10:57+00:00,2025-02-04 10:16:39.901474+00:00,,2025-11-05 08:56:46.547856+00:00,UNKNOWN,NoThLTA,,0,0.0,0.0,0.0,0.0,0.0,0.0,0.0,0.0,0.0,0.0,0.0,0.0,0.0,0,0,0.0,0.00%,0.0,0.0,,
Midlothian Council (UILTA),Pending invite,,2025-02-04 10:20:02.256497+00:00,2025-03-10 16:19:50.343013+00:00,,UNKNOWN,MidloLTA,,0,0.0,0.0,0.0,0.0,0.0,0.0,0.0,0.0,0.0,0.0,0.0,0.0,0.0,0,0,0.0,0.00%,0.0,0.0,,
Thurrock Council (UILTA),Active,2025-02-26 13:28:34.449649+00:00,2025-02-04 10:20:53.903490+00:00,2025-02-26 13:22:01.876081+00:00,2026-06-18 13:32:19.675720+00:00,FALSE,ThurrLTA,,0,0.0,0.0,0.0,0.0,0.0,0.0,0.0,0.0,0.0,0.0,0.0,0.0,0.0,0,0,0.0,0.00%,0.0,0.0,,
Leicester City Council (UILTA),Active,2022-09-12 08:20:24+00:00,2025-02-04 11:38:04.762327+00:00,2025-02-25 16:24:15.910134+00:00,2026-05-07 11:09:51.815823+00:00,UNKNOWN,LeicLTA,,0,0.0,0.0,0.0,0.0,0.0,0.0,0.0,0.0,0.0,0.0,0.0,0.0,0.0,0,0,0.0,0.00%,0.0,0.0,,
Wakefield Council (LTA),Not yet invited,,2025-02-04 15:56:42.654045+00:00,,,UNKNOWN,WakeLTA,,0,0.0,0.0,0.0,0.0,0.0,0.0,0.0,0.0,0.0,0.0,0.0,0.0,0.0,0,0,0.0,0.00%,0.0,0.0,,
Tees Valley Combined Authority  (UILTA),Active,2022-03-22 15:28:30+00:00,2025-02-04 16:14:30.287989+00:00,2025-02-25 19:41:39.158492+00:00,2026-07-07 13:06:40.820446+00:00,UNKNOWN,TVLTA,,0,0.0,0.0,0.0,0.0,0.0,0.0,0.0,0.0,0.0,0.0,0.0,0.0,0.0,0,0,0.0,0.00%,0.0,0.0,,
Transport For Wales (UILTA),Inactive,2021-06-08 10:08:51+00:00,2025-02-05 09:53:21.181141+00:00,,2026-05-22 09:15:45.198221+00:00,UNKNOWN,TFWLTA,,0,0.0,0.0,0.0,0.0,0.0,0.0,0.0,0.0,0.0,0.0,0.0,0.0,0.0,0,0,0.0,0.00%,0.0,0.0,,
City of Bradford Metropolitan District Council (UILTA),Active,2025-02-26 08:47:57.590302+00:00,2025-02-05 10:09:19.482935+00:00,2025-02-25 19:55:56.731180+00:00,2026-05-08 13:02:20.155710+00:00,UNKNOWN,BradMetLTA,,0,0.0,0.0,0.0,0.0,0.0,0.0,0.0,0.0,0.0,0.0,0.0,0.0,0.0,0,0,0.0,0.00%,0.0,0.0,,
Wokingham Borough Council & West Berkshire Council (UILTA),Not yet invited,,2025-02-05 10:24:41.771900+00:00,,,UNKNOWN,WokBerkLTA,,0,0.0,0.0,0.0,0.0,0.0,0.0,0.0,0.0,0.0,0.0,0.0,0.0,0.0,0,0,0.0,0.00%,0.0,0.0,,
Cambridgeshire and Peterbrough Combined Authority (UILTA),Active,2024-11-01 14:26:50+00:00,2025-02-05 10:28:03.485413+00:00,2025-06-18 16:11:49.293640+00:00,2026-06-18 15:12:38.844441+00:00,UNKNOWN,CamPtrLTA,,0,0.0,0.0,0.0,0.0,0.0,0.0,0.0,0.0,0.0,0.0,0.0,0.0,0.0,0,0,0.0,0.00%,0.0,0.0,,
Cheshire West and Chester Council (UILTA),Active,2025-02-21 15:33:32+00:00,2025-02-05 10:30:32.520003+00:00,2025-02-25 19:55:05.566251+00:00,2026-06-16 13:13:57.452688+00:00,UNKNOWN,CWC,,0,0.0,0.0,0.0,0.0,0.0,0.0,0.0,0.0,0.0,0.0,0.0,0.0,0.0,0,0,0.0,0.00%,0.0,0.0,,
Rotherham Metropolitan Borough Council (UILTA),Not yet invited,,2025-02-05 10:35:04.034613+00:00,,,UNKNOWN,RotMetLTA,,0,0.0,0.0,0.0,0.0,0.0,0.0,0.0,0.0,0.0,0.0,0.0,0.0,0.0,0,0,0.0,0.00%,0.0,0.0,,
Stoke-on-Trent City Council (UILTA),Active,2025-03-26 15:48:25.866308+00:00,2025-02-05 10:37:15.973729+00:00,2025-03-06 16:33:41.487213+00:00,2026-04-15 13:54:39.683045+00:00,UNKNOWN,SOTLTA,,0,0.0,0.0,0.0,0.0,0.0,0.0,0.0,0.0,0.0,0.0,0.0,0.0,0.0,0,0,0.0,0.00%,0.0,0.0,,
City of York (UILTA),Inactive,2021-02-05 15:19:05+00:00,2025-02-05 10:40:49.367035+00:00,2025-02-26 09:02:35.877167+00:00,2026-05-13 08:35:31.155615+00:00,UNKNOWN,CoYLTA,,0,0.0,0.0,0.0,0.0,0.0,0.0,0.0,0.0,0.0,0.0,0.0,0.0,0.0,0,0,0.0,0.00%,0.0,0.0,,
Bury Metropolitan Borough Council (UILTA),Not yet invited,,2025-02-05 10:47:07.125984+00:00,,,UNKNOWN,BuryLTA,,0,0.0,0.0,0.0,0.0,0.0,0.0,0.0,0.0,0.0,0.0,0.0,0.0,0.0,0,0,0.0,0.00%,0.0,0.0,,
Transport East (UILTA),Inactive,2025-10-19 15:21:34+00:00,2025-02-05 11:15:10.415692+00:00,2025-02-26 14:13:26.382529+00:00,2026-02-27 16:50:15.807441+00:00,UNKNOWN,EastLTA,,0,0.0,0.0,0.0,0.0,0.0,0.0,0.0,0.0,0.0,0.0,0.0,0.0,0.0,0,0,0.0,0.00%,0.0,0.0,,
Walsall Council (UILTA),Not yet invited,,2025-02-05 11:19:47.906524+00:00,,,UNKNOWN,WalLTA,,0,0.0,0.0,0.0,0.0,0.0,0.0,0.0,0.0,0.0,0.0,0.0,0.0,0.0,0,0,0.0,0.00%,0.0,0.0,,
Central Bedfordshire County Council (UILTA),Inactive,2022-03-25 16:07:44+00:00,2025-02-05 11:30:03.036209+00:00,,2025-02-25 20:20:23.313092+00:00,UNKNOWN,CBedLTA,,0,0.0,0.0,0.0,0.0,0.0,0.0,0.0,0.0,0.0,0.0,0.0,0.0,0.0,0,0,0.0,0.00%,0.0,0.0,,
Liverpool City Region Combined Authority (UILTA),Active,2020-12-16 07:25:01+00:00,2025-02-05 11:37:57.583740+00:00,2025-02-24 14:45:42.615350+00:00,2026-07-07 15:48:55.260080+00:00,UNKNOWN,LCRLTA,,0,0.0,0.0,0.0,0.0,0.0,0.0,0.0,0.0,0.0,0.0,0.0,0.0,0.0,0,0,0.0,0.00%,0.0,0.0,,
Hull City Council (UILTA),Active,2025-02-17 14:55:57+00:00,2025-02-05 11:40:32.733062+00:00,2025-02-25 20:03:51.144418+00:00,2026-02-06 13:49:10.301161+00:00,UNKNOWN,HullLTA,,0,0.0,0.0,0.0,0.0,0.0,0.0,0.0,0.0,0.0,0.0,0.0,0.0,0.0,0,0,0.0,0.00%,0.0,0.0,,
RICHARD JOHN HIPKISS & PAMELA AUDREY HIPKISS,Not yet invited,,2025-02-05 12:16:28.410437+00:00,,,UNKNOWN,HIPKISS,,0,0.0,0.0,0.0,0.0,0.0,0.0,0.0,0.0,0.0,0.0,0.0,0.0,0.0,0,0,0.0,0.00%,0.0,0.0,,
Rutland County Council (UILTA),Not yet invited,,2025-02-05 12:17:46.440142+00:00,,,UNKNOWN,RutLTA,,0,0.0,0.0,0.0,0.0,0.0,0.0,0.0,0.0,0.0,0.0,0.0,0.0,0.0,0,0,0.0,0.00%,0.0,0.0,,
Kingston (UILTA),Active,2023-10-06 09:27:28+00:00,2025-02-05 12:20:15.421738+00:00,2025-02-24 14:47:33.839047+00:00,2023-10-06 09:28:12+00:00,UNKNOWN,KingLTA,,0,0.0,0.0,0.0,0.0,0.0,0.0,0.0,0.0,0.0,0.0,0.0,0.0,0.0,0,0,0.0,0.00%,0.0,0.0,,
South Tyneside Council (UILTA),Not yet invited,,2025-02-05 12:21:07.041314+00:00,,,UNKNOWN,STyneLTA,,0,0.0,0.0,0.0,0.0,0.0,0.0,0.0,0.0,0.0,0.0,0.0,0.0,0.0,0,0,0.0,0.00%,0.0,0.0,,
Harpur's Coaches,Not yet invited,,2025-02-05 12:23:53.866507+00:00,,,UNKNOWN,Harpur,,0,0.0,0.0,0.0,0.0,0.0,0.0,0.0,0.0,0.0,0.0,0.0,0.0,0.0,0,0,0.0,0.00%,0.0,0.0,,
T C Minicoaches,Not yet invited,,2025-02-05 12:24:15.439336+00:00,,,UNKNOWN,TCMini,,0,0.0,0.0,0.0,0.0,0.0,0.0,0.0,0.0,0.0,0.0,0.0,0.0,0.0,0,0,0.0,0.00%,0.0,0.0,,
City of Wolverhampton Council (UILTA),Not yet invited,,2025-02-05 14:20:02.758523+00:00,,,UNKNOWN,WolveLTA,,0,0.0,0.0,0.0,0.0,0.0,0.0,0.0,0.0,0.0,0.0,0.0,0.0,0.0,0,0,0.0,0.00%,0.0,0.0,,
Derby (UILTA),Active,2022-10-18 08:41:30+00:00,2025-02-05 14:23:46.381472+00:00,2025-03-06 16:37:22.098616+00:00,2026-07-07 15:37:35.045228+00:00,UNKNOWN,DerbyLTA,,0,0.0,0.0,0.0,0.0,0.0,0.0,0.0,0.0,0.0,0.0,0.0,0.0,0.0,0,0,0.0,0.00%,0.0,0.0,,
Transport for the North (UILTA),Inactive,2023-03-22 16:54:51+00:00,2025-02-05 14:39:31.862358+00:00,2025-02-26 09:13:41.061385+00:00,2026-05-26 11:39:53.314433+00:00,UNKNOWN,NorthLTA,,0,0.0,0.0,0.0,0.0,0.0,0.0,0.0,0.0,0.0,0.0,0.0,0.0,0.0,0,0,0.0,0.00%,0.0,0.0,,
Breckland Council (UILTA),Not yet invited,,2025-02-05 14:44:43.518186+00:00,,,UNKNOWN,BreckLTA,,0,0.0,0.0,0.0,0.0,0.0,0.0,0.0,0.0,0.0,0.0,0.0,0.0,0.0,0,0,0.0,0.00%,0.0,0.0,,
Owen's Travelmaster,Active,2026-06-01 10:57:41.604880+00:00,2025-02-05 14:47:31.549864+00:00,2026-06-01 10:57:17.257697+00:00,2026-07-06 06:56:22.826764+00:00,TRUE,OWNC,PG0007530,1,0.0,8.0,0.0,8.0,0.0,0.0,0.0,0.0,0.0,0.0,0.0,0.0,0.0,0,0,0.0,0.00%,0.0,0.0,,
Oldham Council (UILTA),Not yet invited,,2025-02-05 14:48:38.179284+00:00,,,UNKNOWN,OldLTA,,0,0.0,0.0,0.0,0.0,0.0,0.0,0.0,0.0,0.0,0.0,0.0,0.0,0.0,0,0,0.0,0.00%,0.0,0.0,,
Bolton Metropolitan Borough Council (UILTA),Not yet invited,,2025-02-05 14:51:03.015103+00:00,,,UNKNOWN,BoltLTA,,0,0.0,0.0,0.0,0.0,0.0,0.0,0.0,0.0,0.0,0.0,0.0,0.0,0.0,0,0,0.0,0.00%,0.0,0.0,,
South Yorkshire Passenger Transport Executive,Active,,2025-02-05 14:52:22.914449+00:00,2025-02-26 17:48:25.884374+00:00,,FALSE,SYPT,,0,0.0,0.0,0.0,0.0,0.0,0.0,0.0,0.0,0.0,0.0,0.0,0.0,0.0,0,0,0.0,0.00%,0.0,0.0,,
Dudley Council (UILTA),Not yet invited,,2025-02-05 14:54:32.358761+00:00,,,UNKNOWN,DudLTA,,0,0.0,0.0,0.0,0.0,0.0,0.0,0.0,0.0,0.0,0.0,0.0,0.0,0.0,0,0,0.0,0.00%,0.0,0.0,,
Solent Transport,Active,2025-03-07 10:02:19.604459+00:00,2025-02-05 14:57:10.550049+00:00,2025-03-06 16:48:13.686614+00:00,2025-03-07 10:02:19.804396+00:00,UNKNOWN,SOL,,0,0.0,0.0,0.0,0.0,0.0,0.0,0.0,0.0,0.0,0.0,0.0,0.0,0.0,0,0,0.0,0.00%,0.0,0.0,,
Sunderland City Council (UILTA),Not yet invited,,2025-02-05 14:58:14.602041+00:00,,,UNKNOWN,SunLTA,,0,0.0,0.0,0.0,0.0,0.0,0.0,0.0,0.0,0.0,0.0,0.0,0.0,0.0,0,0,0.0,0.00%,0.0,0.0,,
Rochdale Borough Council (UILTA),Not yet invited,,2025-02-05 14:59:16.433691+00:00,,,UNKNOWN,RochLTA,,0,0.0,0.0,0.0,0.0,0.0,0.0,0.0,0.0,0.0,0.0,0.0,0.0,0.0,0,0,0.0,0.00%,0.0,0.0,,
Sheffield City Council (UILTA),Active,2024-02-15 09:08:08+00:00,2025-02-05 15:02:12.684764+00:00,2026-05-06 09:56:13.368434+00:00,2026-05-06 13:00:10.861897+00:00,UNKNOWN,SheffLTA,,0,0.0,0.0,0.0,0.0,0.0,0.0,0.0,0.0,0.0,0.0,0.0,0.0,0.0,0,0,0.0,0.00%,0.0,0.0,,
Bedford Borough Council (UILTA),Active,2022-03-30 13:18:56+00:00,2025-02-05 15:03:54.845411+00:00,2025-11-05 11:57:06.460003+00:00,2025-11-05 12:18:37.012444+00:00,UNKNOWN,BedLTA,,0,0.0,0.0,0.0,0.0,0.0,0.0,0.0,0.0,0.0,0.0,0.0,0.0,0.0,0,0,0.0,0.00%,0.0,0.0,,
North Tyneside Council (UILTA),Not yet invited,,2025-02-05 15:05:05.059420+00:00,,,UNKNOWN,NTyneLTA,,0,0.0,0.0,0.0,0.0,0.0,0.0,0.0,0.0,0.0,0.0,0.0,0.0,0.0,0,0,0.0,0.00%,0.0,0.0,,
Bracknell Forest Council (UILTA),Active,2025-02-26 08:45:03.704590+00:00,2025-02-05 16:30:55.440499+00:00,2025-02-25 19:48:25.286218+00:00,2025-02-26 08:45:03.919714+00:00,UNKNOWN,BrackLTA,,0,0.0,0.0,0.0,0.0,0.0,0.0,0.0,0.0,0.0,0.0,0.0,0.0,0.0,0,0,0.0,0.00%,0.0,0.0,,
Blackpool Council (UILTA),Inactive,2020-06-10 10:46:10+00:00,2025-02-05 16:36:55.780048+00:00,2025-02-25 19:53:29.408334+00:00,2026-07-07 09:19:28.537968+00:00,UNKNOWN,BPoolLTA,,0,0.0,0.0,0.0,0.0,0.0,0.0,0.0,0.0,0.0,0.0,0.0,0.0,0.0,0,0,0.0,0.00%,0.0,0.0,,
Calderdale Metropolitan Borough Council (UILTA),Active,2025-03-10 13:34:19.680906+00:00,2025-02-05 16:39:42.514355+00:00,2025-03-07 15:13:54.663623+00:00,2025-03-10 13:34:19.895109+00:00,UNKNOWN,CaldLTA,,0,0.0,0.0,0.0,0.0,0.0,0.0,0.0,0.0,0.0,0.0,0.0,0.0,0.0,0,0,0.0,0.00%,0.0,0.0,,
SS Suncruisers,Inactive,2023-03-27 13:36:36+00:00,2025-02-05 16:41:39.965883+00:00,,2026-01-14 14:50:52.354687+00:00,UNKNOWN,SSSC,,0,0.0,0.0,0.0,0.0,0.0,0.0,0.0,0.0,0.0,0.0,0.0,0.0,0.0,0,0,0.0,0.00%,0.0,0.0,,
Coventry City Council (UILTA),Not yet invited,,2025-02-05 16:46:38.158676+00:00,,,UNKNOWN,CovLTA,,0,0.0,0.0,0.0,0.0,0.0,0.0,0.0,0.0,0.0,0.0,0.0,0.0,0.0,0,0,0.0,0.00%,0.0,0.0,,
Courtney Buses,Not yet invited,,2025-02-05 16:48:05.241666+00:00,,,UNKNOWN,CourB,,0,0.0,0.0,0.0,0.0,0.0,0.0,0.0,0.0,0.0,0.0,0.0,0.0,0.0,0,0,0.0,0.00%,0.0,0.0,,
Tameside Metropolitan Borough Council (UILTA),Not yet invited,,2025-02-05 16:48:54.337601+00:00,,,UNKNOWN,TMBLTA,,0,0.0,0.0,0.0,0.0,0.0,0.0,0.0,0.0,0.0,0.0,0.0,0.0,0.0,0,0,0.0,0.00%,0.0,0.0,,
Salford City Council (UILTA),Not yet invited,,2025-02-05 16:49:48.595687+00:00,,,UNKNOWN,SalLTA,,0,0.0,0.0,0.0,0.0,0.0,0.0,0.0,0.0,0.0,0.0,0.0,0.0,0.0,0,0,0.0,0.00%,0.0,0.0,,
England's Economic Heartland,Active,2025-02-26 12:47:01.888086+00:00,2025-02-05 16:51:36.342912+00:00,2025-02-26 10:28:30.544027+00:00,2026-02-12 11:44:01.809618+00:00,UNKNOWN,EEH,,0,0.0,0.0,0.0,0.0,0.0,0.0,0.0,0.0,0.0,0.0,0.0,0.0,0.0,0,0,0.0,0.00%,0.0,0.0,,
DVSA,Active,2020-10-16 13:05:48+00:00,2025-02-10 10:30:20.752338+00:00,2025-02-26 10:46:53.129112+00:00,2026-07-10 14:45:08.716830+00:00,UNKNOWN,DVSA,,0,0.0,0.0,0.0,0.0,0.0,0.0,0.0,0.0,0.0,0.0,0.0,0.0,0.0,0,0,0.0,0.00%,0.0,0.0,,
Wokingham Borough Council (UILTA),Active,2025-03-05 11:24:00.414150+00:00,2025-02-26 18:14:08.677602+00:00,2025-02-26 18:15:28.175387+00:00,2026-01-26 20:35:17.270952+00:00,UNKNOWN,WokLTA,,0,0.0,0.0,0.0,0.0,0.0,0.0,0.0,0.0,0.0,0.0,0.0,0.0,0.0,0,0,0.0,0.00%,0.0,0.0,,
North East Combined Authority (UILTA),Active,2025-01-27 15:32:44+00:00,2025-02-28 17:40:24.212285+00:00,2025-08-19 13:58:06.264037+00:00,2026-06-30 08:21:21.251727+00:00,UNKNOWN,NECALTA,,0,0.0,0.0,0.0,0.0,0.0,0.0,0.0,0.0,0.0,0.0,0.0,0.0,0.0,0,0,0.0,0.00%,0.0,0.0,,
South Yorkshire Mayoral Combined Authority (UILTA),Active,2021-11-05 16:21:27+00:00,2025-03-03 10:13:08.989097+00:00,2025-06-04 15:14:29.693967+00:00,2026-07-07 19:54:38.838777+00:00,UNKNOWN,SYMCALTA,,0,0.0,0.0,0.0,0.0,0.0,0.0,0.0,0.0,0.0,0.0,0.0,0.0,0.0,0,0,0.0,0.00%,0.0,0.0,,
Transport for the South East (LTA),Active,2025-03-21 04:38:46.692262+00:00,2025-03-20 19:30:25.714939+00:00,2025-03-20 19:36:33.103615+00:00,2026-03-10 05:16:40.771580+00:00,UNKNOWN,TFSELTA,,0,0.0,0.0,0.0,0.0,0.0,0.0,0.0,0.0,0.0,0.0,0.0,0.0,0.0,0,0,0.0,0.00%,0.0,0.0,,
Department for Transport SYSTRA,Inactive,2022-09-27 09:22:22+00:00,2025-03-25 11:05:06.078066+00:00,,2026-01-02 15:08:34.729835+00:00,UNKNOWN,SYSTRAABODS,,0,0.0,0.0,0.0,0.0,0.0,0.0,0.0,0.0,0.0,0.0,0.0,0.0,0.0,0,0,0.0,0.00%,0.0,0.0,,
W Cropper Ltd,Pending invite,,2025-04-01 09:19:33.692705+00:00,2025-04-15 13:14:13.044877+00:00,,FALSE,WCOP,,0,0.0,0.0,0.0,0.0,0.0,0.0,0.0,0.0,0.0,0.0,0.0,0.0,0.0,0,0,0.0,0.00%,0.0,0.0,,
Ormskirk Coaches & Taxis,Not yet invited,,2025-04-01 09:21:01.431393+00:00,,,UNKNOWN,ORMS,PC0002309,1,0.0,0.0,0.0,0.0,0.0,0.0,0.0,0.0,0.0,0.0,0.0,0.0,0.0,0,0,0.0,0.00%,0.0,0.0,,
Lakeland Coaches,Not yet invited,,2025-04-01 09:22:21.820537+00:00,,,UNKNOWN,LKLC,PC0002814,1,0.0,17.0,0.0,17.0,0.0,0.0,0.0,3.0,3.0,0.0,0.0,0.0,0.0,0,0,0.0,0.00%,0.0,0.0,,
UAM Travels,Pending invite,,2025-04-01 09:23:17.882299+00:00,2025-04-25 07:58:17.324689+00:00,,UNKNOWN,UAMT,PC2060696,1,0.0,0.0,0.0,0.0,0.0,0.0,0.0,0.0,0.0,0.0,0.0,0.0,0.0,0,0,0.0,0.00%,0.0,0.0,,
C M EJIKEME & SONS LTD,Inactive,2025-04-27 20:24:55.620987+00:00,2025-04-01 09:25:44.035451+00:00,2025-04-25 07:56:42.421949+00:00,2025-04-27 20:24:55.802263+00:00,UNKNOWN,CMES,PC2067014,1,0.0,1.0,0.0,1.0,0.0,0.0,0.0,0.0,0.0,0.0,0.0,0.0,0.0,0,0,0.0,0.00%,0.0,0.0,,
LANDMARK VEHICLE HIRE LTD,Not yet invited,,2025-04-01 09:27:50.881707+00:00,,,FALSE,LMVH,,0,0.0,0.0,0.0,0.0,0.0,0.0,0.0,0.0,0.0,0.0,0.0,0.0,0.0,0,0,0.0,0.00%,0.0,0.0,,
GOLDEN TOURS TRANSPORT LTD,Not yet invited,,2025-04-01 09:34:08.011647+00:00,,,UNKNOWN,GTTL,PK0003611,1,0.0,1.0,0.0,1.0,0.0,0.0,0.0,0.0,0.0,0.0,0.0,0.0,0.0,0,0,0.0,0.00%,0.0,0.0,,
REL REDWING LIMITED,Not yet invited,,2025-04-01 09:38:36.912696+00:00,,,UNKNOWN,RRLT,PK2047858,1,0.0,2.0,0.0,2.0,0.0,0.0,0.0,0.0,0.0,0.0,0.0,0.0,0.0,0,0,0.0,0.00%,0.0,0.0,,
GATWICK HOPPA LTD,Active,2025-06-06 11:17:33.642858+00:00,2025-04-01 09:39:15.015148+00:00,,2026-02-20 07:59:44.637678+00:00,UNKNOWN,GHOP,PK2077213,1,0.0,1.0,0.0,1.0,1.0,1.0,100.00%,0.0,0.0,0.0,0.0,2.0,0.0,3,1,2.0,100.00%,2.0,2.0,0.0,https://publish.bus-data.dft.gov.uk/org/1162/dataset/ppc-archive/
VIA TRANSPORTATION UK LTD,Not yet invited,,2025-04-01 09:40:06.225512+00:00,,,TRUE,VTUK,PH2076208,1,0.0,3.0,0.0,3.0,0.0,0.0,0.00%,0.0,0.0,0.0,3.0,0.0,0.0,0,0,0.0,0.00%,0.0,0.0,,
East Midlands Combined County Authority (UILTA),Active,2025-04-17 07:33:31.265763+00:00,2025-04-16 13:28:14.102604+00:00,2025-04-16 13:28:43.035373+00:00,2026-07-01 08:00:57.559230+00:00,UNKNOWN,EMCCA,,0,0.0,0.0,0.0,0.0,0.0,0.0,0.0,0.0,0.0,0.0,0.0,0.0,0.0,0,0,0.0,0.00%,0.0,0.0,,
The Travellers Choice,Pending invite,,2025-05-29 13:13:31.919920+00:00,2025-05-29 13:15:29.307443+00:00,,TRUE,TRVC,PC0001870,1,0.0,11.0,0.0,11.0,0.0,0.0,0.0,7.0,1.0,0.0,0.0,0.0,0.0,0,0,0.0,0.00%,0.0,0.0,,
Red Rose Travel (Lancashire) LTD,Pending invite,,2025-06-26 09:31:39.176119+00:00,2025-06-26 09:31:39.290842+00:00,,TRUE,0989,PC1133454,1,0.0,1.0,1.0,0.0,0.0,0.0,0.0,1.0,1.0,0.0,0.0,0.0,0.0,0,0,0.0,0.00%,0.0,0.0,,
Inactive Users,Inactive,2020-01-30 12:54:42+00:00,2025-07-15 15:42:14.115608+00:00,,2026-03-17 22:13:23+00:00,UNKNOWN,XXXXXX,,0,0.0,0.0,0.0,0.0,0.0,0.0,0.0,0.0,0.0,0.0,0.0,0.0,0.0,0,0,0.0,0.00%,0.0,0.0,,
Fal River Links,Active,2025-08-13 15:41:09.508016+00:00,2025-08-13 15:32:53.860323+00:00,2025-08-13 15:32:53.957483+00:00,2025-08-19 10:34:52.485850+00:00,UNKNOWN,10567,,0,0.0,0.0,0.0,0.0,0.0,0.0,0.0,0.0,0.0,0.0,0.0,0.0,0.0,0,0,0.0,0.00%,0.0,0.0,,
Kempsford Transport UK Ltd,Active,2021-10-11 11:36:40+00:00,2025-08-20 14:30:42.522284+00:00,,2026-07-09 06:16:37.342106+00:00,TRUE,KEMT,PH2077104,1,0.0,0.0,0.0,0.0,0.0,0.0,0.0,0.0,0.0,0.0,0.0,0.0,0.0,2,1,0.0,0.00%,0.0,0.0,66.0,https://publish.bus-data.dft.gov.uk/org/1169/dataset/ppc-archive/
Boultons of Shropshire Ltd,Active,2021-10-11 11:36:40+00:00,2025-09-03 14:14:27.277764+00:00,2025-09-03 14:14:27.379919+00:00,2026-07-09 06:16:37.342106+00:00,UNKNOWN,BLTS,PD1036769,1,0.0,0.0,0.0,0.0,0.0,0.0,0.0,0.0,0.0,0.0,0.0,0.0,0.0,1,1,0.0,0.00%,0.0,0.0,,
Kainos,Active,2020-11-09 08:39:11+00:00,2025-09-15 11:08:36.813732+00:00,2025-09-15 11:08:36.912271+00:00,2026-07-10 14:04:25.519667+00:00,TRUE,KAINOS,PD0000123,1,0.0,0.0,0.0,0.0,0.0,0.0,0.0,0.0,0.0,0.0,0.0,0.0,0.0,0,0,0.0,0.00%,0.0,0.0,,
Zero2 Bus Museum Ltd,Active,2025-09-23 16:01:43.459148+00:00,2025-09-23 15:48:49.690201+00:00,2025-09-23 15:48:49.787552+00:00,2026-06-04 10:11:13.700929+00:00,UNKNOWN,ZERO,PF2068670,1,0.0,1.0,0.0,1.0,1.0,1.0,100.00%,0.0,0.0,0.0,0.0,0.0,1.0,1,1,1.0,100.00%,1.0,1.0,,
KP CABS Cornwall Ltd,Active,2020-11-19 15:27:00+00:00,2025-09-29 09:20:40.923091+00:00,2025-09-29 09:20:41.014951+00:00,2026-07-03 06:42:49.422132+00:00,UNKNOWN,KPCA,PH1116094,1,0.0,1.0,0.0,1.0,1.0,1.0,100.00%,0.0,0.0,0.0,0.0,1.0,0.0,1,1,1.0,100.00%,1.0,1.0,,
Konect Bus Limited,Pending invite,,2025-10-14 13:48:14.326471+00:00,2025-10-14 13:50:16.482807+00:00,,FALSE,N///A,,0,0.0,0.0,0.0,0.0,0.0,0.0,0.0,0.0,0.0,0.0,0.0,0.0,0.0,0,0,0.0,0.00%,0.0,0.0,,
CPT,Inactive,2022-05-03 14:17:58+00:00,2025-10-28 11:22:12.848243+00:00,,2026-01-13 14:56:50.971088+00:00,UNKNOWN,CPT,,0,0.0,0.0,0.0,0.0,0.0,0.0,0.0,0.0,0.0,0.0,0.0,0.0,0.0,0,0,0.0,0.00%,0.0,0.0,,
Faversham Town Council,Active,2026-02-02 16:02:12.651221+00:00,2026-02-02 15:57:50.116779+00:00,2026-02-02 15:59:23.366686+00:00,2026-02-19 14:19:23.952356+00:00,FALSE,FVTC,,0,0.0,0.0,0.0,0.0,0.0,0.0,0.0,0.0,0.0,0.0,0.0,0.0,0.0,1,0,0.0,0.00%,0.0,0.0,,
Ivel Sprinter,Active,2026-02-10 22:05:00.564731+00:00,2026-02-10 13:30:56.415923+00:00,2026-02-10 13:31:11.893017+00:00,2026-07-08 16:11:28.070082+00:00,TRUE,IVEL,PF0000931,1,0.0,0.0,0.0,0.0,0.0,0.0,0.0,0.0,0.0,0.0,0.0,0.0,0.0,0,0,0.0,0.00%,0.0,0.0,,
J S Perry & Son (Perry’s Coaches),Active,2026-03-19 11:59:56.737131+00:00,2026-03-19 11:17:07.053391+00:00,2026-03-19 11:17:07.159927+00:00,2026-03-19 11:59:56.930375+00:00,UNKNOWN,JSPY,,0,0.0,0.0,0.0,0.0,0.0,0.0,0.0,0.0,0.0,0.0,0.0,0.0,0.0,0,0,0.0,0.00%,0.0,0.0,,
Whincop of Peasenhall,Active,2026-04-02 16:50:22.882558+00:00,2026-04-02 16:35:41.435877+00:00,2026-04-02 16:36:00.142795+00:00,2026-04-07 16:48:39.400153+00:00,UNKNOWN,WHCO,PF0001406,1,0.0,2.0,0.0,2.0,0.0,0.0,0.0,2.0,0.0,0.0,0.0,0.0,0.0,0,0,0.0,0.00%,0.0,0.0,,
Buckinghamshire County Council,Active,2026-04-09 14:42:46+00:00,2026-04-10 14:28:02.362962+00:00,2026-04-24 09:40:33.334884+00:00,2026-04-24 11:08:25.028960+00:00,UNKNOWN,BucksLTA,,0,0.0,0.0,0.0,0.0,0.0,0.0,0.0,0.0,0.0,0.0,0.0,0.0,0.0,0,0,0.0,0.00%,0.0,0.0,,
York & North Yorkshire Combined Authority (UILTA),Active,2026-04-14 14:47:33.497321+00:00,2026-04-14 13:02:56.065143+00:00,2026-04-14 14:31:17.939628+00:00,2026-07-03 10:04:06.864627+00:00,FALSE,YNYCALTA,,0,0.0,0.0,0.0,0.0,0.0,0.0,0.0,0.0,0.0,0.0,0.0,0.0,0.0,0,0,0.0,0.00%,0.0,0.0,,
Northumberland Travel,Active,2026-04-22 15:50:22.552598+00:00,2026-04-22 15:49:07.151189+00:00,2026-04-22 15:49:25.488959+00:00,2026-06-30 13:17:26.997594+00:00,TRUE,NOTL,PB2073116,1,0.0,1.0,0.0,1.0,0.0,0.0,0.0,0.0,0.0,0.0,0.0,0.0,0.0,0,1,1.0,100.00%,1.0,1.0,0.0,https://publish.bus-data.dft.gov.uk/org/1182/dataset/ppc-archive/
P & O Lloyd LTD,Pending invite,,2026-05-07 09:17:32.432203+00:00,2026-05-19 09:32:00.165949+00:00,,UNKNOWN,PAOL,PG1059685,1,0.0,17.0,0.0,17.0,0.0,0.0,0.0,0.0,0.0,0.0,0.0,0.0,0.0,0,0,0.0,0.00%,0.0,0.0,,
SMT Bus and Coach Ltd,Active,2021-10-11 11:36:40+00:00,2026-05-27 09:42:25.277694+00:00,2026-05-27 09:42:25.414996+00:00,2026-07-09 06:16:37.342106+00:00,TRUE,SMTS,PB2085973,1,0.0,0.0,0.0,0.0,0.0,0.0,0.0,0.0,0.0,0.0,0.0,0.0,0.0,1,1,1.0,100.00%,1.0,1.0,,
ACTICA,Active,2026-05-18 08:25:00+00:00,2026-06-10 15:21:27.280217+00:00,2026-06-10 15:21:49.156689+00:00,2026-07-09 12:10:14.908243+00:00,UNKNOWN,ACTICA,,0,0.0,0.0,0.0,0.0,0.0,0.0,0.0,0.0,0.0,0.0,0.0,0.0,0.0,0,0,0.0,0.00%,0.0,0.0,,
ALBATROSS BUS & COACHES LTD,Active,2021-10-11 11:36:40+00:00,2026-06-18 08:12:47.665188+00:00,2026-06-18 08:12:47.763314+00:00,2026-07-09 06:16:37.342106+00:00,UNKNOWN,ATBC,PC2083149,1,0.0,1.0,0.0,1.0,1.0,1.0,100.00%,0.0,0.0,0.0,0.0,0.0,0.0,1,1,1.0,100.00%,1.0,1.0,100.0,https://publish.bus-data.dft.gov.uk/org/1186/dataset/ppc-archive/
Cityswift,Active,2026-06-24 08:02:07.608417+00:00,2026-06-24 06:41:22.850697+00:00,2026-06-24 06:55:49.233269+00:00,2026-06-24 14:05:39.349992+00:00,UNKNOWN,CITYSWIFT,,0,0.0,0.0,0.0,0.0,0.0,0.0,0.0,0.0,0.0,0.0,0.0,0.0,0.0,0,0,0.0,0.00%,0.0,0.0,,
