============================================================
BODS AVL collector — feed 709 (Arriva North West)
Out dir     : /Users/suhritsatyal/Desktop/softwarica_bachelors/SEM4/BIG_DATA/coursework/datasets/location/snapshots
Interval    : 30s
Target rows : 100,000
Max hours   : 16.0
Already have: 109 files, ~6,269 VehicleActivity rows
Stops when target OR time limit hit. Ctrl+C to stop early.
============================================================
[20260714_160346] +71 activities | files=110 | total_rows≈6,340 | elapsed=0.00h → avl_709_20260714_160346.xml
[20260714_160417] +71 activities | files=111 | total_rows≈6,411 | elapsed=0.01h → avl_709_20260714_160417.xml
[20260714_160448] +71 activities | files=112 | total_rows≈6,482 | elapsed=0.02h → avl_709_20260714_160448.xml
[20260714_160519] +71 activities | files=113 | total_rows≈6,553 | elapsed=0.03h → avl_709_20260714_160519.xml
[20260714_160550] +71 activities | files=114 | total_rows≈6,624 | elapsed=0.03h → avl_709_20260714_160550.xml
[20260714_160621] +71 activities | files=115 | total_rows≈6,695 | elapsed=0.04h → avl_709_20260714_160621.xml
[20260714_160652] +71 activities | files=116 | total_rows≈6,766 | elapsed=0.05h → avl_709_20260714_160652.xml
[20260714_160723] +71 activities | files=117 | total_rows≈6,837 | elapsed=0.06h → avl_709_20260714_160723.xml
[20260714_160754] +71 activities | files=118 | total_rows≈6,908 | elapsed=0.07h → avl_709_20260714_160754.xml
[20260714_160826] +71 activities | files=119 | total_rows≈6,979 | elapsed=0.08h → avl_709_20260714_160826.xml
[20260714_160857] +71 activities | files=120 | total_rows≈7,050 | elapsed=0.09h → avl_709_20260714_160857.xml
[20260714_160928] +71 activities | files=121 | total_rows≈7,121 | elapsed=0.10h → avl_709_20260714_160928.xml
[20260714_160959] +71 activities | files=122 | total_rows≈7,192 | elapsed=0.10h → avl_709_20260714_160959.xml
[20260714_161030] +71 activities | files=123 | total_rows≈7,263 | elapsed=0.11h → avl_709_20260714_161030.xml
[20260714_161101] +71 activities | files=124 | total_rows≈7,334 | elapsed=0.12h → avl_709_20260714_161101.xml
[20260714_161132] +71 activities | files=125 | total_rows≈7,405 | elapsed=0.13h → avl_709_20260714_161132.xml
[20260714_161203] +71 activities | files=126 | total_rows≈7,476 | elapsed=0.14h → avl_709_20260714_161203.xml
[20260714_161234] +71 activities | files=127 | total_rows≈7,547 | elapsed=0.15h → avl_709_20260714_161234.xml
[20260714_161306] +71 activities | files=128 | total_rows≈7,618 | elapsed=0.16h → avl_709_20260714_161306.xml
[20260714_161337] +71 activities | files=129 | total_rows≈7,689 | elapsed=0.16h → avl_709_20260714_161337.xml
[20260714_161408] +71 activities | files=130 | total_rows≈7,760 | elapsed=0.17h → avl_709_20260714_161408.xml
[20260714_161439] +71 activities | files=131 | total_rows≈7,831 | elapsed=0.18h → avl_709_20260714_161439.xml
[20260714_161510] +71 activities | files=132 | total_rows≈7,902 | elapsed=0.19h → avl_709_20260714_161510.xml
[20260714_161541] +71 activities | files=133 | total_rows≈7,973 | elapsed=0.20h → avl_709_20260714_161541.xml
[20260714_161613] ERROR: <urlopen error [Errno 8] nodename nor servname provided, or not known> (errors=1)
[20260714_161718] ERROR: <urlopen error [Errno 8] nodename nor servname provided, or not known> (errors=2)
[20260714_161818] +71 activities | files=134 | total_rows≈8,044 | elapsed=0.24h → avl_709_20260714_161818.xml
[20260714_161850] +71 activities | files=135 | total_rows≈8,115 | elapsed=0.25h → avl_709_20260714_161850.xml
[20260714_161921] +71 activities | files=136 | total_rows≈8,186 | elapsed=0.26h → avl_709_20260714_161921.xml
[20260714_161953] +71 activities | files=137 | total_rows≈8,257 | elapsed=0.27h → avl_709_20260714_161953.xml
[20260714_162024] +71 activities | files=138 | total_rows≈8,328 | elapsed=0.28h → avl_709_20260714_162024.xml
[20260714_162055] +71 activities | files=139 | total_rows≈8,399 | elapsed=0.29h → avl_709_20260714_162055.xml
[20260714_162126] +71 activities | files=140 | total_rows≈8,470 | elapsed=0.29h → avl_709_20260714_162126.xml
[20260714_162158] +71 activities | files=141 | total_rows≈8,541 | elapsed=0.30h → avl_709_20260714_162158.xml
[20260714_162229] +72 activities | files=142 | total_rows≈8,613 | elapsed=0.31h → avl_709_20260714_162229.xml
[20260714_162300] +72 activities | files=143 | total_rows≈8,685 | elapsed=0.32h → avl_709_20260714_162300.xml
[20260714_162331] +72 activities | files=144 | total_rows≈8,757 | elapsed=0.33h → avl_709_20260714_162331.xml
[20260714_162402] +72 activities | files=145 | total_rows≈8,829 | elapsed=0.34h → avl_709_20260714_162402.xml
[20260714_162433] +72 activities | files=146 | total_rows≈8,901 | elapsed=0.35h → avl_709_20260714_162433.xml
[20260714_162505] +72 activities | files=147 | total_rows≈8,973 | elapsed=0.36h → avl_709_20260714_162505.xml
[20260714_162536] +72 activities | files=148 | total_rows≈9,045 | elapsed=0.36h → avl_709_20260714_162536.xml
[20260714_162607] +72 activities | files=149 | total_rows≈9,117 | elapsed=0.37h → avl_709_20260714_162607.xml
[20260714_162639] +72 activities | files=150 | total_rows≈9,189 | elapsed=0.38h → avl_709_20260714_162639.xml
[20260714_162711] +72 activities | files=151 | total_rows≈9,261 | elapsed=0.39h → avl_709_20260714_162711.xml
[20260714_162742] +72 activities | files=152 | total_rows≈9,333 | elapsed=0.40h → avl_709_20260714_162742.xml
[20260714_162814] +72 activities | files=153 | total_rows≈9,405 | elapsed=0.41h → avl_709_20260714_162814.xml
[20260714_162845] +72 activities | files=154 | total_rows≈9,477 | elapsed=0.42h → avl_709_20260714_162845.xml
[20260714_162917] +72 activities | files=155 | total_rows≈9,549 | elapsed=0.43h → avl_709_20260714_162917.xml
[20260714_162948] +72 activities | files=156 | total_rows≈9,621 | elapsed=0.43h → avl_709_20260714_162948.xml
[20260714_163018] +72 activities | files=157 | total_rows≈9,693 | elapsed=0.44h → avl_709_20260714_163018.xml
[20260714_163049] +73 activities | files=158 | total_rows≈9,766 | elapsed=0.45h → avl_709_20260714_163049.xml
[20260714_163121] +73 activities | files=159 | total_rows≈9,839 | elapsed=0.46h → avl_709_20260714_163121.xml
[20260714_163152] +73 activities | files=160 | total_rows≈9,912 | elapsed=0.47h → avl_709_20260714_163152.xml
[20260714_163223] +73 activities | files=161 | total_rows≈9,985 | elapsed=0.48h → avl_709_20260714_163223.xml
[20260714_163256] +73 activities | files=162 | total_rows≈10,058 | elapsed=0.49h → avl_709_20260714_163256.xml
[20260714_163327] +74 activities | files=163 | total_rows≈10,132 | elapsed=0.49h → avl_709_20260714_163327.xml
[20260714_163358] +74 activities | files=164 | total_rows≈10,206 | elapsed=0.50h → avl_709_20260714_163358.xml
[20260714_163430] +74 activities | files=165 | total_rows≈10,280 | elapsed=0.51h → avl_709_20260714_163430.xml
[20260714_163501] +74 activities | files=166 | total_rows≈10,354 | elapsed=0.52h → avl_709_20260714_163501.xml
[20260714_163532] +74 activities | files=167 | total_rows≈10,428 | elapsed=0.53h → avl_709_20260714_163532.xml
[20260714_163603] +74 activities | files=168 | total_rows≈10,502 | elapsed=0.54h → avl_709_20260714_163603.xml
[20260714_163634] +74 activities | files=169 | total_rows≈10,576 | elapsed=0.55h → avl_709_20260714_163634.xml
[20260714_163705] +74 activities | files=170 | total_rows≈10,650 | elapsed=0.56h → avl_709_20260714_163705.xml
[20260714_163736] +74 activities | files=171 | total_rows≈10,724 | elapsed=0.56h → avl_709_20260714_163736.xml
[20260714_163807] +74 activities | files=172 | total_rows≈10,798 | elapsed=0.57h → avl_709_20260714_163807.xml
[20260714_163838] +74 activities | files=173 | total_rows≈10,872 | elapsed=0.58h → avl_709_20260714_163838.xml
[20260714_163909] +74 activities | files=174 | total_rows≈10,946 | elapsed=0.59h → avl_709_20260714_163909.xml
[20260714_163940] +74 activities | files=175 | total_rows≈11,020 | elapsed=0.60h → avl_709_20260714_163940.xml
[20260714_164011] +74 activities | files=176 | total_rows≈11,094 | elapsed=0.61h → avl_709_20260714_164011.xml
[20260714_164042] +74 activities | files=177 | total_rows≈11,168 | elapsed=0.62h → avl_709_20260714_164042.xml
[20260714_164114] +74 activities | files=178 | total_rows≈11,242 | elapsed=0.62h → avl_709_20260714_164114.xml
[20260714_164145] +74 activities | files=179 | total_rows≈11,316 | elapsed=0.63h → avl_709_20260714_164145.xml
[20260714_164216] +74 activities | files=180 | total_rows≈11,390 | elapsed=0.64h → avl_709_20260714_164216.xml
[20260714_164247] +74 activities | files=181 | total_rows≈11,464 | elapsed=0.65h → avl_709_20260714_164247.xml
[20260714_164318] +74 activities | files=182 | total_rows≈11,538 | elapsed=0.66h → avl_709_20260714_164318.xml
[20260714_164349] +74 activities | files=183 | total_rows≈11,612 | elapsed=0.67h → avl_709_20260714_164349.xml
[20260714_164420] +74 activities | files=184 | total_rows≈11,686 | elapsed=0.68h → avl_709_20260714_164420.xml
[20260714_164451] +74 activities | files=185 | total_rows≈11,760 | elapsed=0.68h → avl_709_20260714_164451.xml
[20260714_164522] +74 activities | files=186 | total_rows≈11,834 | elapsed=0.69h → avl_709_20260714_164522.xml
[20260714_164553] +74 activities | files=187 | total_rows≈11,908 | elapsed=0.70h → avl_709_20260714_164553.xml
[20260714_164624] +74 activities | files=188 | total_rows≈11,982 | elapsed=0.71h → avl_709_20260714_164624.xml
[20260714_164655] +74 activities | files=189 | total_rows≈12,056 | elapsed=0.72h → avl_709_20260714_164655.xml
[20260714_164726] +74 activities | files=190 | total_rows≈12,130 | elapsed=0.73h → avl_709_20260714_164726.xml
[20260714_164757] +74 activities | files=191 | total_rows≈12,204 | elapsed=0.74h → avl_709_20260714_164757.xml
[20260714_164828] +74 activities | files=192 | total_rows≈12,278 | elapsed=0.75h → avl_709_20260714_164828.xml
[20260714_164859] +74 activities | files=193 | total_rows≈12,352 | elapsed=0.75h → avl_709_20260714_164859.xml
[20260714_164930] +74 activities | files=194 | total_rows≈12,426 | elapsed=0.76h → avl_709_20260714_164930.xml
[20260714_165001] +74 activities | files=195 | total_rows≈12,500 | elapsed=0.77h → avl_709_20260714_165001.xml
[20260714_165032] +74 activities | files=196 | total_rows≈12,574 | elapsed=0.78h → avl_709_20260714_165032.xml
[20260714_165103] +74 activities | files=197 | total_rows≈12,648 | elapsed=0.79h → avl_709_20260714_165103.xml
[20260714_165134] +74 activities | files=198 | total_rows≈12,722 | elapsed=0.80h → avl_709_20260714_165134.xml
[20260714_165205] +74 activities | files=199 | total_rows≈12,796 | elapsed=0.81h → avl_709_20260714_165205.xml
[20260714_165236] +74 activities | files=200 | total_rows≈12,870 | elapsed=0.81h → avl_709_20260714_165236.xml
[20260714_165307] +74 activities | files=201 | total_rows≈12,944 | elapsed=0.82h → avl_709_20260714_165307.xml
[20260714_165339] +74 activities | files=202 | total_rows≈13,018 | elapsed=0.83h → avl_709_20260714_165339.xml
[20260714_165410] +74 activities | files=203 | total_rows≈13,092 | elapsed=0.84h → avl_709_20260714_165410.xml
[20260714_165442] +74 activities | files=204 | total_rows≈13,166 | elapsed=0.85h → avl_709_20260714_165442.xml
[20260714_165513] +74 activities | files=205 | total_rows≈13,240 | elapsed=0.86h → avl_709_20260714_165513.xml
[20260714_165544] +74 activities | files=206 | total_rows≈13,314 | elapsed=0.87h → avl_709_20260714_165544.xml
[20260714_165615] +74 activities | files=207 | total_rows≈13,388 | elapsed=0.87h → avl_709_20260714_165615.xml
[20260714_165646] +74 activities | files=208 | total_rows≈13,462 | elapsed=0.88h → avl_709_20260714_165646.xml
[20260714_165717] +74 activities | files=209 | total_rows≈13,536 | elapsed=0.89h → avl_709_20260714_165717.xml
[20260714_165749] +74 activities | files=210 | total_rows≈13,610 | elapsed=0.90h → avl_709_20260714_165749.xml
[20260714_165820] +74 activities | files=211 | total_rows≈13,684 | elapsed=0.91h → avl_709_20260714_165820.xml
[20260714_165851] +74 activities | files=212 | total_rows≈13,758 | elapsed=0.92h → avl_709_20260714_165851.xml
[20260714_165922] +74 activities | files=213 | total_rows≈13,832 | elapsed=0.93h → avl_709_20260714_165922.xml
[20260714_165954] +74 activities | files=214 | total_rows≈13,906 | elapsed=0.94h → avl_709_20260714_165954.xml
[20260714_170025] +74 activities | files=215 | total_rows≈13,980 | elapsed=0.94h → avl_709_20260714_170025.xml
[20260714_170056] +74 activities | files=216 | total_rows≈14,054 | elapsed=0.95h → avl_709_20260714_170056.xml
[20260714_170128] +74 activities | files=217 | total_rows≈14,128 | elapsed=0.96h → avl_709_20260714_170128.xml
[20260714_170159] +74 activities | files=218 | total_rows≈14,202 | elapsed=0.97h → avl_709_20260714_170159.xml
[20260714_170230] +74 activities | files=219 | total_rows≈14,276 | elapsed=0.98h → avl_709_20260714_170230.xml
[20260714_170301] +74 activities | files=220 | total_rows≈14,350 | elapsed=0.99h → avl_709_20260714_170301.xml
[20260714_170332] +74 activities | files=221 | total_rows≈14,424 | elapsed=1.00h → avl_709_20260714_170332.xml
[20260714_170403] +74 activities | files=222 | total_rows≈14,498 | elapsed=1.00h → avl_709_20260714_170403.xml
[20260714_170434] +74 activities | files=223 | total_rows≈14,572 | elapsed=1.01h → avl_709_20260714_170434.xml
[20260714_170505] +74 activities | files=224 | total_rows≈14,646 | elapsed=1.02h → avl_709_20260714_170505.xml
[20260714_170537] +74 activities | files=225 | total_rows≈14,720 | elapsed=1.03h → avl_709_20260714_170537.xml
[20260714_170608] +74 activities | files=226 | total_rows≈14,794 | elapsed=1.04h → avl_709_20260714_170608.xml
[20260714_170639] +74 activities | files=227 | total_rows≈14,868 | elapsed=1.05h → avl_709_20260714_170639.xml
[20260714_170710] +74 activities | files=228 | total_rows≈14,942 | elapsed=1.06h → avl_709_20260714_170710.xml
[20260714_170741] +74 activities | files=229 | total_rows≈15,016 | elapsed=1.07h → avl_709_20260714_170741.xml
[20260714_170812] +74 activities | files=230 | total_rows≈15,090 | elapsed=1.07h → avl_709_20260714_170812.xml
[20260714_170844] +74 activities | files=231 | total_rows≈15,164 | elapsed=1.08h → avl_709_20260714_170844.xml
[20260714_170915] +74 activities | files=232 | total_rows≈15,238 | elapsed=1.09h → avl_709_20260714_170915.xml
[20260714_170946] +74 activities | files=233 | total_rows≈15,312 | elapsed=1.10h → avl_709_20260714_170946.xml
[20260714_171017] +74 activities | files=234 | total_rows≈15,386 | elapsed=1.11h → avl_709_20260714_171017.xml
[20260714_171048] +74 activities | files=235 | total_rows≈15,460 | elapsed=1.12h → avl_709_20260714_171048.xml
[20260714_171120] +74 activities | files=236 | total_rows≈15,534 | elapsed=1.13h → avl_709_20260714_171120.xml
[20260714_171152] +74 activities | files=237 | total_rows≈15,608 | elapsed=1.14h → avl_709_20260714_171152.xml
[20260714_171223] +74 activities | files=238 | total_rows≈15,682 | elapsed=1.14h → avl_709_20260714_171223.xml
[20260714_171254] +74 activities | files=239 | total_rows≈15,756 | elapsed=1.15h → avl_709_20260714_171254.xml
[20260714_171327] +74 activities | files=240 | total_rows≈15,830 | elapsed=1.16h → avl_709_20260714_171327.xml
[20260714_171358] +74 activities | files=241 | total_rows≈15,904 | elapsed=1.17h → avl_709_20260714_171358.xml
[20260714_171429] +74 activities | files=242 | total_rows≈15,978 | elapsed=1.18h → avl_709_20260714_171429.xml
[20260714_171500] +74 activities | files=243 | total_rows≈16,052 | elapsed=1.19h → avl_709_20260714_171500.xml
[20260714_171531] +74 activities | files=244 | total_rows≈16,126 | elapsed=1.20h → avl_709_20260714_171531.xml
[20260714_171602] +74 activities | files=245 | total_rows≈16,200 | elapsed=1.20h → avl_709_20260714_171602.xml
[20260714_171633] +74 activities | files=246 | total_rows≈16,274 | elapsed=1.21h → avl_709_20260714_171633.xml
[20260714_171704] +74 activities | files=247 | total_rows≈16,348 | elapsed=1.22h → avl_709_20260714_171704.xml
[20260714_171735] +74 activities | files=248 | total_rows≈16,422 | elapsed=1.23h → avl_709_20260714_171735.xml
[20260714_171809] +74 activities | files=249 | total_rows≈16,496 | elapsed=1.24h → avl_709_20260714_171809.xml
[20260714_171840] +74 activities | files=250 | total_rows≈16,570 | elapsed=1.25h → avl_709_20260714_171840.xml
[20260714_171910] +74 activities | files=251 | total_rows≈16,644 | elapsed=1.26h → avl_709_20260714_171910.xml
[20260714_171942] +74 activities | files=252 | total_rows≈16,718 | elapsed=1.27h → avl_709_20260714_171942.xml
[20260714_172013] +74 activities | files=253 | total_rows≈16,792 | elapsed=1.27h → avl_709_20260714_172013.xml
[20260714_172044] +74 activities | files=254 | total_rows≈16,866 | elapsed=1.28h → avl_709_20260714_172044.xml
[20260714_172116] +74 activities | files=255 | total_rows≈16,940 | elapsed=1.29h → avl_709_20260714_172116.xml
[20260714_172147] +74 activities | files=256 | total_rows≈17,014 | elapsed=1.30h → avl_709_20260714_172147.xml
[20260714_172218] +74 activities | files=257 | total_rows≈17,088 | elapsed=1.31h → avl_709_20260714_172218.xml
[20260714_172249] +74 activities | files=258 | total_rows≈17,162 | elapsed=1.32h → avl_709_20260714_172249.xml
[20260714_172320] +74 activities | files=259 | total_rows≈17,236 | elapsed=1.33h → avl_709_20260714_172320.xml
[20260714_172351] +74 activities | files=260 | total_rows≈17,310 | elapsed=1.33h → avl_709_20260714_172351.xml
[20260714_172423] +74 activities | files=261 | total_rows≈17,384 | elapsed=1.34h → avl_709_20260714_172423.xml
[20260714_172454] +74 activities | files=262 | total_rows≈17,458 | elapsed=1.35h → avl_709_20260714_172454.xml
[20260714_172525] +74 activities | files=263 | total_rows≈17,532 | elapsed=1.36h → avl_709_20260714_172525.xml
[20260714_172556] +74 activities | files=264 | total_rows≈17,606 | elapsed=1.37h → avl_709_20260714_172556.xml
[20260714_172627] +74 activities | files=265 | total_rows≈17,680 | elapsed=1.38h → avl_709_20260714_172627.xml
[20260714_172658] +74 activities | files=266 | total_rows≈17,754 | elapsed=1.39h → avl_709_20260714_172658.xml
[20260714_172729] +74 activities | files=267 | total_rows≈17,828 | elapsed=1.40h → avl_709_20260714_172729.xml
[20260714_172800] +74 activities | files=268 | total_rows≈17,902 | elapsed=1.40h → avl_709_20260714_172800.xml
[20260714_172831] +74 activities | files=269 | total_rows≈17,976 | elapsed=1.41h → avl_709_20260714_172831.xml
[20260714_172902] +74 activities | files=270 | total_rows≈18,050 | elapsed=1.42h → avl_709_20260714_172902.xml
[20260714_172933] +74 activities | files=271 | total_rows≈18,124 | elapsed=1.43h → avl_709_20260714_172933.xml
[20260714_173004] +74 activities | files=272 | total_rows≈18,198 | elapsed=1.44h → avl_709_20260714_173004.xml
[20260714_173036] +74 activities | files=273 | total_rows≈18,272 | elapsed=1.45h → avl_709_20260714_173036.xml
[20260714_173107] +74 activities | files=274 | total_rows≈18,346 | elapsed=1.46h → avl_709_20260714_173107.xml
[20260714_173138] +74 activities | files=275 | total_rows≈18,420 | elapsed=1.46h → avl_709_20260714_173138.xml
[20260714_173209] +74 activities | files=276 | total_rows≈18,494 | elapsed=1.47h → avl_709_20260714_173209.xml
[20260714_173240] +74 activities | files=277 | total_rows≈18,568 | elapsed=1.48h → avl_709_20260714_173240.xml
[20260714_173311] +74 activities | files=278 | total_rows≈18,642 | elapsed=1.49h → avl_709_20260714_173311.xml
[20260714_173342] +74 activities | files=279 | total_rows≈18,716 | elapsed=1.50h → avl_709_20260714_173342.xml
[20260714_173414] +74 activities | files=280 | total_rows≈18,790 | elapsed=1.51h → avl_709_20260714_173414.xml
[20260714_173445] +74 activities | files=281 | total_rows≈18,864 | elapsed=1.52h → avl_709_20260714_173445.xml
[20260714_173516] +74 activities | files=282 | total_rows≈18,938 | elapsed=1.53h → avl_709_20260714_173516.xml
[20260714_173547] +74 activities | files=283 | total_rows≈19,012 | elapsed=1.53h → avl_709_20260714_173547.xml
[20260714_173618] +74 activities | files=284 | total_rows≈19,086 | elapsed=1.54h → avl_709_20260714_173618.xml
[20260714_173649] +74 activities | files=285 | total_rows≈19,160 | elapsed=1.55h → avl_709_20260714_173649.xml
[20260714_173720] +74 activities | files=286 | total_rows≈19,234 | elapsed=1.56h → avl_709_20260714_173720.xml
[20260714_173751] +74 activities | files=287 | total_rows≈19,308 | elapsed=1.57h → avl_709_20260714_173751.xml
[20260714_173822] +74 activities | files=288 | total_rows≈19,382 | elapsed=1.58h → avl_709_20260714_173822.xml
[20260714_173853] +74 activities | files=289 | total_rows≈19,456 | elapsed=1.59h → avl_709_20260714_173853.xml
[20260714_173924] +74 activities | files=290 | total_rows≈19,530 | elapsed=1.59h → avl_709_20260714_173924.xml
[20260714_173956] +74 activities | files=291 | total_rows≈19,604 | elapsed=1.60h → avl_709_20260714_173956.xml
[20260714_174027] +74 activities | files=292 | total_rows≈19,678 | elapsed=1.61h → avl_709_20260714_174027.xml
[20260714_174058] +74 activities | files=293 | total_rows≈19,752 | elapsed=1.62h → avl_709_20260714_174058.xml
[20260714_174129] +74 activities | files=294 | total_rows≈19,826 | elapsed=1.63h → avl_709_20260714_174129.xml
[20260714_174200] +74 activities | files=295 | total_rows≈19,900 | elapsed=1.64h → avl_709_20260714_174200.xml
[20260714_174231] +74 activities | files=296 | total_rows≈19,974 | elapsed=1.65h → avl_709_20260714_174231.xml
[20260714_174302] +74 activities | files=297 | total_rows≈20,048 | elapsed=1.65h → avl_709_20260714_174302.xml
[20260714_174333] +74 activities | files=298 | total_rows≈20,122 | elapsed=1.66h → avl_709_20260714_174333.xml
[20260714_174404] +74 activities | files=299 | total_rows≈20,196 | elapsed=1.67h → avl_709_20260714_174404.xml
[20260714_174436] +74 activities | files=300 | total_rows≈20,270 | elapsed=1.68h → avl_709_20260714_174436.xml
[20260714_174507] +74 activities | files=301 | total_rows≈20,344 | elapsed=1.69h → avl_709_20260714_174507.xml
[20260714_174538] +74 activities | files=302 | total_rows≈20,418 | elapsed=1.70h → avl_709_20260714_174538.xml
[20260714_174609] +74 activities | files=303 | total_rows≈20,492 | elapsed=1.71h → avl_709_20260714_174609.xml
[20260714_174640] +74 activities | files=304 | total_rows≈20,566 | elapsed=1.72h → avl_709_20260714_174640.xml
[20260714_174711] +74 activities | files=305 | total_rows≈20,640 | elapsed=1.72h → avl_709_20260714_174711.xml
[20260714_174744] +74 activities | files=306 | total_rows≈20,714 | elapsed=1.73h → avl_709_20260714_174744.xml
[20260714_174815] +74 activities | files=307 | total_rows≈20,788 | elapsed=1.74h → avl_709_20260714_174815.xml
[20260714_174846] +74 activities | files=308 | total_rows≈20,862 | elapsed=1.75h → avl_709_20260714_174846.xml
[20260714_174918] +74 activities | files=309 | total_rows≈20,936 | elapsed=1.76h → avl_709_20260714_174918.xml
[20260714_174949] +74 activities | files=310 | total_rows≈21,010 | elapsed=1.77h → avl_709_20260714_174949.xml
[20260714_175020] +74 activities | files=311 | total_rows≈21,084 | elapsed=1.78h → avl_709_20260714_175020.xml
[20260714_175051] +74 activities | files=312 | total_rows≈21,158 | elapsed=1.78h → avl_709_20260714_175051.xml
[20260714_175122] +74 activities | files=313 | total_rows≈21,232 | elapsed=1.79h → avl_709_20260714_175122.xml
[20260714_175153] +74 activities | files=314 | total_rows≈21,306 | elapsed=1.80h → avl_709_20260714_175153.xml
[20260714_175227] +74 activities | files=315 | total_rows≈21,380 | elapsed=1.81h → avl_709_20260714_175227.xml
[20260714_175258] +74 activities | files=316 | total_rows≈21,454 | elapsed=1.82h → avl_709_20260714_175258.xml
[20260714_175329] +74 activities | files=317 | total_rows≈21,528 | elapsed=1.83h → avl_709_20260714_175329.xml
[20260714_175400] +74 activities | files=318 | total_rows≈21,602 | elapsed=1.84h → avl_709_20260714_175400.xml
[20260714_175431] +74 activities | files=319 | total_rows≈21,676 | elapsed=1.85h → avl_709_20260714_175431.xml
[20260714_175502] +74 activities | files=320 | total_rows≈21,750 | elapsed=1.85h → avl_709_20260714_175502.xml
[20260714_175533] +74 activities | files=321 | total_rows≈21,824 | elapsed=1.86h → avl_709_20260714_175533.xml
[20260714_175604] +74 activities | files=322 | total_rows≈21,898 | elapsed=1.87h → avl_709_20260714_175604.xml
[20260714_175635] +74 activities | files=323 | total_rows≈21,972 | elapsed=1.88h → avl_709_20260714_175635.xml
[20260714_175707] +74 activities | files=324 | total_rows≈22,046 | elapsed=1.89h → avl_709_20260714_175707.xml
[20260714_175738] +74 activities | files=325 | total_rows≈22,120 | elapsed=1.90h → avl_709_20260714_175738.xml
[20260714_175809] +74 activities | files=326 | total_rows≈22,194 | elapsed=1.91h → avl_709_20260714_175809.xml
[20260714_175840] +74 activities | files=327 | total_rows≈22,268 | elapsed=1.92h → avl_709_20260714_175840.xml
[20260714_175911] +74 activities | files=328 | total_rows≈22,342 | elapsed=1.92h → avl_709_20260714_175911.xml
[20260714_175942] +74 activities | files=329 | total_rows≈22,416 | elapsed=1.93h → avl_709_20260714_175942.xml
[20260714_180013] +74 activities | files=330 | total_rows≈22,490 | elapsed=1.94h → avl_709_20260714_180013.xml
[20260714_180044] +74 activities | files=331 | total_rows≈22,564 | elapsed=1.95h → avl_709_20260714_180044.xml
[20260714_180115] +74 activities | files=332 | total_rows≈22,638 | elapsed=1.96h → avl_709_20260714_180115.xml
[20260714_180147] +74 activities | files=333 | total_rows≈22,712 | elapsed=1.97h → avl_709_20260714_180147.xml
[20260714_180218] +74 activities | files=334 | total_rows≈22,786 | elapsed=1.98h → avl_709_20260714_180218.xml
[20260714_180249] +74 activities | files=335 | total_rows≈22,860 | elapsed=1.98h → avl_709_20260714_180249.xml
[20260714_180320] +74 activities | files=336 | total_rows≈22,934 | elapsed=1.99h → avl_709_20260714_180320.xml
[20260714_180351] +74 activities | files=337 | total_rows≈23,008 | elapsed=2.00h → avl_709_20260714_180351.xml
[20260714_180422] ERROR: <urlopen error [Errno 8] nodename nor servname provided, or not known> (errors=1)
[20260714_180528] ERROR: <urlopen error [Errno 8] nodename nor servname provided, or not known> (errors=2)
[20260714_180628] +74 activities | files=338 | total_rows≈23,082 | elapsed=2.05h → avl_709_20260714_180628.xml
[20260714_180700] +74 activities | files=339 | total_rows≈23,156 | elapsed=2.05h → avl_709_20260714_180700.xml
[20260714_180731] +74 activities | files=340 | total_rows≈23,230 | elapsed=2.06h → avl_709_20260714_180731.xml
[20260714_180802] +74 activities | files=341 | total_rows≈23,304 | elapsed=2.07h → avl_709_20260714_180802.xml
[20260714_180833] +74 activities | files=342 | total_rows≈23,378 | elapsed=2.08h → avl_709_20260714_180833.xml
[20260714_180904] +74 activities | files=343 | total_rows≈23,452 | elapsed=2.09h → avl_709_20260714_180904.xml
[20260714_180935] +74 activities | files=344 | total_rows≈23,526 | elapsed=2.10h → avl_709_20260714_180935.xml
[20260714_181006] +74 activities | files=345 | total_rows≈23,600 | elapsed=2.11h → avl_709_20260714_181006.xml
[20260714_181037] +74 activities | files=346 | total_rows≈23,674 | elapsed=2.11h → avl_709_20260714_181037.xml
[20260714_181108] +74 activities | files=347 | total_rows≈23,748 | elapsed=2.12h → avl_709_20260714_181108.xml
[20260714_181139] +74 activities | files=348 | total_rows≈23,822 | elapsed=2.13h → avl_709_20260714_181139.xml
[20260714_181210] +74 activities | files=349 | total_rows≈23,896 | elapsed=2.14h → avl_709_20260714_181210.xml
[20260714_181241] +74 activities | files=350 | total_rows≈23,970 | elapsed=2.15h → avl_709_20260714_181241.xml
[20260714_181312] +74 activities | files=351 | total_rows≈24,044 | elapsed=2.16h → avl_709_20260714_181312.xml
[20260714_181343] +74 activities | files=352 | total_rows≈24,118 | elapsed=2.17h → avl_709_20260714_181343.xml
[20260714_181414] +74 activities | files=353 | total_rows≈24,192 | elapsed=2.17h → avl_709_20260714_181414.xml
[20260714_181448] +74 activities | files=354 | total_rows≈24,266 | elapsed=2.18h → avl_709_20260714_181448.xml
[20260714_181519] +74 activities | files=355 | total_rows≈24,340 | elapsed=2.19h → avl_709_20260714_181519.xml
[20260714_181550] +74 activities | files=356 | total_rows≈24,414 | elapsed=2.20h → avl_709_20260714_181550.xml
[20260714_181621] +74 activities | files=357 | total_rows≈24,488 | elapsed=2.21h → avl_709_20260714_181621.xml
[20260714_181652] +74 activities | files=358 | total_rows≈24,562 | elapsed=2.22h → avl_709_20260714_181652.xml
[20260714_181723] +74 activities | files=359 | total_rows≈24,636 | elapsed=2.23h → avl_709_20260714_181723.xml
[20260714_181755] +74 activities | files=360 | total_rows≈24,710 | elapsed=2.24h → avl_709_20260714_181755.xml
[20260714_181826] +74 activities | files=361 | total_rows≈24,784 | elapsed=2.24h → avl_709_20260714_181826.xml
[20260714_181857] +74 activities | files=362 | total_rows≈24,858 | elapsed=2.25h → avl_709_20260714_181857.xml
[20260714_181928] +74 activities | files=363 | total_rows≈24,932 | elapsed=2.26h → avl_709_20260714_181928.xml
[20260714_181959] +74 activities | files=364 | total_rows≈25,006 | elapsed=2.27h → avl_709_20260714_181959.xml
[20260714_182030] +74 activities | files=365 | total_rows≈25,080 | elapsed=2.28h → avl_709_20260714_182030.xml
[20260714_182103] +74 activities | files=366 | total_rows≈25,154 | elapsed=2.29h → avl_709_20260714_182103.xml
[20260714_182134] +74 activities | files=367 | total_rows≈25,228 | elapsed=2.30h → avl_709_20260714_182134.xml
[20260714_182205] +74 activities | files=368 | total_rows≈25,302 | elapsed=2.31h → avl_709_20260714_182205.xml
[20260714_182236] +74 activities | files=369 | total_rows≈25,376 | elapsed=2.31h → avl_709_20260714_182236.xml
[20260714_182308] +74 activities | files=370 | total_rows≈25,450 | elapsed=2.32h → avl_709_20260714_182308.xml
[20260714_182339] +74 activities | files=371 | total_rows≈25,524 | elapsed=2.33h → avl_709_20260714_182339.xml
[20260714_182410] +74 activities | files=372 | total_rows≈25,598 | elapsed=2.34h → avl_709_20260714_182410.xml
[20260714_182441] +74 activities | files=373 | total_rows≈25,672 | elapsed=2.35h → avl_709_20260714_182441.xml
[20260714_182512] +74 activities | files=374 | total_rows≈25,746 | elapsed=2.36h → avl_709_20260714_182512.xml
[20260714_182544] +74 activities | files=375 | total_rows≈25,820 | elapsed=2.37h → avl_709_20260714_182544.xml
[20260714_182615] +74 activities | files=376 | total_rows≈25,894 | elapsed=2.37h → avl_709_20260714_182615.xml
[20260714_182646] +74 activities | files=377 | total_rows≈25,968 | elapsed=2.38h → avl_709_20260714_182646.xml
[20260714_182718] +74 activities | files=378 | total_rows≈26,042 | elapsed=2.39h → avl_709_20260714_182718.xml
[20260714_182749] +74 activities | files=379 | total_rows≈26,116 | elapsed=2.40h → avl_709_20260714_182749.xml
[20260714_182820] +74 activities | files=380 | total_rows≈26,190 | elapsed=2.41h → avl_709_20260714_182820.xml
[20260714_182851] +74 activities | files=381 | total_rows≈26,264 | elapsed=2.42h → avl_709_20260714_182851.xml
[20260714_182922] +74 activities | files=382 | total_rows≈26,338 | elapsed=2.43h → avl_709_20260714_182922.xml
[20260714_182953] +74 activities | files=383 | total_rows≈26,412 | elapsed=2.44h → avl_709_20260714_182953.xml
[20260714_183025] +74 activities | files=384 | total_rows≈26,486 | elapsed=2.44h → avl_709_20260714_183025.xml
[20260714_183056] +74 activities | files=385 | total_rows≈26,560 | elapsed=2.45h → avl_709_20260714_183056.xml
[20260714_183127] +74 activities | files=386 | total_rows≈26,634 | elapsed=2.46h → avl_709_20260714_183127.xml
[20260714_183158] +74 activities | files=387 | total_rows≈26,708 | elapsed=2.47h → avl_709_20260714_183158.xml
[20260714_183229] +74 activities | files=388 | total_rows≈26,782 | elapsed=2.48h → avl_709_20260714_183229.xml
[20260714_183300] +74 activities | files=389 | total_rows≈26,856 | elapsed=2.49h → avl_709_20260714_183300.xml
[20260714_183333] +74 activities | files=390 | total_rows≈26,930 | elapsed=2.50h → avl_709_20260714_183333.xml
[20260714_183404] +74 activities | files=391 | total_rows≈27,004 | elapsed=2.51h → avl_709_20260714_183404.xml
[20260714_183435] +74 activities | files=392 | total_rows≈27,078 | elapsed=2.51h → avl_709_20260714_183435.xml
[20260714_183506] +74 activities | files=393 | total_rows≈27,152 | elapsed=2.52h → avl_709_20260714_183506.xml
[20260714_183537] +74 activities | files=394 | total_rows≈27,226 | elapsed=2.53h → avl_709_20260714_183537.xml
[20260714_183608] +74 activities | files=395 | total_rows≈27,300 | elapsed=2.54h → avl_709_20260714_183608.xml
[20260714_183639] +74 activities | files=396 | total_rows≈27,374 | elapsed=2.55h → avl_709_20260714_183639.xml
[20260714_183711] +74 activities | files=397 | total_rows≈27,448 | elapsed=2.56h → avl_709_20260714_183711.xml
[20260714_183742] +74 activities | files=398 | total_rows≈27,522 | elapsed=2.57h → avl_709_20260714_183742.xml
[20260714_183813] +74 activities | files=399 | total_rows≈27,596 | elapsed=2.57h → avl_709_20260714_183813.xml
[20260714_183844] +74 activities | files=400 | total_rows≈27,670 | elapsed=2.58h → avl_709_20260714_183844.xml
[20260714_183915] +74 activities | files=401 | total_rows≈27,744 | elapsed=2.59h → avl_709_20260714_183915.xml
[20260714_183946] +74 activities | files=402 | total_rows≈27,818 | elapsed=2.60h → avl_709_20260714_183946.xml
[20260714_184017] +74 activities | files=403 | total_rows≈27,892 | elapsed=2.61h → avl_709_20260714_184017.xml
[20260714_184048] +74 activities | files=404 | total_rows≈27,966 | elapsed=2.62h → avl_709_20260714_184048.xml
[20260714_184119] +74 activities | files=405 | total_rows≈28,040 | elapsed=2.63h → avl_709_20260714_184119.xml
[20260714_184151] +74 activities | files=406 | total_rows≈28,114 | elapsed=2.63h → avl_709_20260714_184151.xml
[20260714_184222] +74 activities | files=407 | total_rows≈28,188 | elapsed=2.64h → avl_709_20260714_184222.xml
[20260714_184253] +74 activities | files=408 | total_rows≈28,262 | elapsed=2.65h → avl_709_20260714_184253.xml
[20260714_184324] +74 activities | files=409 | total_rows≈28,336 | elapsed=2.66h → avl_709_20260714_184324.xml
[20260714_184354] +74 activities | files=410 | total_rows≈28,410 | elapsed=2.67h → avl_709_20260714_184354.xml
[20260714_184428] +74 activities | files=411 | total_rows≈28,484 | elapsed=2.68h → avl_709_20260714_184428.xml
[20260714_184459] +74 activities | files=412 | total_rows≈28,558 | elapsed=2.69h → avl_709_20260714_184459.xml
[20260714_184530] +74 activities | files=413 | total_rows≈28,632 | elapsed=2.70h → avl_709_20260714_184530.xml
[20260714_184601] +74 activities | files=414 | total_rows≈28,706 | elapsed=2.70h → avl_709_20260714_184601.xml
[20260714_184632] +74 activities | files=415 | total_rows≈28,780 | elapsed=2.71h → avl_709_20260714_184632.xml
[20260714_184703] +74 activities | files=416 | total_rows≈28,854 | elapsed=2.72h → avl_709_20260714_184703.xml
[20260714_184734] +74 activities | files=417 | total_rows≈28,928 | elapsed=2.73h → avl_709_20260714_184734.xml
[20260714_184805] +74 activities | files=418 | total_rows≈29,002 | elapsed=2.74h → avl_709_20260714_184805.xml
[20260714_184836] +74 activities | files=419 | total_rows≈29,076 | elapsed=2.75h → avl_709_20260714_184836.xml
[20260714_184908] +74 activities | files=420 | total_rows≈29,150 | elapsed=2.76h → avl_709_20260714_184908.xml
[20260714_184940] +74 activities | files=421 | total_rows≈29,224 | elapsed=2.77h → avl_709_20260714_184940.xml
[20260714_185011] +74 activities | files=422 | total_rows≈29,298 | elapsed=2.77h → avl_709_20260714_185011.xml
[20260714_185042] +74 activities | files=423 | total_rows≈29,372 | elapsed=2.78h → avl_709_20260714_185042.xml
[20260714_185113] +74 activities | files=424 | total_rows≈29,446 | elapsed=2.79h → avl_709_20260714_185113.xml
[20260714_185144] +74 activities | files=425 | total_rows≈29,520 | elapsed=2.80h → avl_709_20260714_185144.xml
[20260714_185215] +74 activities | files=426 | total_rows≈29,594 | elapsed=2.81h → avl_709_20260714_185215.xml
[20260714_185246] +74 activities | files=427 | total_rows≈29,668 | elapsed=2.82h → avl_709_20260714_185246.xml
[20260714_185317] +74 activities | files=428 | total_rows≈29,742 | elapsed=2.83h → avl_709_20260714_185317.xml
[20260714_185348] +74 activities | files=429 | total_rows≈29,816 | elapsed=2.83h → avl_709_20260714_185348.xml
[20260714_185420] +74 activities | files=430 | total_rows≈29,890 | elapsed=2.84h → avl_709_20260714_185420.xml
[20260714_185451] +74 activities | files=431 | total_rows≈29,964 | elapsed=2.85h → avl_709_20260714_185451.xml
[20260714_185522] +74 activities | files=432 | total_rows≈30,038 | elapsed=2.86h → avl_709_20260714_185522.xml
[20260714_185553] +74 activities | files=433 | total_rows≈30,112 | elapsed=2.87h → avl_709_20260714_185553.xml
[20260714_185624] +74 activities | files=434 | total_rows≈30,186 | elapsed=2.88h → avl_709_20260714_185624.xml
[20260714_185657] +74 activities | files=435 | total_rows≈30,260 | elapsed=2.89h → avl_709_20260714_185657.xml
[20260714_185728] +74 activities | files=436 | total_rows≈30,334 | elapsed=2.90h → avl_709_20260714_185728.xml
[20260714_185759] +74 activities | files=437 | total_rows≈30,408 | elapsed=2.90h → avl_709_20260714_185759.xml
[20260714_185830] +74 activities | files=438 | total_rows≈30,482 | elapsed=2.91h → avl_709_20260714_185830.xml
[20260714_185901] +74 activities | files=439 | total_rows≈30,556 | elapsed=2.92h → avl_709_20260714_185901.xml
[20260714_185932] +74 activities | files=440 | total_rows≈30,630 | elapsed=2.93h → avl_709_20260714_185932.xml
[20260714_190006] +74 activities | files=441 | total_rows≈30,704 | elapsed=2.94h → avl_709_20260714_190006.xml
[20260714_190037] +74 activities | files=442 | total_rows≈30,778 | elapsed=2.95h → avl_709_20260714_190037.xml
[20260714_190108] +74 activities | files=443 | total_rows≈30,852 | elapsed=2.96h → avl_709_20260714_190108.xml
[20260714_190141] +74 activities | files=444 | total_rows≈30,926 | elapsed=2.97h → avl_709_20260714_190141.xml
[20260714_190212] +74 activities | files=445 | total_rows≈31,000 | elapsed=2.97h → avl_709_20260714_190212.xml
[20260714_190243] +74 activities | files=446 | total_rows≈31,074 | elapsed=2.98h → avl_709_20260714_190243.xml
[20260714_190314] +74 activities | files=447 | total_rows≈31,148 | elapsed=2.99h → avl_709_20260714_190314.xml
[20260714_190345] +74 activities | files=448 | total_rows≈31,222 | elapsed=3.00h → avl_709_20260714_190345.xml
[20260714_190416] +74 activities | files=449 | total_rows≈31,296 | elapsed=3.01h → avl_709_20260714_190416.xml
[20260714_190448] +74 activities | files=450 | total_rows≈31,370 | elapsed=3.02h → avl_709_20260714_190448.xml
[20260714_190519] +74 activities | files=451 | total_rows≈31,444 | elapsed=3.03h → avl_709_20260714_190519.xml
[20260714_190550] +74 activities | files=452 | total_rows≈31,518 | elapsed=3.03h → avl_709_20260714_190550.xml
[20260714_190621] +73 activities | files=453 | total_rows≈31,591 | elapsed=3.04h → avl_709_20260714_190621.xml
[20260714_190652] +73 activities | files=454 | total_rows≈31,664 | elapsed=3.05h → avl_709_20260714_190652.xml
[20260714_190723] +73 activities | files=455 | total_rows≈31,737 | elapsed=3.06h → avl_709_20260714_190723.xml
[20260714_190755] +73 activities | files=456 | total_rows≈31,810 | elapsed=3.07h → avl_709_20260714_190755.xml
[20260714_190826] +73 activities | files=457 | total_rows≈31,883 | elapsed=3.08h → avl_709_20260714_190826.xml
[20260714_190857] +73 activities | files=458 | total_rows≈31,956 | elapsed=3.09h → avl_709_20260714_190857.xml
[20260714_190928] +73 activities | files=459 | total_rows≈32,029 | elapsed=3.10h → avl_709_20260714_190928.xml
[20260714_190959] +73 activities | files=460 | total_rows≈32,102 | elapsed=3.10h → avl_709_20260714_190959.xml
[20260714_191030] +73 activities | files=461 | total_rows≈32,175 | elapsed=3.11h → avl_709_20260714_191030.xml
[20260714_191102] +73 activities | files=462 | total_rows≈32,248 | elapsed=3.12h → avl_709_20260714_191102.xml
[20260714_191133] +73 activities | files=463 | total_rows≈32,321 | elapsed=3.13h → avl_709_20260714_191133.xml
[20260714_191205] +73 activities | files=464 | total_rows≈32,394 | elapsed=3.14h → avl_709_20260714_191205.xml
[20260714_191236] +73 activities | files=465 | total_rows≈32,467 | elapsed=3.15h → avl_709_20260714_191236.xml
[20260714_191307] +73 activities | files=466 | total_rows≈32,540 | elapsed=3.16h → avl_709_20260714_191307.xml
[20260714_191339] ERROR: <urlopen error [Errno 8] nodename nor servname provided, or not known> (errors=1)
[20260714_191444] ERROR: <urlopen error [Errno 8] nodename nor servname provided, or not known> (errors=2)
[20260714_191544] +73 activities | files=467 | total_rows≈32,613 | elapsed=3.20h → avl_709_20260714_191544.xml
[20260714_191616] +73 activities | files=468 | total_rows≈32,686 | elapsed=3.21h → avl_709_20260714_191616.xml
[20260714_191647] +73 activities | files=469 | total_rows≈32,759 | elapsed=3.22h → avl_709_20260714_191647.xml
[20260714_191718] +73 activities | files=470 | total_rows≈32,832 | elapsed=3.23h → avl_709_20260714_191718.xml
[20260714_191750] +73 activities | files=471 | total_rows≈32,905 | elapsed=3.23h → avl_709_20260714_191750.xml
[20260714_191821] +73 activities | files=472 | total_rows≈32,978 | elapsed=3.24h → avl_709_20260714_191821.xml
[20260714_191852] +73 activities | files=473 | total_rows≈33,051 | elapsed=3.25h → avl_709_20260714_191852.xml
[20260714_191923] +73 activities | files=474 | total_rows≈33,124 | elapsed=3.26h → avl_709_20260714_191923.xml
[20260714_191954] +73 activities | files=475 | total_rows≈33,197 | elapsed=3.27h → avl_709_20260714_191954.xml
[20260714_192025] +73 activities | files=476 | total_rows≈33,270 | elapsed=3.28h → avl_709_20260714_192025.xml
[20260714_192056] +73 activities | files=477 | total_rows≈33,343 | elapsed=3.29h → avl_709_20260714_192056.xml
[20260714_192127] +73 activities | files=478 | total_rows≈33,416 | elapsed=3.29h → avl_709_20260714_192127.xml
[20260714_192158] +73 activities | files=479 | total_rows≈33,489 | elapsed=3.30h → avl_709_20260714_192158.xml
[20260714_192229] +73 activities | files=480 | total_rows≈33,562 | elapsed=3.31h → avl_709_20260714_192229.xml
[20260714_192300] +73 activities | files=481 | total_rows≈33,635 | elapsed=3.32h → avl_709_20260714_192300.xml
[20260714_192331] +73 activities | files=482 | total_rows≈33,708 | elapsed=3.33h → avl_709_20260714_192331.xml
[20260714_192403] +73 activities | files=483 | total_rows≈33,781 | elapsed=3.34h → avl_709_20260714_192403.xml
[20260714_192434] +73 activities | files=484 | total_rows≈33,854 | elapsed=3.35h → avl_709_20260714_192434.xml
[20260714_192505] +73 activities | files=485 | total_rows≈33,927 | elapsed=3.36h → avl_709_20260714_192505.xml
[20260714_192536] +73 activities | files=486 | total_rows≈34,000 | elapsed=3.36h → avl_709_20260714_192536.xml
[20260714_192607] +73 activities | files=487 | total_rows≈34,073 | elapsed=3.37h → avl_709_20260714_192607.xml
[20260714_192638] +73 activities | files=488 | total_rows≈34,146 | elapsed=3.38h → avl_709_20260714_192638.xml
[20260714_192710] +73 activities | files=489 | total_rows≈34,219 | elapsed=3.39h → avl_709_20260714_192710.xml
[20260714_192741] +73 activities | files=490 | total_rows≈34,292 | elapsed=3.40h → avl_709_20260714_192741.xml
[20260714_192811] +73 activities | files=491 | total_rows≈34,365 | elapsed=3.41h → avl_709_20260714_192811.xml
[20260714_192843] +73 activities | files=492 | total_rows≈34,438 | elapsed=3.42h → avl_709_20260714_192843.xml
[20260714_192914] +73 activities | files=493 | total_rows≈34,511 | elapsed=3.42h → avl_709_20260714_192914.xml
[20260714_192945] +73 activities | files=494 | total_rows≈34,584 | elapsed=3.43h → avl_709_20260714_192945.xml
[20260714_193017] +73 activities | files=495 | total_rows≈34,657 | elapsed=3.44h → avl_709_20260714_193017.xml
[20260714_193048] +73 activities | files=496 | total_rows≈34,730 | elapsed=3.45h → avl_709_20260714_193048.xml
[20260714_193119] +73 activities | files=497 | total_rows≈34,803 | elapsed=3.46h → avl_709_20260714_193119.xml
[20260714_193150] +73 activities | files=498 | total_rows≈34,876 | elapsed=3.47h → avl_709_20260714_193150.xml
[20260714_193221] +73 activities | files=499 | total_rows≈34,949 | elapsed=3.48h → avl_709_20260714_193221.xml
[20260714_193253] ERROR: <urlopen error [Errno 8] nodename nor servname provided, or not known> (errors=1)
[20260714_193359] ERROR: <urlopen error [Errno 8] nodename nor servname provided, or not known> (errors=2)
[20260714_193459] +73 activities | files=500 | total_rows≈35,022 | elapsed=3.52h → avl_709_20260714_193459.xml
[20260714_193530] +73 activities | files=501 | total_rows≈35,095 | elapsed=3.53h → avl_709_20260714_193530.xml
[20260714_193601] +73 activities | files=502 | total_rows≈35,168 | elapsed=3.54h → avl_709_20260714_193601.xml
[20260714_193632] ERROR: <urlopen error [Errno 8] nodename nor servname provided, or not known> (errors=1)
[20260714_193737] ERROR: <urlopen error [Errno 8] nodename nor servname provided, or not known> (errors=2)
[20260714_193837] +73 activities | files=503 | total_rows≈35,241 | elapsed=3.58h → avl_709_20260714_193837.xml
[20260714_193909] +73 activities | files=504 | total_rows≈35,314 | elapsed=3.59h → avl_709_20260714_193909.xml
[20260714_193940] +73 activities | files=505 | total_rows≈35,387 | elapsed=3.60h → avl_709_20260714_193940.xml
[20260714_194011] +73 activities | files=506 | total_rows≈35,460 | elapsed=3.61h → avl_709_20260714_194011.xml
[20260714_194042] +73 activities | files=507 | total_rows≈35,533 | elapsed=3.62h → avl_709_20260714_194042.xml
[20260714_194113] +73 activities | files=508 | total_rows≈35,606 | elapsed=3.62h → avl_709_20260714_194113.xml
[20260714_194144] +73 activities | files=509 | total_rows≈35,679 | elapsed=3.63h → avl_709_20260714_194144.xml
[20260714_194215] +73 activities | files=510 | total_rows≈35,752 | elapsed=3.64h → avl_709_20260714_194215.xml
[20260714_194247] +73 activities | files=511 | total_rows≈35,825 | elapsed=3.65h → avl_709_20260714_194247.xml
[20260714_194318] +73 activities | files=512 | total_rows≈35,898 | elapsed=3.66h → avl_709_20260714_194318.xml
[20260714_194349] +73 activities | files=513 | total_rows≈35,971 | elapsed=3.67h → avl_709_20260714_194349.xml
[20260714_194420] +73 activities | files=514 | total_rows≈36,044 | elapsed=3.68h → avl_709_20260714_194420.xml
[20260714_194451] +73 activities | files=515 | total_rows≈36,117 | elapsed=3.68h → avl_709_20260714_194451.xml
[20260714_194522] +73 activities | files=516 | total_rows≈36,190 | elapsed=3.69h → avl_709_20260714_194522.xml
[20260714_194553] +73 activities | files=517 | total_rows≈36,263 | elapsed=3.70h → avl_709_20260714_194553.xml
[20260714_194625] +73 activities | files=518 | total_rows≈36,336 | elapsed=3.71h → avl_709_20260714_194625.xml
[20260714_194656] +73 activities | files=519 | total_rows≈36,409 | elapsed=3.72h → avl_709_20260714_194656.xml
[20260714_194727] +73 activities | files=520 | total_rows≈36,482 | elapsed=3.73h → avl_709_20260714_194727.xml
[20260714_194758] +73 activities | files=521 | total_rows≈36,555 | elapsed=3.74h → avl_709_20260714_194758.xml
[20260714_194829] +73 activities | files=522 | total_rows≈36,628 | elapsed=3.75h → avl_709_20260714_194829.xml
[20260714_194900] +73 activities | files=523 | total_rows≈36,701 | elapsed=3.75h → avl_709_20260714_194900.xml
[20260714_194931] +73 activities | files=524 | total_rows≈36,774 | elapsed=3.76h → avl_709_20260714_194931.xml
[20260714_195003] +73 activities | files=525 | total_rows≈36,847 | elapsed=3.77h → avl_709_20260714_195003.xml
[20260714_195034] +73 activities | files=526 | total_rows≈36,920 | elapsed=3.78h → avl_709_20260714_195034.xml
[20260714_195105] +73 activities | files=527 | total_rows≈36,993 | elapsed=3.79h → avl_709_20260714_195105.xml
[20260714_195138] +73 activities | files=528 | total_rows≈37,066 | elapsed=3.80h → avl_709_20260714_195138.xml
[20260714_195209] +73 activities | files=529 | total_rows≈37,139 | elapsed=3.81h → avl_709_20260714_195209.xml
[20260714_195240] +73 activities | files=530 | total_rows≈37,212 | elapsed=3.81h → avl_709_20260714_195240.xml
[20260714_195311] +73 activities | files=531 | total_rows≈37,285 | elapsed=3.82h → avl_709_20260714_195311.xml
[20260714_195342] +73 activities | files=532 | total_rows≈37,358 | elapsed=3.83h → avl_709_20260714_195342.xml
[20260714_195413] +73 activities | files=533 | total_rows≈37,431 | elapsed=3.84h → avl_709_20260714_195413.xml
[20260714_195444] +73 activities | files=534 | total_rows≈37,504 | elapsed=3.85h → avl_709_20260714_195444.xml
[20260714_195516] +73 activities | files=535 | total_rows≈37,577 | elapsed=3.86h → avl_709_20260714_195516.xml
[20260714_195547] +73 activities | files=536 | total_rows≈37,650 | elapsed=3.87h → avl_709_20260714_195547.xml
[20260714_195620] +73 activities | files=537 | total_rows≈37,723 | elapsed=3.88h → avl_709_20260714_195620.xml
[20260714_195651] +73 activities | files=538 | total_rows≈37,796 | elapsed=3.88h → avl_709_20260714_195651.xml
[20260714_195722] +73 activities | files=539 | total_rows≈37,869 | elapsed=3.89h → avl_709_20260714_195722.xml
[20260714_195753] +73 activities | files=540 | total_rows≈37,942 | elapsed=3.90h → avl_709_20260714_195753.xml
[20260714_195824] +73 activities | files=541 | total_rows≈38,015 | elapsed=3.91h → avl_709_20260714_195824.xml
[20260714_195855] +73 activities | files=542 | total_rows≈38,088 | elapsed=3.92h → avl_709_20260714_195855.xml
[20260714_195927] +73 activities | files=543 | total_rows≈38,161 | elapsed=3.93h → avl_709_20260714_195927.xml
[20260714_195958] +73 activities | files=544 | total_rows≈38,234 | elapsed=3.94h → avl_709_20260714_195958.xml
[20260714_200029] +73 activities | files=545 | total_rows≈38,307 | elapsed=3.95h → avl_709_20260714_200029.xml
[20260714_200102] +73 activities | files=546 | total_rows≈38,380 | elapsed=3.95h → avl_709_20260714_200102.xml
[20260714_200133] +73 activities | files=547 | total_rows≈38,453 | elapsed=3.96h → avl_709_20260714_200133.xml
[20260714_200204] +73 activities | files=548 | total_rows≈38,526 | elapsed=3.97h → avl_709_20260714_200204.xml
[20260714_200235] +73 activities | files=549 | total_rows≈38,599 | elapsed=3.98h → avl_709_20260714_200235.xml
[20260714_200306] +73 activities | files=550 | total_rows≈38,672 | elapsed=3.99h → avl_709_20260714_200306.xml
[20260714_200337] +73 activities | files=551 | total_rows≈38,745 | elapsed=4.00h → avl_709_20260714_200337.xml
[20260714_200408] +73 activities | files=552 | total_rows≈38,818 | elapsed=4.01h → avl_709_20260714_200408.xml
[20260714_200439] +73 activities | files=553 | total_rows≈38,891 | elapsed=4.01h → avl_709_20260714_200439.xml
[20260714_200510] +73 activities | files=554 | total_rows≈38,964 | elapsed=4.02h → avl_709_20260714_200510.xml
[20260714_200542] +73 activities | files=555 | total_rows≈39,037 | elapsed=4.03h → avl_709_20260714_200542.xml
[20260714_200613] +73 activities | files=556 | total_rows≈39,110 | elapsed=4.04h → avl_709_20260714_200613.xml
[20260714_200644] +73 activities | files=557 | total_rows≈39,183 | elapsed=4.05h → avl_709_20260714_200644.xml
[20260714_200717] +73 activities | files=558 | total_rows≈39,256 | elapsed=4.06h → avl_709_20260714_200717.xml
[20260714_200748] +73 activities | files=559 | total_rows≈39,329 | elapsed=4.07h → avl_709_20260714_200748.xml
[20260714_200819] +73 activities | files=560 | total_rows≈39,402 | elapsed=4.08h → avl_709_20260714_200819.xml
[20260714_200850] +73 activities | files=561 | total_rows≈39,475 | elapsed=4.08h → avl_709_20260714_200850.xml
[20260714_200921] +73 activities | files=562 | total_rows≈39,548 | elapsed=4.09h → avl_709_20260714_200921.xml
[20260714_200952] ERROR: <urlopen error [Errno 8] nodename nor servname provided, or not known> (errors=1)
[20260714_201058] ERROR: <urlopen error [Errno 8] nodename nor servname provided, or not known> (errors=2)
[20260714_201158] +73 activities | files=563 | total_rows≈39,621 | elapsed=4.14h → avl_709_20260714_201158.xml
[20260714_201229] +73 activities | files=564 | total_rows≈39,694 | elapsed=4.15h → avl_709_20260714_201229.xml
[20260714_201300] +73 activities | files=565 | total_rows≈39,767 | elapsed=4.15h → avl_709_20260714_201300.xml
[20260714_201331] +73 activities | files=566 | total_rows≈39,840 | elapsed=4.16h → avl_709_20260714_201331.xml
[20260714_201402] +73 activities | files=567 | total_rows≈39,913 | elapsed=4.17h → avl_709_20260714_201402.xml
[20260714_201433] +73 activities | files=568 | total_rows≈39,986 | elapsed=4.18h → avl_709_20260714_201433.xml
[20260714_201504] +73 activities | files=569 | total_rows≈40,059 | elapsed=4.19h → avl_709_20260714_201504.xml
[20260714_201535] +73 activities | files=570 | total_rows≈40,132 | elapsed=4.20h → avl_709_20260714_201535.xml
[20260714_201607] +73 activities | files=571 | total_rows≈40,205 | elapsed=4.21h → avl_709_20260714_201607.xml
[20260714_201638] +73 activities | files=572 | total_rows≈40,278 | elapsed=4.21h → avl_709_20260714_201638.xml
[20260714_201709] +73 activities | files=573 | total_rows≈40,351 | elapsed=4.22h → avl_709_20260714_201709.xml
[20260714_201740] +73 activities | files=574 | total_rows≈40,424 | elapsed=4.23h → avl_709_20260714_201740.xml
[20260714_201811] +73 activities | files=575 | total_rows≈40,497 | elapsed=4.24h → avl_709_20260714_201811.xml
[20260714_201844] +73 activities | files=576 | total_rows≈40,570 | elapsed=4.25h → avl_709_20260714_201844.xml
[20260714_201915] +73 activities | files=577 | total_rows≈40,643 | elapsed=4.26h → avl_709_20260714_201915.xml
[20260714_201946] +73 activities | files=578 | total_rows≈40,716 | elapsed=4.27h → avl_709_20260714_201946.xml
[20260714_202019] +73 activities | files=579 | total_rows≈40,789 | elapsed=4.28h → avl_709_20260714_202019.xml
[20260714_202050] +73 activities | files=580 | total_rows≈40,862 | elapsed=4.28h → avl_709_20260714_202050.xml
[20260714_202121] +73 activities | files=581 | total_rows≈40,935 | elapsed=4.29h → avl_709_20260714_202121.xml
[20260714_202152] +73 activities | files=582 | total_rows≈41,008 | elapsed=4.30h → avl_709_20260714_202152.xml
[20260714_202223] +73 activities | files=583 | total_rows≈41,081 | elapsed=4.31h → avl_709_20260714_202223.xml
[20260714_202254] +73 activities | files=584 | total_rows≈41,154 | elapsed=4.32h → avl_709_20260714_202254.xml
[20260714_202325] +73 activities | files=585 | total_rows≈41,227 | elapsed=4.33h → avl_709_20260714_202325.xml
[20260714_202356] +73 activities | files=586 | total_rows≈41,300 | elapsed=4.34h → avl_709_20260714_202356.xml
[20260714_202427] +73 activities | files=587 | total_rows≈41,373 | elapsed=4.34h → avl_709_20260714_202427.xml
[20260714_202459] +73 activities | files=588 | total_rows≈41,446 | elapsed=4.35h → avl_709_20260714_202459.xml
[20260714_202530] +73 activities | files=589 | total_rows≈41,519 | elapsed=4.36h → avl_709_20260714_202530.xml
[20260714_202601] +73 activities | files=590 | total_rows≈41,592 | elapsed=4.37h → avl_709_20260714_202601.xml
[20260714_202632] +73 activities | files=591 | total_rows≈41,665 | elapsed=4.38h → avl_709_20260714_202632.xml
[20260714_202703] +73 activities | files=592 | total_rows≈41,738 | elapsed=4.39h → avl_709_20260714_202703.xml
[20260714_202734] +73 activities | files=593 | total_rows≈41,811 | elapsed=4.40h → avl_709_20260714_202734.xml
[20260714_202805] +73 activities | files=594 | total_rows≈41,884 | elapsed=4.41h → avl_709_20260714_202805.xml
[20260714_202836] +73 activities | files=595 | total_rows≈41,957 | elapsed=4.41h → avl_709_20260714_202836.xml
[20260714_202907] +73 activities | files=596 | total_rows≈42,030 | elapsed=4.42h → avl_709_20260714_202907.xml
[20260714_202940] +73 activities | files=597 | total_rows≈42,103 | elapsed=4.43h → avl_709_20260714_202940.xml
[20260714_203011] +73 activities | files=598 | total_rows≈42,176 | elapsed=4.44h → avl_709_20260714_203011.xml
[20260714_203042] +73 activities | files=599 | total_rows≈42,249 | elapsed=4.45h → avl_709_20260714_203042.xml
[20260714_203113] +73 activities | files=600 | total_rows≈42,322 | elapsed=4.46h → avl_709_20260714_203113.xml
[20260714_203144] +73 activities | files=601 | total_rows≈42,395 | elapsed=4.47h → avl_709_20260714_203144.xml
[20260714_203215] +73 activities | files=602 | total_rows≈42,468 | elapsed=4.47h → avl_709_20260714_203215.xml
[20260714_203247] +73 activities | files=603 | total_rows≈42,541 | elapsed=4.48h → avl_709_20260714_203247.xml
[20260714_203318] +73 activities | files=604 | total_rows≈42,614 | elapsed=4.49h → avl_709_20260714_203318.xml
[20260714_203349] +73 activities | files=605 | total_rows≈42,687 | elapsed=4.50h → avl_709_20260714_203349.xml
[20260714_203420] +73 activities | files=606 | total_rows≈42,760 | elapsed=4.51h → avl_709_20260714_203420.xml
[20260714_203451] +73 activities | files=607 | total_rows≈42,833 | elapsed=4.52h → avl_709_20260714_203451.xml
[20260714_203522] +73 activities | files=608 | total_rows≈42,906 | elapsed=4.53h → avl_709_20260714_203522.xml
[20260714_203554] +73 activities | files=609 | total_rows≈42,979 | elapsed=4.54h → avl_709_20260714_203554.xml
[20260714_203625] +73 activities | files=610 | total_rows≈43,052 | elapsed=4.54h → avl_709_20260714_203625.xml
[20260714_203656] +73 activities | files=611 | total_rows≈43,125 | elapsed=4.55h → avl_709_20260714_203656.xml
[20260714_203727] +73 activities | files=612 | total_rows≈43,198 | elapsed=4.56h → avl_709_20260714_203727.xml
[20260714_203758] +73 activities | files=613 | total_rows≈43,271 | elapsed=4.57h → avl_709_20260714_203758.xml
[20260714_203829] +73 activities | files=614 | total_rows≈43,344 | elapsed=4.58h → avl_709_20260714_203829.xml
[20260714_203900] +73 activities | files=615 | total_rows≈43,417 | elapsed=4.59h → avl_709_20260714_203900.xml
[20260714_203931] +73 activities | files=616 | total_rows≈43,490 | elapsed=4.60h → avl_709_20260714_203931.xml
[20260714_204002] +73 activities | files=617 | total_rows≈43,563 | elapsed=4.60h → avl_709_20260714_204002.xml
[20260714_204034] +73 activities | files=618 | total_rows≈43,636 | elapsed=4.61h → avl_709_20260714_204034.xml
[20260714_204105] +73 activities | files=619 | total_rows≈43,709 | elapsed=4.62h → avl_709_20260714_204105.xml
[20260714_204136] +73 activities | files=620 | total_rows≈43,782 | elapsed=4.63h → avl_709_20260714_204136.xml
[20260714_204207] +73 activities | files=621 | total_rows≈43,855 | elapsed=4.64h → avl_709_20260714_204207.xml
[20260714_204238] +73 activities | files=622 | total_rows≈43,928 | elapsed=4.65h → avl_709_20260714_204238.xml
[20260714_204309] +73 activities | files=623 | total_rows≈44,001 | elapsed=4.66h → avl_709_20260714_204309.xml
[20260714_204340] +73 activities | files=624 | total_rows≈44,074 | elapsed=4.67h → avl_709_20260714_204340.xml
[20260714_204411] +73 activities | files=625 | total_rows≈44,147 | elapsed=4.67h → avl_709_20260714_204411.xml
[20260714_204442] +73 activities | files=626 | total_rows≈44,220 | elapsed=4.68h → avl_709_20260714_204442.xml
[20260714_204515] +73 activities | files=627 | total_rows≈44,293 | elapsed=4.69h → avl_709_20260714_204515.xml
[20260714_204546] +73 activities | files=628 | total_rows≈44,366 | elapsed=4.70h → avl_709_20260714_204546.xml
[20260714_204617] +73 activities | files=629 | total_rows≈44,439 | elapsed=4.71h → avl_709_20260714_204617.xml
[20260714_204648] +73 activities | files=630 | total_rows≈44,512 | elapsed=4.72h → avl_709_20260714_204648.xml
[20260714_204719] +73 activities | files=631 | total_rows≈44,585 | elapsed=4.73h → avl_709_20260714_204719.xml
[20260714_204750] +73 activities | files=632 | total_rows≈44,658 | elapsed=4.73h → avl_709_20260714_204750.xml
[20260714_204822] +73 activities | files=633 | total_rows≈44,731 | elapsed=4.74h → avl_709_20260714_204822.xml
[20260714_204853] +73 activities | files=634 | total_rows≈44,804 | elapsed=4.75h → avl_709_20260714_204853.xml
[20260714_204924] ERROR: <urlopen error [Errno 8] nodename nor servname provided, or not known> (errors=1)
[20260714_205029] ERROR: <urlopen error [Errno 8] nodename nor servname provided, or not known> (errors=2)
[20260714_205129] +73 activities | files=635 | total_rows≈44,877 | elapsed=4.80h → avl_709_20260714_205129.xml
[20260714_205201] +73 activities | files=636 | total_rows≈44,950 | elapsed=4.80h → avl_709_20260714_205201.xml
[20260714_205232] +73 activities | files=637 | total_rows≈45,023 | elapsed=4.81h → avl_709_20260714_205232.xml
[20260714_205303] +73 activities | files=638 | total_rows≈45,096 | elapsed=4.82h → avl_709_20260714_205303.xml
[20260714_205334] +73 activities | files=639 | total_rows≈45,169 | elapsed=4.83h → avl_709_20260714_205334.xml
[20260714_205405] +73 activities | files=640 | total_rows≈45,242 | elapsed=4.84h → avl_709_20260714_205405.xml
[20260714_205436] +73 activities | files=641 | total_rows≈45,315 | elapsed=4.85h → avl_709_20260714_205436.xml
[20260714_205509] +73 activities | files=642 | total_rows≈45,388 | elapsed=4.86h → avl_709_20260714_205509.xml
[20260714_205540] +73 activities | files=643 | total_rows≈45,461 | elapsed=4.87h → avl_709_20260714_205540.xml
[20260714_205611] +73 activities | files=644 | total_rows≈45,534 | elapsed=4.87h → avl_709_20260714_205611.xml
[20260714_205644] +73 activities | files=645 | total_rows≈45,607 | elapsed=4.88h → avl_709_20260714_205644.xml
[20260714_205715] +73 activities | files=646 | total_rows≈45,680 | elapsed=4.89h → avl_709_20260714_205715.xml
[20260714_205746] +73 activities | files=647 | total_rows≈45,753 | elapsed=4.90h → avl_709_20260714_205746.xml
[20260714_205819] +73 activities | files=648 | total_rows≈45,826 | elapsed=4.91h → avl_709_20260714_205819.xml
[20260714_205850] +73 activities | files=649 | total_rows≈45,899 | elapsed=4.92h → avl_709_20260714_205850.xml
[20260714_205921] +73 activities | files=650 | total_rows≈45,972 | elapsed=4.93h → avl_709_20260714_205921.xml
[20260714_205952] +73 activities | files=651 | total_rows≈46,045 | elapsed=4.94h → avl_709_20260714_205952.xml
[20260714_210023] +73 activities | files=652 | total_rows≈46,118 | elapsed=4.94h → avl_709_20260714_210023.xml
[20260714_210054] +73 activities | files=653 | total_rows≈46,191 | elapsed=4.95h → avl_709_20260714_210054.xml
[20260714_210125] +73 activities | files=654 | total_rows≈46,264 | elapsed=4.96h → avl_709_20260714_210125.xml
[20260714_210156] +73 activities | files=655 | total_rows≈46,337 | elapsed=4.97h → avl_709_20260714_210156.xml
[20260714_210227] +73 activities | files=656 | total_rows≈46,410 | elapsed=4.98h → avl_709_20260714_210227.xml
[20260714_210259] +73 activities | files=657 | total_rows≈46,483 | elapsed=4.99h → avl_709_20260714_210259.xml
[20260714_210330] +73 activities | files=658 | total_rows≈46,556 | elapsed=5.00h → avl_709_20260714_210330.xml
[20260714_210401] +73 activities | files=659 | total_rows≈46,629 | elapsed=5.00h → avl_709_20260714_210401.xml
[20260714_210432] +73 activities | files=660 | total_rows≈46,702 | elapsed=5.01h → avl_709_20260714_210432.xml
[20260714_210503] +73 activities | files=661 | total_rows≈46,775 | elapsed=5.02h → avl_709_20260714_210503.xml
[20260714_210534] +73 activities | files=662 | total_rows≈46,848 | elapsed=5.03h → avl_709_20260714_210534.xml
[20260714_210606] +73 activities | files=663 | total_rows≈46,921 | elapsed=5.04h → avl_709_20260714_210606.xml
[20260714_210637] +73 activities | files=664 | total_rows≈46,994 | elapsed=5.05h → avl_709_20260714_210637.xml
[20260714_210708] +73 activities | files=665 | total_rows≈47,067 | elapsed=5.06h → avl_709_20260714_210708.xml
[20260714_210739] +73 activities | files=666 | total_rows≈47,140 | elapsed=5.06h → avl_709_20260714_210739.xml
[20260714_210810] +73 activities | files=667 | total_rows≈47,213 | elapsed=5.07h → avl_709_20260714_210810.xml
[20260714_210841] +73 activities | files=668 | total_rows≈47,286 | elapsed=5.08h → avl_709_20260714_210841.xml
[20260714_210912] +73 activities | files=669 | total_rows≈47,359 | elapsed=5.09h → avl_709_20260714_210912.xml
[20260714_210943] +73 activities | files=670 | total_rows≈47,432 | elapsed=5.10h → avl_709_20260714_210943.xml
[20260714_211014] +73 activities | files=671 | total_rows≈47,505 | elapsed=5.11h → avl_709_20260714_211014.xml
[20260714_211047] +73 activities | files=672 | total_rows≈47,578 | elapsed=5.12h → avl_709_20260714_211047.xml
[20260714_211118] +73 activities | files=673 | total_rows≈47,651 | elapsed=5.13h → avl_709_20260714_211118.xml
[20260714_211149] +73 activities | files=674 | total_rows≈47,724 | elapsed=5.13h → avl_709_20260714_211149.xml
[20260714_211220] +73 activities | files=675 | total_rows≈47,797 | elapsed=5.14h → avl_709_20260714_211220.xml
[20260714_211251] +73 activities | files=676 | total_rows≈47,870 | elapsed=5.15h → avl_709_20260714_211251.xml
[20260714_211322] +73 activities | files=677 | total_rows≈47,943 | elapsed=5.16h → avl_709_20260714_211322.xml
[20260714_211353] +73 activities | files=678 | total_rows≈48,016 | elapsed=5.17h → avl_709_20260714_211353.xml
[20260714_211424] +73 activities | files=679 | total_rows≈48,089 | elapsed=5.18h → avl_709_20260714_211424.xml
[20260714_211455] +73 activities | files=680 | total_rows≈48,162 | elapsed=5.19h → avl_709_20260714_211455.xml
[20260714_211527] +73 activities | files=681 | total_rows≈48,235 | elapsed=5.19h → avl_709_20260714_211527.xml
[20260714_211558] +73 activities | files=682 | total_rows≈48,308 | elapsed=5.20h → avl_709_20260714_211558.xml
[20260714_211629] +73 activities | files=683 | total_rows≈48,381 | elapsed=5.21h → avl_709_20260714_211629.xml
[20260714_211700] +73 activities | files=684 | total_rows≈48,454 | elapsed=5.22h → avl_709_20260714_211700.xml
[20260714_211731] +73 activities | files=685 | total_rows≈48,527 | elapsed=5.23h → avl_709_20260714_211731.xml
[20260714_211802] +73 activities | files=686 | total_rows≈48,600 | elapsed=5.24h → avl_709_20260714_211802.xml
[20260714_211833] +73 activities | files=687 | total_rows≈48,673 | elapsed=5.25h → avl_709_20260714_211833.xml
[20260714_211904] +73 activities | files=688 | total_rows≈48,746 | elapsed=5.26h → avl_709_20260714_211904.xml
[20260714_211935] +73 activities | files=689 | total_rows≈48,819 | elapsed=5.26h → avl_709_20260714_211935.xml
[20260714_212007] +73 activities | files=690 | total_rows≈48,892 | elapsed=5.27h → avl_709_20260714_212007.xml
[20260714_212038] +73 activities | files=691 | total_rows≈48,965 | elapsed=5.28h → avl_709_20260714_212038.xml
[20260714_212109] +73 activities | files=692 | total_rows≈49,038 | elapsed=5.29h → avl_709_20260714_212109.xml
[20260714_212140] +73 activities | files=693 | total_rows≈49,111 | elapsed=5.30h → avl_709_20260714_212140.xml
[20260714_212211] +73 activities | files=694 | total_rows≈49,184 | elapsed=5.31h → avl_709_20260714_212211.xml
[20260714_212242] +73 activities | files=695 | total_rows≈49,257 | elapsed=5.32h → avl_709_20260714_212242.xml
[20260714_212314] +73 activities | files=696 | total_rows≈49,330 | elapsed=5.32h → avl_709_20260714_212314.xml
[20260714_212345] +73 activities | files=697 | total_rows≈49,403 | elapsed=5.33h → avl_709_20260714_212345.xml
[20260714_212416] +73 activities | files=698 | total_rows≈49,476 | elapsed=5.34h → avl_709_20260714_212416.xml
[20260714_212447] +73 activities | files=699 | total_rows≈49,549 | elapsed=5.35h → avl_709_20260714_212447.xml
[20260714_212518] +73 activities | files=700 | total_rows≈49,622 | elapsed=5.36h → avl_709_20260714_212518.xml
[20260714_212549] +73 activities | files=701 | total_rows≈49,695 | elapsed=5.37h → avl_709_20260714_212549.xml
[20260714_212620] +73 activities | files=702 | total_rows≈49,768 | elapsed=5.38h → avl_709_20260714_212620.xml
[20260714_212651] +73 activities | files=703 | total_rows≈49,841 | elapsed=5.38h → avl_709_20260714_212651.xml
[20260714_212722] ERROR: <urlopen error [Errno 8] nodename nor servname provided, or not known> (errors=1)
[20260714_212828] ERROR: <urlopen error [Errno 8] nodename nor servname provided, or not known> (errors=2)
[20260714_212928] +73 activities | files=704 | total_rows≈49,914 | elapsed=5.43h → avl_709_20260714_212928.xml
[20260714_213000] +73 activities | files=705 | total_rows≈49,987 | elapsed=5.44h → avl_709_20260714_213000.xml
[20260714_213030] +73 activities | files=706 | total_rows≈50,060 | elapsed=5.45h → avl_709_20260714_213030.xml
[20260714_213101] +73 activities | files=707 | total_rows≈50,133 | elapsed=5.45h → avl_709_20260714_213101.xml
[20260714_213133] +73 activities | files=708 | total_rows≈50,206 | elapsed=5.46h → avl_709_20260714_213133.xml
[20260714_213204] +73 activities | files=709 | total_rows≈50,279 | elapsed=5.47h → avl_709_20260714_213204.xml
[20260714_213235] +73 activities | files=710 | total_rows≈50,352 | elapsed=5.48h → avl_709_20260714_213235.xml
[20260714_213306] +73 activities | files=711 | total_rows≈50,425 | elapsed=5.49h → avl_709_20260714_213306.xml
[20260714_213337] +73 activities | files=712 | total_rows≈50,498 | elapsed=5.50h → avl_709_20260714_213337.xml
[20260714_213408] +73 activities | files=713 | total_rows≈50,571 | elapsed=5.51h → avl_709_20260714_213408.xml
[20260714_213439] +73 activities | files=714 | total_rows≈50,644 | elapsed=5.51h → avl_709_20260714_213439.xml
[20260714_213510] +73 activities | files=715 | total_rows≈50,717 | elapsed=5.52h → avl_709_20260714_213510.xml
[20260714_213541] +73 activities | files=716 | total_rows≈50,790 | elapsed=5.53h → avl_709_20260714_213541.xml
[20260714_213612] +73 activities | files=717 | total_rows≈50,863 | elapsed=5.54h → avl_709_20260714_213612.xml
[20260714_213643] +73 activities | files=718 | total_rows≈50,936 | elapsed=5.55h → avl_709_20260714_213643.xml
[20260714_213714] +73 activities | files=719 | total_rows≈51,009 | elapsed=5.56h → avl_709_20260714_213714.xml
[20260714_213746] +73 activities | files=720 | total_rows≈51,082 | elapsed=5.57h → avl_709_20260714_213746.xml
[20260714_213816] +73 activities | files=721 | total_rows≈51,155 | elapsed=5.58h → avl_709_20260714_213816.xml
[20260714_213847] +73 activities | files=722 | total_rows≈51,228 | elapsed=5.58h → avl_709_20260714_213847.xml
[20260714_213919] +73 activities | files=723 | total_rows≈51,301 | elapsed=5.59h → avl_709_20260714_213919.xml
[20260714_213950] +73 activities | files=724 | total_rows≈51,374 | elapsed=5.60h → avl_709_20260714_213950.xml
[20260714_214021] +73 activities | files=725 | total_rows≈51,447 | elapsed=5.61h → avl_709_20260714_214021.xml
[20260714_214052] +73 activities | files=726 | total_rows≈51,520 | elapsed=5.62h → avl_709_20260714_214052.xml
[20260714_214123] +73 activities | files=727 | total_rows≈51,593 | elapsed=5.63h → avl_709_20260714_214123.xml
[20260714_214154] +73 activities | files=728 | total_rows≈51,666 | elapsed=5.64h → avl_709_20260714_214154.xml
[20260714_214225] +73 activities | files=729 | total_rows≈51,739 | elapsed=5.64h → avl_709_20260714_214225.xml
[20260714_214256] +73 activities | files=730 | total_rows≈51,812 | elapsed=5.65h → avl_709_20260714_214256.xml
[20260714_214327] +73 activities | files=731 | total_rows≈51,885 | elapsed=5.66h → avl_709_20260714_214327.xml
[20260714_214358] +73 activities | files=732 | total_rows≈51,958 | elapsed=5.67h → avl_709_20260714_214358.xml
[20260714_214429] +73 activities | files=733 | total_rows≈52,031 | elapsed=5.68h → avl_709_20260714_214429.xml
[20260714_214500] +73 activities | files=734 | total_rows≈52,104 | elapsed=5.69h → avl_709_20260714_214500.xml
[20260714_214532] +73 activities | files=735 | total_rows≈52,177 | elapsed=5.70h → avl_709_20260714_214532.xml
[20260714_214603] +73 activities | files=736 | total_rows≈52,250 | elapsed=5.70h → avl_709_20260714_214603.xml
[20260714_214634] +73 activities | files=737 | total_rows≈52,323 | elapsed=5.71h → avl_709_20260714_214634.xml
[20260714_214705] +73 activities | files=738 | total_rows≈52,396 | elapsed=5.72h → avl_709_20260714_214705.xml
[20260714_214736] +73 activities | files=739 | total_rows≈52,469 | elapsed=5.73h → avl_709_20260714_214736.xml
[20260714_214807] +73 activities | files=740 | total_rows≈52,542 | elapsed=5.74h → avl_709_20260714_214807.xml
[20260714_214840] +73 activities | files=741 | total_rows≈52,615 | elapsed=5.75h → avl_709_20260714_214840.xml
[20260714_214911] +73 activities | files=742 | total_rows≈52,688 | elapsed=5.76h → avl_709_20260714_214911.xml
[20260714_214942] +73 activities | files=743 | total_rows≈52,761 | elapsed=5.77h → avl_709_20260714_214942.xml
[20260714_215013] +73 activities | files=744 | total_rows≈52,834 | elapsed=5.77h → avl_709_20260714_215013.xml
[20260714_215044] +73 activities | files=745 | total_rows≈52,907 | elapsed=5.78h → avl_709_20260714_215044.xml
[20260714_215115] +73 activities | files=746 | total_rows≈52,980 | elapsed=5.79h → avl_709_20260714_215115.xml
[20260714_215146] +73 activities | files=747 | total_rows≈53,053 | elapsed=5.80h → avl_709_20260714_215146.xml
[20260714_215217] +73 activities | files=748 | total_rows≈53,126 | elapsed=5.81h → avl_709_20260714_215217.xml
[20260714_215248] +73 activities | files=749 | total_rows≈53,199 | elapsed=5.82h → avl_709_20260714_215248.xml
[20260714_215320] +73 activities | files=750 | total_rows≈53,272 | elapsed=5.83h → avl_709_20260714_215320.xml
[20260714_215351] +73 activities | files=751 | total_rows≈53,345 | elapsed=5.83h → avl_709_20260714_215351.xml
[20260714_215422] +73 activities | files=752 | total_rows≈53,418 | elapsed=5.84h → avl_709_20260714_215422.xml
[20260714_215453] +73 activities | files=753 | total_rows≈53,491 | elapsed=5.85h → avl_709_20260714_215453.xml
[20260714_215524] +73 activities | files=754 | total_rows≈53,564 | elapsed=5.86h → avl_709_20260714_215524.xml
[20260714_215555] +73 activities | files=755 | total_rows≈53,637 | elapsed=5.87h → avl_709_20260714_215555.xml
[20260714_215626] +73 activities | files=756 | total_rows≈53,710 | elapsed=5.88h → avl_709_20260714_215626.xml
[20260714_215657] +73 activities | files=757 | total_rows≈53,783 | elapsed=5.89h → avl_709_20260714_215657.xml
[20260714_215728] +73 activities | files=758 | total_rows≈53,856 | elapsed=5.90h → avl_709_20260714_215728.xml
[20260714_215801] +73 activities | files=759 | total_rows≈53,929 | elapsed=5.90h → avl_709_20260714_215801.xml
[20260714_215832] +73 activities | files=760 | total_rows≈54,002 | elapsed=5.91h → avl_709_20260714_215832.xml
[20260714_215903] +73 activities | files=761 | total_rows≈54,075 | elapsed=5.92h → avl_709_20260714_215903.xml
[20260714_215934] +73 activities | files=762 | total_rows≈54,148 | elapsed=5.93h → avl_709_20260714_215934.xml
[20260714_220005] +73 activities | files=763 | total_rows≈54,221 | elapsed=5.94h → avl_709_20260714_220005.xml
[20260714_220036] +73 activities | files=764 | total_rows≈54,294 | elapsed=5.95h → avl_709_20260714_220036.xml
[20260714_220107] +73 activities | files=765 | total_rows≈54,367 | elapsed=5.96h → avl_709_20260714_220107.xml
[20260714_220138] +73 activities | files=766 | total_rows≈54,440 | elapsed=5.96h → avl_709_20260714_220138.xml
[20260714_220209] +73 activities | files=767 | total_rows≈54,513 | elapsed=5.97h → avl_709_20260714_220209.xml
[20260714_220241] +73 activities | files=768 | total_rows≈54,586 | elapsed=5.98h → avl_709_20260714_220241.xml
[20260714_220312] +73 activities | files=769 | total_rows≈54,659 | elapsed=5.99h → avl_709_20260714_220312.xml
[20260714_220343] +73 activities | files=770 | total_rows≈54,732 | elapsed=6.00h → avl_709_20260714_220343.xml
[20260714_220414] +73 activities | files=771 | total_rows≈54,805 | elapsed=6.01h → avl_709_20260714_220414.xml
[20260714_220445] +73 activities | files=772 | total_rows≈54,878 | elapsed=6.02h → avl_709_20260714_220445.xml
[20260714_220516] +73 activities | files=773 | total_rows≈54,951 | elapsed=6.03h → avl_709_20260714_220516.xml
[20260714_220547] +73 activities | files=774 | total_rows≈55,024 | elapsed=6.03h → avl_709_20260714_220547.xml
[20260714_220618] +73 activities | files=775 | total_rows≈55,097 | elapsed=6.04h → avl_709_20260714_220618.xml
[20260714_220649] +73 activities | files=776 | total_rows≈55,170 | elapsed=6.05h → avl_709_20260714_220649.xml
[20260714_220720] +73 activities | files=777 | total_rows≈55,243 | elapsed=6.06h → avl_709_20260714_220720.xml
[20260714_220752] +73 activities | files=778 | total_rows≈55,316 | elapsed=6.07h → avl_709_20260714_220752.xml
[20260714_220823] +73 activities | files=779 | total_rows≈55,389 | elapsed=6.08h → avl_709_20260714_220823.xml
[20260714_220854] +73 activities | files=780 | total_rows≈55,462 | elapsed=6.09h → avl_709_20260714_220854.xml
[20260714_220925] +73 activities | files=781 | total_rows≈55,535 | elapsed=6.09h → avl_709_20260714_220925.xml
[20260714_220957] +73 activities | files=782 | total_rows≈55,608 | elapsed=6.10h → avl_709_20260714_220957.xml
[20260714_221028] +73 activities | files=783 | total_rows≈55,681 | elapsed=6.11h → avl_709_20260714_221028.xml
[20260714_221059] +73 activities | files=784 | total_rows≈55,754 | elapsed=6.12h → avl_709_20260714_221059.xml
[20260714_221130] +73 activities | files=785 | total_rows≈55,827 | elapsed=6.13h → avl_709_20260714_221130.xml
[20260714_221202] +73 activities | files=786 | total_rows≈55,900 | elapsed=6.14h → avl_709_20260714_221202.xml
[20260714_221234] +73 activities | files=787 | total_rows≈55,973 | elapsed=6.15h → avl_709_20260714_221234.xml
[20260714_221305] +73 activities | files=788 | total_rows≈56,046 | elapsed=6.16h → avl_709_20260714_221305.xml
[20260714_221336] +73 activities | files=789 | total_rows≈56,119 | elapsed=6.16h → avl_709_20260714_221336.xml
[20260714_221407] +73 activities | files=790 | total_rows≈56,192 | elapsed=6.17h → avl_709_20260714_221407.xml
[20260714_221439] +73 activities | files=791 | total_rows≈56,265 | elapsed=6.18h → avl_709_20260714_221439.xml
[20260714_221510] +73 activities | files=792 | total_rows≈56,338 | elapsed=6.19h → avl_709_20260714_221510.xml
[20260714_221541] +73 activities | files=793 | total_rows≈56,411 | elapsed=6.20h → avl_709_20260714_221541.xml
[20260714_221612] +73 activities | files=794 | total_rows≈56,484 | elapsed=6.21h → avl_709_20260714_221612.xml
[20260714_221644] +73 activities | files=795 | total_rows≈56,557 | elapsed=6.22h → avl_709_20260714_221644.xml
[20260714_221715] +73 activities | files=796 | total_rows≈56,630 | elapsed=6.22h → avl_709_20260714_221715.xml
[20260714_221747] +73 activities | files=797 | total_rows≈56,703 | elapsed=6.23h → avl_709_20260714_221747.xml
[20260714_221818] +73 activities | files=798 | total_rows≈56,776 | elapsed=6.24h → avl_709_20260714_221818.xml
[20260714_221849] +73 activities | files=799 | total_rows≈56,849 | elapsed=6.25h → avl_709_20260714_221849.xml
[20260714_221920] +73 activities | files=800 | total_rows≈56,922 | elapsed=6.26h → avl_709_20260714_221920.xml
[20260714_221951] +73 activities | files=801 | total_rows≈56,995 | elapsed=6.27h → avl_709_20260714_221951.xml
[20260714_222022] +73 activities | files=802 | total_rows≈57,068 | elapsed=6.28h → avl_709_20260714_222022.xml
[20260714_222053] +73 activities | files=803 | total_rows≈57,141 | elapsed=6.29h → avl_709_20260714_222053.xml
[20260714_222124] +73 activities | files=804 | total_rows≈57,214 | elapsed=6.29h → avl_709_20260714_222124.xml
[20260714_222155] +73 activities | files=805 | total_rows≈57,287 | elapsed=6.30h → avl_709_20260714_222155.xml
[20260714_222227] +73 activities | files=806 | total_rows≈57,360 | elapsed=6.31h → avl_709_20260714_222227.xml
[20260714_222258] +73 activities | files=807 | total_rows≈57,433 | elapsed=6.32h → avl_709_20260714_222258.xml
[20260714_222330] +73 activities | files=808 | total_rows≈57,506 | elapsed=6.33h → avl_709_20260714_222330.xml
[20260714_222402] +73 activities | files=809 | total_rows≈57,579 | elapsed=6.34h → avl_709_20260714_222402.xml
[20260714_222433] +73 activities | files=810 | total_rows≈57,652 | elapsed=6.35h → avl_709_20260714_222433.xml
[20260714_222506] +73 activities | files=811 | total_rows≈57,725 | elapsed=6.36h → avl_709_20260714_222506.xml
[20260714_222537] +73 activities | files=812 | total_rows≈57,798 | elapsed=6.36h → avl_709_20260714_222537.xml
[20260714_222609] +73 activities | files=813 | total_rows≈57,871 | elapsed=6.37h → avl_709_20260714_222609.xml
[20260714_222640] +73 activities | files=814 | total_rows≈57,944 | elapsed=6.38h → avl_709_20260714_222640.xml
[20260714_222711] +73 activities | files=815 | total_rows≈58,017 | elapsed=6.39h → avl_709_20260714_222711.xml
[20260714_222742] +73 activities | files=816 | total_rows≈58,090 | elapsed=6.40h → avl_709_20260714_222742.xml
[20260714_222813] +73 activities | files=817 | total_rows≈58,163 | elapsed=6.41h → avl_709_20260714_222813.xml
[20260714_222845] +73 activities | files=818 | total_rows≈58,236 | elapsed=6.42h → avl_709_20260714_222845.xml
[20260714_222916] +73 activities | files=819 | total_rows≈58,309 | elapsed=6.43h → avl_709_20260714_222916.xml
[20260714_222947] +73 activities | files=820 | total_rows≈58,382 | elapsed=6.43h → avl_709_20260714_222947.xml
[20260714_223018] +73 activities | files=821 | total_rows≈58,455 | elapsed=6.44h → avl_709_20260714_223018.xml
[20260714_223050] +73 activities | files=822 | total_rows≈58,528 | elapsed=6.45h → avl_709_20260714_223050.xml
[20260714_223121] +73 activities | files=823 | total_rows≈58,601 | elapsed=6.46h → avl_709_20260714_223121.xml
[20260714_223152] +73 activities | files=824 | total_rows≈58,674 | elapsed=6.47h → avl_709_20260714_223152.xml
[20260714_223223] +73 activities | files=825 | total_rows≈58,747 | elapsed=6.48h → avl_709_20260714_223223.xml
[20260714_223254] +73 activities | files=826 | total_rows≈58,820 | elapsed=6.49h → avl_709_20260714_223254.xml
[20260714_223325] +73 activities | files=827 | total_rows≈58,893 | elapsed=6.49h → avl_709_20260714_223325.xml
[20260714_223358] +73 activities | files=828 | total_rows≈58,966 | elapsed=6.50h → avl_709_20260714_223358.xml
[20260714_223429] +73 activities | files=829 | total_rows≈59,039 | elapsed=6.51h → avl_709_20260714_223429.xml
[20260714_223500] +73 activities | files=830 | total_rows≈59,112 | elapsed=6.52h → avl_709_20260714_223500.xml
[20260714_223532] +73 activities | files=831 | total_rows≈59,185 | elapsed=6.53h → avl_709_20260714_223532.xml
[20260714_223603] +73 activities | files=832 | total_rows≈59,258 | elapsed=6.54h → avl_709_20260714_223603.xml
[20260714_223634] +73 activities | files=833 | total_rows≈59,331 | elapsed=6.55h → avl_709_20260714_223634.xml
[20260714_223706] +73 activities | files=834 | total_rows≈59,404 | elapsed=6.56h → avl_709_20260714_223706.xml
[20260714_223737] +73 activities | files=835 | total_rows≈59,477 | elapsed=6.56h → avl_709_20260714_223737.xml
[20260714_223808] +73 activities | files=836 | total_rows≈59,550 | elapsed=6.57h → avl_709_20260714_223808.xml
[20260714_223839] +73 activities | files=837 | total_rows≈59,623 | elapsed=6.58h → avl_709_20260714_223839.xml
[20260714_223910] +73 activities | files=838 | total_rows≈59,696 | elapsed=6.59h → avl_709_20260714_223910.xml
[20260714_223941] +73 activities | files=839 | total_rows≈59,769 | elapsed=6.60h → avl_709_20260714_223941.xml
[20260714_224013] +73 activities | files=840 | total_rows≈59,842 | elapsed=6.61h → avl_709_20260714_224013.xml
[20260714_224044] +73 activities | files=841 | total_rows≈59,915 | elapsed=6.62h → avl_709_20260714_224044.xml
[20260714_224115] +73 activities | files=842 | total_rows≈59,988 | elapsed=6.62h → avl_709_20260714_224115.xml
[20260714_224146] +73 activities | files=843 | total_rows≈60,061 | elapsed=6.63h → avl_709_20260714_224146.xml
[20260714_224217] +73 activities | files=844 | total_rows≈60,134 | elapsed=6.64h → avl_709_20260714_224217.xml
[20260714_224248] +73 activities | files=845 | total_rows≈60,207 | elapsed=6.65h → avl_709_20260714_224248.xml
[20260714_224319] +73 activities | files=846 | total_rows≈60,280 | elapsed=6.66h → avl_709_20260714_224319.xml
[20260714_224350] +73 activities | files=847 | total_rows≈60,353 | elapsed=6.67h → avl_709_20260714_224350.xml
[20260714_224421] +73 activities | files=848 | total_rows≈60,426 | elapsed=6.68h → avl_709_20260714_224421.xml
[20260714_224452] +73 activities | files=849 | total_rows≈60,499 | elapsed=6.69h → avl_709_20260714_224452.xml
[20260714_224523] +73 activities | files=850 | total_rows≈60,572 | elapsed=6.69h → avl_709_20260714_224523.xml
[20260714_224555] +73 activities | files=851 | total_rows≈60,645 | elapsed=6.70h → avl_709_20260714_224555.xml
[20260714_224626] +73 activities | files=852 | total_rows≈60,718 | elapsed=6.71h → avl_709_20260714_224626.xml
[20260714_224657] +73 activities | files=853 | total_rows≈60,791 | elapsed=6.72h → avl_709_20260714_224657.xml
[20260714_224729] +73 activities | files=854 | total_rows≈60,864 | elapsed=6.73h → avl_709_20260714_224729.xml
[20260714_224800] +73 activities | files=855 | total_rows≈60,937 | elapsed=6.74h → avl_709_20260714_224800.xml
[20260714_224831] +73 activities | files=856 | total_rows≈61,010 | elapsed=6.75h → avl_709_20260714_224831.xml
[20260714_224903] +73 activities | files=857 | total_rows≈61,083 | elapsed=6.75h → avl_709_20260714_224903.xml
[20260714_224935] +73 activities | files=858 | total_rows≈61,156 | elapsed=6.76h → avl_709_20260714_224935.xml
[20260714_225006] +73 activities | files=859 | total_rows≈61,229 | elapsed=6.77h → avl_709_20260714_225006.xml
[20260714_225037] +73 activities | files=860 | total_rows≈61,302 | elapsed=6.78h → avl_709_20260714_225037.xml
[20260714_225108] +73 activities | files=861 | total_rows≈61,375 | elapsed=6.79h → avl_709_20260714_225108.xml
[20260714_225139] +73 activities | files=862 | total_rows≈61,448 | elapsed=6.80h → avl_709_20260714_225139.xml
[20260714_225210] +73 activities | files=863 | total_rows≈61,521 | elapsed=6.81h → avl_709_20260714_225210.xml
[20260714_225243] +73 activities | files=864 | total_rows≈61,594 | elapsed=6.82h → avl_709_20260714_225243.xml
[20260714_225314] +73 activities | files=865 | total_rows≈61,667 | elapsed=6.82h → avl_709_20260714_225314.xml
[20260714_225346] +73 activities | files=866 | total_rows≈61,740 | elapsed=6.83h → avl_709_20260714_225346.xml
[20260714_225418] +73 activities | files=867 | total_rows≈61,813 | elapsed=6.84h → avl_709_20260714_225418.xml
[20260714_225449] +73 activities | files=868 | total_rows≈61,886 | elapsed=6.85h → avl_709_20260714_225449.xml
[20260714_225520] +73 activities | files=869 | total_rows≈61,959 | elapsed=6.86h → avl_709_20260714_225520.xml
[20260714_225551] +73 activities | files=870 | total_rows≈62,032 | elapsed=6.87h → avl_709_20260714_225551.xml
[20260714_225623] +73 activities | files=871 | total_rows≈62,105 | elapsed=6.88h → avl_709_20260714_225623.xml
[20260714_225654] +73 activities | files=872 | total_rows≈62,178 | elapsed=6.89h → avl_709_20260714_225654.xml
[20260714_225725] +73 activities | files=873 | total_rows≈62,251 | elapsed=6.89h → avl_709_20260714_225725.xml
[20260714_225757] +73 activities | files=874 | total_rows≈62,324 | elapsed=6.90h → avl_709_20260714_225757.xml
[20260714_225828] +73 activities | files=875 | total_rows≈62,397 | elapsed=6.91h → avl_709_20260714_225828.xml
[20260714_225859] +73 activities | files=876 | total_rows≈62,470 | elapsed=6.92h → avl_709_20260714_225859.xml
[20260714_225930] +73 activities | files=877 | total_rows≈62,543 | elapsed=6.93h → avl_709_20260714_225930.xml
[20260714_230001] +73 activities | files=878 | total_rows≈62,616 | elapsed=6.94h → avl_709_20260714_230001.xml
[20260714_230033] +73 activities | files=879 | total_rows≈62,689 | elapsed=6.95h → avl_709_20260714_230033.xml
[20260714_230104] +73 activities | files=880 | total_rows≈62,762 | elapsed=6.96h → avl_709_20260714_230104.xml
[20260714_230135] +73 activities | files=881 | total_rows≈62,835 | elapsed=6.96h → avl_709_20260714_230135.xml
[20260714_230208] +73 activities | files=882 | total_rows≈62,908 | elapsed=6.97h → avl_709_20260714_230208.xml
[20260714_230239] +73 activities | files=883 | total_rows≈62,981 | elapsed=6.98h → avl_709_20260714_230239.xml
[20260714_230310] +73 activities | files=884 | total_rows≈63,054 | elapsed=6.99h → avl_709_20260714_230310.xml
[20260714_230344] +73 activities | files=885 | total_rows≈63,127 | elapsed=7.00h → avl_709_20260714_230344.xml
[20260714_230415] +73 activities | files=886 | total_rows≈63,200 | elapsed=7.01h → avl_709_20260714_230415.xml
[20260714_230446] +73 activities | files=887 | total_rows≈63,273 | elapsed=7.02h → avl_709_20260714_230446.xml
[20260714_230517] +73 activities | files=888 | total_rows≈63,346 | elapsed=7.03h → avl_709_20260714_230517.xml
[20260714_230548] +73 activities | files=889 | total_rows≈63,419 | elapsed=7.03h → avl_709_20260714_230548.xml
[20260714_230619] +73 activities | files=890 | total_rows≈63,492 | elapsed=7.04h → avl_709_20260714_230619.xml
[20260714_230650] +73 activities | files=891 | total_rows≈63,565 | elapsed=7.05h → avl_709_20260714_230650.xml
[20260714_230721] +73 activities | files=892 | total_rows≈63,638 | elapsed=7.06h → avl_709_20260714_230721.xml
[20260714_230754] +73 activities | files=893 | total_rows≈63,711 | elapsed=7.07h → avl_709_20260714_230754.xml
[20260714_230825] +73 activities | files=894 | total_rows≈63,784 | elapsed=7.08h → avl_709_20260714_230825.xml
[20260714_230856] +73 activities | files=895 | total_rows≈63,857 | elapsed=7.09h → avl_709_20260714_230856.xml
[20260714_230928] +73 activities | files=896 | total_rows≈63,930 | elapsed=7.10h → avl_709_20260714_230928.xml
[20260714_231001] +73 activities | files=897 | total_rows≈64,003 | elapsed=7.10h → avl_709_20260714_231001.xml
[20260714_231032] +73 activities | files=898 | total_rows≈64,076 | elapsed=7.11h → avl_709_20260714_231032.xml
[20260714_231103] +73 activities | files=899 | total_rows≈64,149 | elapsed=7.12h → avl_709_20260714_231103.xml
[20260714_231135] +73 activities | files=900 | total_rows≈64,222 | elapsed=7.13h → avl_709_20260714_231135.xml
[20260714_231206] +73 activities | files=901 | total_rows≈64,295 | elapsed=7.14h → avl_709_20260714_231206.xml
[20260714_231237] +73 activities | files=902 | total_rows≈64,368 | elapsed=7.15h → avl_709_20260714_231237.xml
[20260714_231309] +73 activities | files=903 | total_rows≈64,441 | elapsed=7.16h → avl_709_20260714_231309.xml
[20260714_231341] +73 activities | files=904 | total_rows≈64,514 | elapsed=7.17h → avl_709_20260714_231341.xml
[20260714_231412] +73 activities | files=905 | total_rows≈64,587 | elapsed=7.17h → avl_709_20260714_231412.xml
[20260714_231443] +73 activities | files=906 | total_rows≈64,660 | elapsed=7.18h → avl_709_20260714_231443.xml
[20260714_231514] +73 activities | files=907 | total_rows≈64,733 | elapsed=7.19h → avl_709_20260714_231514.xml
[20260714_231545] +73 activities | files=908 | total_rows≈64,806 | elapsed=7.20h → avl_709_20260714_231545.xml
[20260714_231616] +73 activities | files=909 | total_rows≈64,879 | elapsed=7.21h → avl_709_20260714_231616.xml
[20260714_231647] +73 activities | files=910 | total_rows≈64,952 | elapsed=7.22h → avl_709_20260714_231647.xml
[20260714_231718] +73 activities | files=911 | total_rows≈65,025 | elapsed=7.23h → avl_709_20260714_231718.xml
[20260714_231750] +73 activities | files=912 | total_rows≈65,098 | elapsed=7.23h → avl_709_20260714_231750.xml
[20260714_231821] +73 activities | files=913 | total_rows≈65,171 | elapsed=7.24h → avl_709_20260714_231821.xml
[20260714_231852] +73 activities | files=914 | total_rows≈65,244 | elapsed=7.25h → avl_709_20260714_231852.xml
[20260714_231924] +73 activities | files=915 | total_rows≈65,317 | elapsed=7.26h → avl_709_20260714_231924.xml
[20260714_231955] +73 activities | files=916 | total_rows≈65,390 | elapsed=7.27h → avl_709_20260714_231955.xml
[20260714_232026] +73 activities | files=917 | total_rows≈65,463 | elapsed=7.28h → avl_709_20260714_232026.xml
[20260714_232057] +73 activities | files=918 | total_rows≈65,536 | elapsed=7.29h → avl_709_20260714_232057.xml
[20260714_232128] +73 activities | files=919 | total_rows≈65,609 | elapsed=7.30h → avl_709_20260714_232128.xml
[20260714_232159] +73 activities | files=920 | total_rows≈65,682 | elapsed=7.30h → avl_709_20260714_232159.xml
[20260714_232230] +73 activities | files=921 | total_rows≈65,755 | elapsed=7.31h → avl_709_20260714_232230.xml
[20260714_232301] +73 activities | files=922 | total_rows≈65,828 | elapsed=7.32h → avl_709_20260714_232301.xml
[20260714_232332] +73 activities | files=923 | total_rows≈65,901 | elapsed=7.33h → avl_709_20260714_232332.xml
[20260714_232403] +73 activities | files=924 | total_rows≈65,974 | elapsed=7.34h → avl_709_20260714_232403.xml
[20260714_232434] +73 activities | files=925 | total_rows≈66,047 | elapsed=7.35h → avl_709_20260714_232434.xml
[20260714_232505] +73 activities | files=926 | total_rows≈66,120 | elapsed=7.36h → avl_709_20260714_232505.xml
[20260714_232536] +73 activities | files=927 | total_rows≈66,193 | elapsed=7.36h → avl_709_20260714_232536.xml
[20260714_232607] +73 activities | files=928 | total_rows≈66,266 | elapsed=7.37h → avl_709_20260714_232607.xml
[20260714_232638] +73 activities | files=929 | total_rows≈66,339 | elapsed=7.38h → avl_709_20260714_232638.xml
[20260714_232710] +73 activities | files=930 | total_rows≈66,412 | elapsed=7.39h → avl_709_20260714_232710.xml
[20260714_232741] +73 activities | files=931 | total_rows≈66,485 | elapsed=7.40h → avl_709_20260714_232741.xml
[20260714_232812] +73 activities | files=932 | total_rows≈66,558 | elapsed=7.41h → avl_709_20260714_232812.xml
[20260714_232843] +73 activities | files=933 | total_rows≈66,631 | elapsed=7.42h → avl_709_20260714_232843.xml
[20260714_232914] +73 activities | files=934 | total_rows≈66,704 | elapsed=7.42h → avl_709_20260714_232914.xml
[20260714_232945] +73 activities | files=935 | total_rows≈66,777 | elapsed=7.43h → avl_709_20260714_232945.xml
[20260714_233018] +73 activities | files=936 | total_rows≈66,850 | elapsed=7.44h → avl_709_20260714_233018.xml
[20260714_233049] +73 activities | files=937 | total_rows≈66,923 | elapsed=7.45h → avl_709_20260714_233049.xml
[20260714_233120] +73 activities | files=938 | total_rows≈66,996 | elapsed=7.46h → avl_709_20260714_233120.xml
[20260714_233151] +73 activities | files=939 | total_rows≈67,069 | elapsed=7.47h → avl_709_20260714_233151.xml
[20260714_233222] +73 activities | files=940 | total_rows≈67,142 | elapsed=7.48h → avl_709_20260714_233222.xml
[20260714_233253] +73 activities | files=941 | total_rows≈67,215 | elapsed=7.49h → avl_709_20260714_233253.xml
[20260714_233324] +73 activities | files=942 | total_rows≈67,288 | elapsed=7.49h → avl_709_20260714_233324.xml
[20260714_233355] +73 activities | files=943 | total_rows≈67,361 | elapsed=7.50h → avl_709_20260714_233355.xml
[20260714_233426] +73 activities | files=944 | total_rows≈67,434 | elapsed=7.51h → avl_709_20260714_233426.xml
[20260714_233458] +73 activities | files=945 | total_rows≈67,507 | elapsed=7.52h → avl_709_20260714_233458.xml
[20260714_233529] +73 activities | files=946 | total_rows≈67,580 | elapsed=7.53h → avl_709_20260714_233529.xml
[20260714_233600] +73 activities | files=947 | total_rows≈67,653 | elapsed=7.54h → avl_709_20260714_233600.xml
[20260714_233631] +73 activities | files=948 | total_rows≈67,726 | elapsed=7.55h → avl_709_20260714_233631.xml
[20260714_233702] +73 activities | files=949 | total_rows≈67,799 | elapsed=7.55h → avl_709_20260714_233702.xml
[20260714_233733] +73 activities | files=950 | total_rows≈67,872 | elapsed=7.56h → avl_709_20260714_233733.xml
[20260714_233804] +73 activities | files=951 | total_rows≈67,945 | elapsed=7.57h → avl_709_20260714_233804.xml
[20260714_233835] +73 activities | files=952 | total_rows≈68,018 | elapsed=7.58h → avl_709_20260714_233835.xml
[20260714_233906] +73 activities | files=953 | total_rows≈68,091 | elapsed=7.59h → avl_709_20260714_233906.xml
[20260714_233938] +73 activities | files=954 | total_rows≈68,164 | elapsed=7.60h → avl_709_20260714_233938.xml
[20260714_234009] +73 activities | files=955 | total_rows≈68,237 | elapsed=7.61h → avl_709_20260714_234009.xml
[20260714_234040] +73 activities | files=956 | total_rows≈68,310 | elapsed=7.62h → avl_709_20260714_234040.xml
[20260714_234112] +73 activities | files=957 | total_rows≈68,383 | elapsed=7.62h → avl_709_20260714_234112.xml
[20260714_234143] +73 activities | files=958 | total_rows≈68,456 | elapsed=7.63h → avl_709_20260714_234143.xml
[20260714_234214] +72 activities | files=959 | total_rows≈68,528 | elapsed=7.64h → avl_709_20260714_234214.xml
[20260714_234245] +72 activities | files=960 | total_rows≈68,600 | elapsed=7.65h → avl_709_20260714_234245.xml
[20260714_234316] +72 activities | files=961 | total_rows≈68,672 | elapsed=7.66h → avl_709_20260714_234316.xml
[20260714_234347] +72 activities | files=962 | total_rows≈68,744 | elapsed=7.67h → avl_709_20260714_234347.xml
[20260714_234418] +72 activities | files=963 | total_rows≈68,816 | elapsed=7.68h → avl_709_20260714_234418.xml
[20260714_234449] +72 activities | files=964 | total_rows≈68,888 | elapsed=7.68h → avl_709_20260714_234449.xml
[20260714_234520] +72 activities | files=965 | total_rows≈68,960 | elapsed=7.69h → avl_709_20260714_234520.xml
[20260714_234552] +72 activities | files=966 | total_rows≈69,032 | elapsed=7.70h → avl_709_20260714_234552.xml
[20260714_234623] +72 activities | files=967 | total_rows≈69,104 | elapsed=7.71h → avl_709_20260714_234623.xml
[20260714_234654] +72 activities | files=968 | total_rows≈69,176 | elapsed=7.72h → avl_709_20260714_234654.xml
[20260714_234725] +72 activities | files=969 | total_rows≈69,248 | elapsed=7.73h → avl_709_20260714_234725.xml
[20260714_234756] +72 activities | files=970 | total_rows≈69,320 | elapsed=7.74h → avl_709_20260714_234756.xml
[20260714_234827] +72 activities | files=971 | total_rows≈69,392 | elapsed=7.74h → avl_709_20260714_234827.xml
[20260714_234858] +72 activities | files=972 | total_rows≈69,464 | elapsed=7.75h → avl_709_20260714_234858.xml
[20260714_234929] +72 activities | files=973 | total_rows≈69,536 | elapsed=7.76h → avl_709_20260714_234929.xml
[20260714_235000] +72 activities | files=974 | total_rows≈69,608 | elapsed=7.77h → avl_709_20260714_235000.xml
[20260714_235031] +72 activities | files=975 | total_rows≈69,680 | elapsed=7.78h → avl_709_20260714_235031.xml
[20260714_235102] +72 activities | files=976 | total_rows≈69,752 | elapsed=7.79h → avl_709_20260714_235102.xml
[20260714_235133] +72 activities | files=977 | total_rows≈69,824 | elapsed=7.80h → avl_709_20260714_235133.xml
[20260714_235204] +72 activities | files=978 | total_rows≈69,896 | elapsed=7.81h → avl_709_20260714_235204.xml
[20260714_235235] +72 activities | files=979 | total_rows≈69,968 | elapsed=7.81h → avl_709_20260714_235235.xml
[20260714_235306] +72 activities | files=980 | total_rows≈70,040 | elapsed=7.82h → avl_709_20260714_235306.xml
[20260714_235337] +72 activities | files=981 | total_rows≈70,112 | elapsed=7.83h → avl_709_20260714_235337.xml
[20260714_235409] +72 activities | files=982 | total_rows≈70,184 | elapsed=7.84h → avl_709_20260714_235409.xml
[20260714_235440] +72 activities | files=983 | total_rows≈70,256 | elapsed=7.85h → avl_709_20260714_235440.xml
[20260714_235511] +72 activities | files=984 | total_rows≈70,328 | elapsed=7.86h → avl_709_20260714_235511.xml
[20260714_235542] +72 activities | files=985 | total_rows≈70,400 | elapsed=7.87h → avl_709_20260714_235542.xml
[20260714_235613] +72 activities | files=986 | total_rows≈70,472 | elapsed=7.87h → avl_709_20260714_235613.xml
[20260714_235644] +72 activities | files=987 | total_rows≈70,544 | elapsed=7.88h → avl_709_20260714_235644.xml
[20260714_235715] +72 activities | files=988 | total_rows≈70,616 | elapsed=7.89h → avl_709_20260714_235715.xml
[20260714_235746] +72 activities | files=989 | total_rows≈70,688 | elapsed=7.90h → avl_709_20260714_235746.xml
[20260714_235818] +72 activities | files=990 | total_rows≈70,760 | elapsed=7.91h → avl_709_20260714_235818.xml
[20260714_235849] +72 activities | files=991 | total_rows≈70,832 | elapsed=7.92h → avl_709_20260714_235849.xml
[20260714_235920] +72 activities | files=992 | total_rows≈70,904 | elapsed=7.93h → avl_709_20260714_235920.xml
[20260714_235951] +72 activities | files=993 | total_rows≈70,976 | elapsed=7.93h → avl_709_20260714_235951.xml
[20260715_000023] +72 activities | files=994 | total_rows≈71,048 | elapsed=7.94h → avl_709_20260715_000023.xml
[20260715_000054] +72 activities | files=995 | total_rows≈71,120 | elapsed=7.95h → avl_709_20260715_000054.xml
[20260715_000125] +72 activities | files=996 | total_rows≈71,192 | elapsed=7.96h → avl_709_20260715_000125.xml
[20260715_000156] +72 activities | files=997 | total_rows≈71,264 | elapsed=7.97h → avl_709_20260715_000156.xml
[20260715_000228] +72 activities | files=998 | total_rows≈71,336 | elapsed=7.98h → avl_709_20260715_000228.xml
[20260715_000259] +72 activities | files=999 | total_rows≈71,408 | elapsed=7.99h → avl_709_20260715_000259.xml
[20260715_000330] +72 activities | files=1000 | total_rows≈71,480 | elapsed=8.00h → avl_709_20260715_000330.xml
[20260715_000402] +72 activities | files=1001 | total_rows≈71,552 | elapsed=8.00h → avl_709_20260715_000402.xml
[20260715_000433] +72 activities | files=1002 | total_rows≈71,624 | elapsed=8.01h → avl_709_20260715_000433.xml
[20260715_000504] +72 activities | files=1003 | total_rows≈71,696 | elapsed=8.02h → avl_709_20260715_000504.xml
[20260715_000536] +72 activities | files=1004 | total_rows≈71,768 | elapsed=8.03h → avl_709_20260715_000536.xml
[20260715_000607] +72 activities | files=1005 | total_rows≈71,840 | elapsed=8.04h → avl_709_20260715_000607.xml
[20260715_000638] +72 activities | files=1006 | total_rows≈71,912 | elapsed=8.05h → avl_709_20260715_000638.xml
[20260715_000709] +72 activities | files=1007 | total_rows≈71,984 | elapsed=8.06h → avl_709_20260715_000709.xml
[20260715_000741] +72 activities | files=1008 | total_rows≈72,056 | elapsed=8.07h → avl_709_20260715_000741.xml
[20260715_000812] +72 activities | files=1009 | total_rows≈72,128 | elapsed=8.07h → avl_709_20260715_000812.xml
[20260715_000843] +72 activities | files=1010 | total_rows≈72,200 | elapsed=8.08h → avl_709_20260715_000843.xml
[20260715_000914] +72 activities | files=1011 | total_rows≈72,272 | elapsed=8.09h → avl_709_20260715_000914.xml
[20260715_000945] +72 activities | files=1012 | total_rows≈72,344 | elapsed=8.10h → avl_709_20260715_000945.xml
[20260715_001016] +72 activities | files=1013 | total_rows≈72,416 | elapsed=8.11h → avl_709_20260715_001016.xml
[20260715_001047] +72 activities | files=1014 | total_rows≈72,488 | elapsed=8.12h → avl_709_20260715_001047.xml
[20260715_001118] +72 activities | files=1015 | total_rows≈72,560 | elapsed=8.13h → avl_709_20260715_001118.xml
[20260715_001149] +72 activities | files=1016 | total_rows≈72,632 | elapsed=8.13h → avl_709_20260715_001149.xml
[20260715_001221] +72 activities | files=1017 | total_rows≈72,704 | elapsed=8.14h → avl_709_20260715_001221.xml
[20260715_001252] +72 activities | files=1018 | total_rows≈72,776 | elapsed=8.15h → avl_709_20260715_001252.xml
[20260715_001323] +72 activities | files=1019 | total_rows≈72,848 | elapsed=8.16h → avl_709_20260715_001323.xml
[20260715_001354] +72 activities | files=1020 | total_rows≈72,920 | elapsed=8.17h → avl_709_20260715_001354.xml
[20260715_001425] +72 activities | files=1021 | total_rows≈72,992 | elapsed=8.18h → avl_709_20260715_001425.xml
[20260715_001456] +72 activities | files=1022 | total_rows≈73,064 | elapsed=8.19h → avl_709_20260715_001456.xml
[20260715_001527] +72 activities | files=1023 | total_rows≈73,136 | elapsed=8.19h → avl_709_20260715_001527.xml
[20260715_001559] +72 activities | files=1024 | total_rows≈73,208 | elapsed=8.20h → avl_709_20260715_001559.xml
[20260715_001630] +72 activities | files=1025 | total_rows≈73,280 | elapsed=8.21h → avl_709_20260715_001630.xml
[20260715_001701] +72 activities | files=1026 | total_rows≈73,352 | elapsed=8.22h → avl_709_20260715_001701.xml
[20260715_001732] +72 activities | files=1027 | total_rows≈73,424 | elapsed=8.23h → avl_709_20260715_001732.xml
[20260715_001803] +72 activities | files=1028 | total_rows≈73,496 | elapsed=8.24h → avl_709_20260715_001803.xml
[20260715_001834] +72 activities | files=1029 | total_rows≈73,568 | elapsed=8.25h → avl_709_20260715_001834.xml
[20260715_001905] +72 activities | files=1030 | total_rows≈73,640 | elapsed=8.26h → avl_709_20260715_001905.xml
[20260715_001936] +72 activities | files=1031 | total_rows≈73,712 | elapsed=8.26h → avl_709_20260715_001936.xml
[20260715_002007] +72 activities | files=1032 | total_rows≈73,784 | elapsed=8.27h → avl_709_20260715_002007.xml
[20260715_002038] +72 activities | files=1033 | total_rows≈73,856 | elapsed=8.28h → avl_709_20260715_002038.xml
[20260715_002109] +72 activities | files=1034 | total_rows≈73,928 | elapsed=8.29h → avl_709_20260715_002109.xml
[20260715_002141] +72 activities | files=1035 | total_rows≈74,000 | elapsed=8.30h → avl_709_20260715_002141.xml
[20260715_002212] +72 activities | files=1036 | total_rows≈74,072 | elapsed=8.31h → avl_709_20260715_002212.xml
[20260715_002243] +72 activities | files=1037 | total_rows≈74,144 | elapsed=8.32h → avl_709_20260715_002243.xml
[20260715_002314] +72 activities | files=1038 | total_rows≈74,216 | elapsed=8.32h → avl_709_20260715_002314.xml
[20260715_002345] +72 activities | files=1039 | total_rows≈74,288 | elapsed=8.33h → avl_709_20260715_002345.xml
[20260715_002416] +72 activities | files=1040 | total_rows≈74,360 | elapsed=8.34h → avl_709_20260715_002416.xml
[20260715_002447] +72 activities | files=1041 | total_rows≈74,432 | elapsed=8.35h → avl_709_20260715_002447.xml
[20260715_002518] +72 activities | files=1042 | total_rows≈74,504 | elapsed=8.36h → avl_709_20260715_002518.xml
[20260715_002549] +72 activities | files=1043 | total_rows≈74,576 | elapsed=8.37h → avl_709_20260715_002549.xml
[20260715_002621] +72 activities | files=1044 | total_rows≈74,648 | elapsed=8.38h → avl_709_20260715_002621.xml
[20260715_002652] +72 activities | files=1045 | total_rows≈74,720 | elapsed=8.39h → avl_709_20260715_002652.xml
[20260715_002723] +72 activities | files=1046 | total_rows≈74,792 | elapsed=8.39h → avl_709_20260715_002723.xml
[20260715_002754] +72 activities | files=1047 | total_rows≈74,864 | elapsed=8.40h → avl_709_20260715_002754.xml
[20260715_002825] +72 activities | files=1048 | total_rows≈74,936 | elapsed=8.41h → avl_709_20260715_002825.xml
[20260715_002856] +72 activities | files=1049 | total_rows≈75,008 | elapsed=8.42h → avl_709_20260715_002856.xml
[20260715_002927] +72 activities | files=1050 | total_rows≈75,080 | elapsed=8.43h → avl_709_20260715_002927.xml
[20260715_002958] +72 activities | files=1051 | total_rows≈75,152 | elapsed=8.44h → avl_709_20260715_002958.xml
[20260715_003030] +72 activities | files=1052 | total_rows≈75,224 | elapsed=8.45h → avl_709_20260715_003030.xml
[20260715_003101] +72 activities | files=1053 | total_rows≈75,296 | elapsed=8.45h → avl_709_20260715_003101.xml
[20260715_003132] +72 activities | files=1054 | total_rows≈75,368 | elapsed=8.46h → avl_709_20260715_003132.xml
[20260715_003203] +72 activities | files=1055 | total_rows≈75,440 | elapsed=8.47h → avl_709_20260715_003203.xml
[20260715_003234] +72 activities | files=1056 | total_rows≈75,512 | elapsed=8.48h → avl_709_20260715_003234.xml
[20260715_003305] +72 activities | files=1057 | total_rows≈75,584 | elapsed=8.49h → avl_709_20260715_003305.xml
[20260715_003336] +72 activities | files=1058 | total_rows≈75,656 | elapsed=8.50h → avl_709_20260715_003336.xml
[20260715_003407] +72 activities | files=1059 | total_rows≈75,728 | elapsed=8.51h → avl_709_20260715_003407.xml
[20260715_003438] +72 activities | files=1060 | total_rows≈75,800 | elapsed=8.51h → avl_709_20260715_003438.xml
[20260715_003509] +72 activities | files=1061 | total_rows≈75,872 | elapsed=8.52h → avl_709_20260715_003509.xml
[20260715_003540] +72 activities | files=1062 | total_rows≈75,944 | elapsed=8.53h → avl_709_20260715_003540.xml
[20260715_003611] +72 activities | files=1063 | total_rows≈76,016 | elapsed=8.54h → avl_709_20260715_003611.xml
[20260715_003642] +72 activities | files=1064 | total_rows≈76,088 | elapsed=8.55h → avl_709_20260715_003642.xml
[20260715_003713] +72 activities | files=1065 | total_rows≈76,160 | elapsed=8.56h → avl_709_20260715_003713.xml
[20260715_003744] +72 activities | files=1066 | total_rows≈76,232 | elapsed=8.57h → avl_709_20260715_003744.xml
[20260715_003816] +72 activities | files=1067 | total_rows≈76,304 | elapsed=8.57h → avl_709_20260715_003816.xml
[20260715_003848] +72 activities | files=1068 | total_rows≈76,376 | elapsed=8.58h → avl_709_20260715_003848.xml
[20260715_003919] +72 activities | files=1069 | total_rows≈76,448 | elapsed=8.59h → avl_709_20260715_003919.xml
[20260715_003950] +72 activities | files=1070 | total_rows≈76,520 | elapsed=8.60h → avl_709_20260715_003950.xml
[20260715_004021] +72 activities | files=1071 | total_rows≈76,592 | elapsed=8.61h → avl_709_20260715_004021.xml
[20260715_004052] +72 activities | files=1072 | total_rows≈76,664 | elapsed=8.62h → avl_709_20260715_004052.xml
[20260715_004123] +72 activities | files=1073 | total_rows≈76,736 | elapsed=8.63h → avl_709_20260715_004123.xml
[20260715_004154] +72 activities | files=1074 | total_rows≈76,808 | elapsed=8.64h → avl_709_20260715_004154.xml
[20260715_004225] +72 activities | files=1075 | total_rows≈76,880 | elapsed=8.64h → avl_709_20260715_004225.xml
[20260715_004256] +72 activities | files=1076 | total_rows≈76,952 | elapsed=8.65h → avl_709_20260715_004256.xml
[20260715_004327] +72 activities | files=1077 | total_rows≈77,024 | elapsed=8.66h → avl_709_20260715_004327.xml
[20260715_004358] +72 activities | files=1078 | total_rows≈77,096 | elapsed=8.67h → avl_709_20260715_004358.xml
[20260715_004429] +72 activities | files=1079 | total_rows≈77,168 | elapsed=8.68h → avl_709_20260715_004429.xml
[20260715_004501] +72 activities | files=1080 | total_rows≈77,240 | elapsed=8.69h → avl_709_20260715_004501.xml
[20260715_004532] +72 activities | files=1081 | total_rows≈77,312 | elapsed=8.70h → avl_709_20260715_004532.xml
[20260715_004603] +72 activities | files=1082 | total_rows≈77,384 | elapsed=8.70h → avl_709_20260715_004603.xml
[20260715_004634] +72 activities | files=1083 | total_rows≈77,456 | elapsed=8.71h → avl_709_20260715_004634.xml
[20260715_004705] +72 activities | files=1084 | total_rows≈77,528 | elapsed=8.72h → avl_709_20260715_004705.xml
[20260715_004736] +72 activities | files=1085 | total_rows≈77,600 | elapsed=8.73h → avl_709_20260715_004736.xml
[20260715_004808] +72 activities | files=1086 | total_rows≈77,672 | elapsed=8.74h → avl_709_20260715_004808.xml
[20260715_004839] +72 activities | files=1087 | total_rows≈77,744 | elapsed=8.75h → avl_709_20260715_004839.xml
[20260715_004910] +72 activities | files=1088 | total_rows≈77,816 | elapsed=8.76h → avl_709_20260715_004910.xml
[20260715_004941] +72 activities | files=1089 | total_rows≈77,888 | elapsed=8.77h → avl_709_20260715_004941.xml
[20260715_005012] +72 activities | files=1090 | total_rows≈77,960 | elapsed=8.77h → avl_709_20260715_005012.xml
[20260715_005043] +72 activities | files=1091 | total_rows≈78,032 | elapsed=8.78h → avl_709_20260715_005043.xml
[20260715_005114] +72 activities | files=1092 | total_rows≈78,104 | elapsed=8.79h → avl_709_20260715_005114.xml
[20260715_005146] +72 activities | files=1093 | total_rows≈78,176 | elapsed=8.80h → avl_709_20260715_005146.xml
[20260715_005217] +72 activities | files=1094 | total_rows≈78,248 | elapsed=8.81h → avl_709_20260715_005217.xml
[20260715_005248] +72 activities | files=1095 | total_rows≈78,320 | elapsed=8.82h → avl_709_20260715_005248.xml
[20260715_005319] +72 activities | files=1096 | total_rows≈78,392 | elapsed=8.83h → avl_709_20260715_005319.xml
[20260715_005350] +72 activities | files=1097 | total_rows≈78,464 | elapsed=8.83h → avl_709_20260715_005350.xml
[20260715_005421] +72 activities | files=1098 | total_rows≈78,536 | elapsed=8.84h → avl_709_20260715_005421.xml
[20260715_005452] +72 activities | files=1099 | total_rows≈78,608 | elapsed=8.85h → avl_709_20260715_005452.xml
[20260715_005523] +72 activities | files=1100 | total_rows≈78,680 | elapsed=8.86h → avl_709_20260715_005523.xml
[20260715_005556] +72 activities | files=1101 | total_rows≈78,752 | elapsed=8.87h → avl_709_20260715_005556.xml
[20260715_005627] +72 activities | files=1102 | total_rows≈78,824 | elapsed=8.88h → avl_709_20260715_005627.xml
[20260715_005658] +72 activities | files=1103 | total_rows≈78,896 | elapsed=8.89h → avl_709_20260715_005658.xml
[20260715_005729] +72 activities | files=1104 | total_rows≈78,968 | elapsed=8.90h → avl_709_20260715_005729.xml
[20260715_005800] +72 activities | files=1105 | total_rows≈79,040 | elapsed=8.90h → avl_709_20260715_005800.xml
[20260715_005831] +72 activities | files=1106 | total_rows≈79,112 | elapsed=8.91h → avl_709_20260715_005831.xml
[20260715_005903] +72 activities | files=1107 | total_rows≈79,184 | elapsed=8.92h → avl_709_20260715_005903.xml
[20260715_005934] +72 activities | files=1108 | total_rows≈79,256 | elapsed=8.93h → avl_709_20260715_005934.xml
[20260715_010005] +72 activities | files=1109 | total_rows≈79,328 | elapsed=8.94h → avl_709_20260715_010005.xml
[20260715_010036] +72 activities | files=1110 | total_rows≈79,400 | elapsed=8.95h → avl_709_20260715_010036.xml
[20260715_010107] +72 activities | files=1111 | total_rows≈79,472 | elapsed=8.96h → avl_709_20260715_010107.xml
[20260715_010138] +72 activities | files=1112 | total_rows≈79,544 | elapsed=8.96h → avl_709_20260715_010138.xml
[20260715_010209] +72 activities | files=1113 | total_rows≈79,616 | elapsed=8.97h → avl_709_20260715_010209.xml
[20260715_010240] +72 activities | files=1114 | total_rows≈79,688 | elapsed=8.98h → avl_709_20260715_010240.xml
[20260715_010311] +72 activities | files=1115 | total_rows≈79,760 | elapsed=8.99h → avl_709_20260715_010311.xml
[20260715_010343] +72 activities | files=1116 | total_rows≈79,832 | elapsed=9.00h → avl_709_20260715_010343.xml
[20260715_010414] +72 activities | files=1117 | total_rows≈79,904 | elapsed=9.01h → avl_709_20260715_010414.xml
[20260715_010445] +72 activities | files=1118 | total_rows≈79,976 | elapsed=9.02h → avl_709_20260715_010445.xml
[20260715_010516] +72 activities | files=1119 | total_rows≈80,048 | elapsed=9.03h → avl_709_20260715_010516.xml
[20260715_010547] +72 activities | files=1120 | total_rows≈80,120 | elapsed=9.03h → avl_709_20260715_010547.xml
[20260715_010618] +72 activities | files=1121 | total_rows≈80,192 | elapsed=9.04h → avl_709_20260715_010618.xml
[20260715_010649] +72 activities | files=1122 | total_rows≈80,264 | elapsed=9.05h → avl_709_20260715_010649.xml
[20260715_010720] +72 activities | files=1123 | total_rows≈80,336 | elapsed=9.06h → avl_709_20260715_010720.xml
[20260715_010751] +72 activities | files=1124 | total_rows≈80,408 | elapsed=9.07h → avl_709_20260715_010751.xml
[20260715_010822] +72 activities | files=1125 | total_rows≈80,480 | elapsed=9.08h → avl_709_20260715_010822.xml
[20260715_010853] +72 activities | files=1126 | total_rows≈80,552 | elapsed=9.09h → avl_709_20260715_010853.xml
[20260715_010924] +72 activities | files=1127 | total_rows≈80,624 | elapsed=9.09h → avl_709_20260715_010924.xml
[20260715_010955] +72 activities | files=1128 | total_rows≈80,696 | elapsed=9.10h → avl_709_20260715_010955.xml
[20260715_011026] +72 activities | files=1129 | total_rows≈80,768 | elapsed=9.11h → avl_709_20260715_011026.xml
[20260715_011057] +72 activities | files=1130 | total_rows≈80,840 | elapsed=9.12h → avl_709_20260715_011057.xml
[20260715_011128] +72 activities | files=1131 | total_rows≈80,912 | elapsed=9.13h → avl_709_20260715_011128.xml
[20260715_011159] +72 activities | files=1132 | total_rows≈80,984 | elapsed=9.14h → avl_709_20260715_011159.xml
[20260715_011230] +72 activities | files=1133 | total_rows≈81,056 | elapsed=9.15h → avl_709_20260715_011230.xml
[20260715_011301] +72 activities | files=1134 | total_rows≈81,128 | elapsed=9.15h → avl_709_20260715_011301.xml
[20260715_011332] +72 activities | files=1135 | total_rows≈81,200 | elapsed=9.16h → avl_709_20260715_011332.xml
[20260715_011403] +72 activities | files=1136 | total_rows≈81,272 | elapsed=9.17h → avl_709_20260715_011403.xml
[20260715_011435] +72 activities | files=1137 | total_rows≈81,344 | elapsed=9.18h → avl_709_20260715_011435.xml
[20260715_011506] +72 activities | files=1138 | total_rows≈81,416 | elapsed=9.19h → avl_709_20260715_011506.xml
[20260715_011537] +72 activities | files=1139 | total_rows≈81,488 | elapsed=9.20h → avl_709_20260715_011537.xml
[20260715_011608] +72 activities | files=1140 | total_rows≈81,560 | elapsed=9.21h → avl_709_20260715_011608.xml
[20260715_011639] +72 activities | files=1141 | total_rows≈81,632 | elapsed=9.21h → avl_709_20260715_011639.xml
[20260715_011710] +72 activities | files=1142 | total_rows≈81,704 | elapsed=9.22h → avl_709_20260715_011710.xml
[20260715_011742] +72 activities | files=1143 | total_rows≈81,776 | elapsed=9.23h → avl_709_20260715_011742.xml
[20260715_011813] +72 activities | files=1144 | total_rows≈81,848 | elapsed=9.24h → avl_709_20260715_011813.xml
[20260715_011844] +72 activities | files=1145 | total_rows≈81,920 | elapsed=9.25h → avl_709_20260715_011844.xml
[20260715_011915] +72 activities | files=1146 | total_rows≈81,992 | elapsed=9.26h → avl_709_20260715_011915.xml
[20260715_011946] +72 activities | files=1147 | total_rows≈82,064 | elapsed=9.27h → avl_709_20260715_011946.xml
[20260715_012017] +72 activities | files=1148 | total_rows≈82,136 | elapsed=9.28h → avl_709_20260715_012017.xml
[20260715_012048] +72 activities | files=1149 | total_rows≈82,208 | elapsed=9.28h → avl_709_20260715_012048.xml
[20260715_012119] +72 activities | files=1150 | total_rows≈82,280 | elapsed=9.29h → avl_709_20260715_012119.xml
[20260715_012150] +72 activities | files=1151 | total_rows≈82,352 | elapsed=9.30h → avl_709_20260715_012150.xml
[20260715_012221] +72 activities | files=1152 | total_rows≈82,424 | elapsed=9.31h → avl_709_20260715_012221.xml
[20260715_012252] +72 activities | files=1153 | total_rows≈82,496 | elapsed=9.32h → avl_709_20260715_012252.xml
[20260715_012323] +72 activities | files=1154 | total_rows≈82,568 | elapsed=9.33h → avl_709_20260715_012323.xml
[20260715_012356] +72 activities | files=1155 | total_rows≈82,640 | elapsed=9.34h → avl_709_20260715_012356.xml
[20260715_012427] +72 activities | files=1156 | total_rows≈82,712 | elapsed=9.34h → avl_709_20260715_012427.xml
[20260715_012458] +72 activities | files=1157 | total_rows≈82,784 | elapsed=9.35h → avl_709_20260715_012458.xml
[20260715_012529] +72 activities | files=1158 | total_rows≈82,856 | elapsed=9.36h → avl_709_20260715_012529.xml
[20260715_012600] +72 activities | files=1159 | total_rows≈82,928 | elapsed=9.37h → avl_709_20260715_012600.xml
[20260715_012631] +72 activities | files=1160 | total_rows≈83,000 | elapsed=9.38h → avl_709_20260715_012631.xml
[20260715_012702] +72 activities | files=1161 | total_rows≈83,072 | elapsed=9.39h → avl_709_20260715_012702.xml
[20260715_012733] +72 activities | files=1162 | total_rows≈83,144 | elapsed=9.40h → avl_709_20260715_012733.xml
[20260715_012804] +72 activities | files=1163 | total_rows≈83,216 | elapsed=9.41h → avl_709_20260715_012804.xml
[20260715_012835] +72 activities | files=1164 | total_rows≈83,288 | elapsed=9.41h → avl_709_20260715_012835.xml
[20260715_012906] +72 activities | files=1165 | total_rows≈83,360 | elapsed=9.42h → avl_709_20260715_012906.xml
[20260715_012937] +72 activities | files=1166 | total_rows≈83,432 | elapsed=9.43h → avl_709_20260715_012937.xml
[20260715_013008] +72 activities | files=1167 | total_rows≈83,504 | elapsed=9.44h → avl_709_20260715_013008.xml
[20260715_013039] +72 activities | files=1168 | total_rows≈83,576 | elapsed=9.45h → avl_709_20260715_013039.xml
[20260715_013110] +72 activities | files=1169 | total_rows≈83,648 | elapsed=9.46h → avl_709_20260715_013110.xml
[20260715_013142] +72 activities | files=1170 | total_rows≈83,720 | elapsed=9.47h → avl_709_20260715_013142.xml
[20260715_013213] +72 activities | files=1171 | total_rows≈83,792 | elapsed=9.47h → avl_709_20260715_013213.xml
[20260715_013244] +72 activities | files=1172 | total_rows≈83,864 | elapsed=9.48h → avl_709_20260715_013244.xml
[20260715_013315] +72 activities | files=1173 | total_rows≈83,936 | elapsed=9.49h → avl_709_20260715_013315.xml
[20260715_013346] +72 activities | files=1174 | total_rows≈84,008 | elapsed=9.50h → avl_709_20260715_013346.xml
[20260715_013417] +72 activities | files=1175 | total_rows≈84,080 | elapsed=9.51h → avl_709_20260715_013417.xml
[20260715_013449] +72 activities | files=1176 | total_rows≈84,152 | elapsed=9.52h → avl_709_20260715_013449.xml
[20260715_013520] +72 activities | files=1177 | total_rows≈84,224 | elapsed=9.53h → avl_709_20260715_013520.xml
[20260715_013550] +72 activities | files=1178 | total_rows≈84,296 | elapsed=9.53h → avl_709_20260715_013550.xml
[20260715_013622] +72 activities | files=1179 | total_rows≈84,368 | elapsed=9.54h → avl_709_20260715_013622.xml
[20260715_013653] +72 activities | files=1180 | total_rows≈84,440 | elapsed=9.55h → avl_709_20260715_013653.xml
[20260715_013724] +72 activities | files=1181 | total_rows≈84,512 | elapsed=9.56h → avl_709_20260715_013724.xml
[20260715_013755] +72 activities | files=1182 | total_rows≈84,584 | elapsed=9.57h → avl_709_20260715_013755.xml
[20260715_013826] +72 activities | files=1183 | total_rows≈84,656 | elapsed=9.58h → avl_709_20260715_013826.xml
[20260715_013857] +72 activities | files=1184 | total_rows≈84,728 | elapsed=9.59h → avl_709_20260715_013857.xml
[20260715_013930] +72 activities | files=1185 | total_rows≈84,800 | elapsed=9.60h → avl_709_20260715_013930.xml
[20260715_014001] +72 activities | files=1186 | total_rows≈84,872 | elapsed=9.60h → avl_709_20260715_014001.xml
[20260715_014032] +72 activities | files=1187 | total_rows≈84,944 | elapsed=9.61h → avl_709_20260715_014032.xml
[20260715_014103] +72 activities | files=1188 | total_rows≈85,016 | elapsed=9.62h → avl_709_20260715_014103.xml
[20260715_014134] +72 activities | files=1189 | total_rows≈85,088 | elapsed=9.63h → avl_709_20260715_014134.xml
[20260715_014205] +72 activities | files=1190 | total_rows≈85,160 | elapsed=9.64h → avl_709_20260715_014205.xml
[20260715_014237] +72 activities | files=1191 | total_rows≈85,232 | elapsed=9.65h → avl_709_20260715_014237.xml
[20260715_014308] +72 activities | files=1192 | total_rows≈85,304 | elapsed=9.66h → avl_709_20260715_014308.xml
[20260715_014339] +72 activities | files=1193 | total_rows≈85,376 | elapsed=9.66h → avl_709_20260715_014339.xml
[20260715_014410] +72 activities | files=1194 | total_rows≈85,448 | elapsed=9.67h → avl_709_20260715_014410.xml
[20260715_014441] +72 activities | files=1195 | total_rows≈85,520 | elapsed=9.68h → avl_709_20260715_014441.xml
[20260715_014512] +72 activities | files=1196 | total_rows≈85,592 | elapsed=9.69h → avl_709_20260715_014512.xml
[20260715_014543] +72 activities | files=1197 | total_rows≈85,664 | elapsed=9.70h → avl_709_20260715_014543.xml
[20260715_014614] +72 activities | files=1198 | total_rows≈85,736 | elapsed=9.71h → avl_709_20260715_014614.xml
[20260715_014645] +72 activities | files=1199 | total_rows≈85,808 | elapsed=9.72h → avl_709_20260715_014645.xml
[20260715_014716] +72 activities | files=1200 | total_rows≈85,880 | elapsed=9.73h → avl_709_20260715_014716.xml
[20260715_014747] +72 activities | files=1201 | total_rows≈85,952 | elapsed=9.73h → avl_709_20260715_014747.xml
[20260715_014818] +72 activities | files=1202 | total_rows≈86,024 | elapsed=9.74h → avl_709_20260715_014818.xml
[20260715_014849] +72 activities | files=1203 | total_rows≈86,096 | elapsed=9.75h → avl_709_20260715_014849.xml
[20260715_014920] +72 activities | files=1204 | total_rows≈86,168 | elapsed=9.76h → avl_709_20260715_014920.xml
[20260715_014951] +72 activities | files=1205 | total_rows≈86,240 | elapsed=9.77h → avl_709_20260715_014951.xml
[20260715_015022] +72 activities | files=1206 | total_rows≈86,312 | elapsed=9.78h → avl_709_20260715_015022.xml
[20260715_015054] +72 activities | files=1207 | total_rows≈86,384 | elapsed=9.79h → avl_709_20260715_015054.xml
[20260715_015125] +72 activities | files=1208 | total_rows≈86,456 | elapsed=9.79h → avl_709_20260715_015125.xml
[20260715_015156] +72 activities | files=1209 | total_rows≈86,528 | elapsed=9.80h → avl_709_20260715_015156.xml
[20260715_015227] +72 activities | files=1210 | total_rows≈86,600 | elapsed=9.81h → avl_709_20260715_015227.xml
[20260715_015258] +72 activities | files=1211 | total_rows≈86,672 | elapsed=9.82h → avl_709_20260715_015258.xml
[20260715_015329] +72 activities | files=1212 | total_rows≈86,744 | elapsed=9.83h → avl_709_20260715_015329.xml
[20260715_015400] +72 activities | files=1213 | total_rows≈86,816 | elapsed=9.84h → avl_709_20260715_015400.xml
[20260715_015431] +72 activities | files=1214 | total_rows≈86,888 | elapsed=9.85h → avl_709_20260715_015431.xml
[20260715_015502] +72 activities | files=1215 | total_rows≈86,960 | elapsed=9.85h → avl_709_20260715_015502.xml
[20260715_015533] +72 activities | files=1216 | total_rows≈87,032 | elapsed=9.86h → avl_709_20260715_015533.xml
[20260715_015604] +72 activities | files=1217 | total_rows≈87,104 | elapsed=9.87h → avl_709_20260715_015604.xml
[20260715_015637] +72 activities | files=1218 | total_rows≈87,176 | elapsed=9.88h → avl_709_20260715_015637.xml
[20260715_015708] +72 activities | files=1219 | total_rows≈87,248 | elapsed=9.89h → avl_709_20260715_015708.xml
[20260715_015739] +72 activities | files=1220 | total_rows≈87,320 | elapsed=9.90h → avl_709_20260715_015739.xml
[20260715_015811] +72 activities | files=1221 | total_rows≈87,392 | elapsed=9.91h → avl_709_20260715_015811.xml
[20260715_015841] +72 activities | files=1222 | total_rows≈87,464 | elapsed=9.92h → avl_709_20260715_015841.xml
[20260715_015913] +72 activities | files=1223 | total_rows≈87,536 | elapsed=9.92h → avl_709_20260715_015913.xml
[20260715_015944] +72 activities | files=1224 | total_rows≈87,608 | elapsed=9.93h → avl_709_20260715_015944.xml
[20260715_020015] +72 activities | files=1225 | total_rows≈87,680 | elapsed=9.94h → avl_709_20260715_020015.xml
[20260715_020046] +72 activities | files=1226 | total_rows≈87,752 | elapsed=9.95h → avl_709_20260715_020046.xml
[20260715_020117] +72 activities | files=1227 | total_rows≈87,824 | elapsed=9.96h → avl_709_20260715_020117.xml
[20260715_020148] +72 activities | files=1228 | total_rows≈87,896 | elapsed=9.97h → avl_709_20260715_020148.xml
[20260715_020219] +72 activities | files=1229 | total_rows≈87,968 | elapsed=9.98h → avl_709_20260715_020219.xml
[20260715_020251] +72 activities | files=1230 | total_rows≈88,040 | elapsed=9.98h → avl_709_20260715_020251.xml
[20260715_020322] +72 activities | files=1231 | total_rows≈88,112 | elapsed=9.99h → avl_709_20260715_020322.xml
[20260715_020353] +72 activities | files=1232 | total_rows≈88,184 | elapsed=10.00h → avl_709_20260715_020353.xml
[20260715_020424] +72 activities | files=1233 | total_rows≈88,256 | elapsed=10.01h → avl_709_20260715_020424.xml
[20260715_020455] +72 activities | files=1234 | total_rows≈88,328 | elapsed=10.02h → avl_709_20260715_020455.xml
[20260715_020526] +72 activities | files=1235 | total_rows≈88,400 | elapsed=10.03h → avl_709_20260715_020526.xml
[20260715_020557] +72 activities | files=1236 | total_rows≈88,472 | elapsed=10.04h → avl_709_20260715_020557.xml
[20260715_020628] +72 activities | files=1237 | total_rows≈88,544 | elapsed=10.05h → avl_709_20260715_020628.xml
[20260715_020659] +72 activities | files=1238 | total_rows≈88,616 | elapsed=10.05h → avl_709_20260715_020659.xml
[20260715_020731] +72 activities | files=1239 | total_rows≈88,688 | elapsed=10.06h → avl_709_20260715_020731.xml
[20260715_020802] +72 activities | files=1240 | total_rows≈88,760 | elapsed=10.07h → avl_709_20260715_020802.xml
[20260715_020833] +72 activities | files=1241 | total_rows≈88,832 | elapsed=10.08h → avl_709_20260715_020833.xml
[20260715_020904] +72 activities | files=1242 | total_rows≈88,904 | elapsed=10.09h → avl_709_20260715_020904.xml
[20260715_020935] +72 activities | files=1243 | total_rows≈88,976 | elapsed=10.10h → avl_709_20260715_020935.xml
[20260715_021006] +72 activities | files=1244 | total_rows≈89,048 | elapsed=10.11h → avl_709_20260715_021006.xml
[20260715_021038] +72 activities | files=1245 | total_rows≈89,120 | elapsed=10.11h → avl_709_20260715_021038.xml
[20260715_021109] +72 activities | files=1246 | total_rows≈89,192 | elapsed=10.12h → avl_709_20260715_021109.xml
[20260715_021142] +72 activities | files=1247 | total_rows≈89,264 | elapsed=10.13h → avl_709_20260715_021142.xml
[20260715_021213] +72 activities | files=1248 | total_rows≈89,336 | elapsed=10.14h → avl_709_20260715_021213.xml
[20260715_021244] +72 activities | files=1249 | total_rows≈89,408 | elapsed=10.15h → avl_709_20260715_021244.xml
[20260715_021315] +72 activities | files=1250 | total_rows≈89,480 | elapsed=10.16h → avl_709_20260715_021315.xml
[20260715_021347] +72 activities | files=1251 | total_rows≈89,552 | elapsed=10.17h → avl_709_20260715_021347.xml
[20260715_021418] +72 activities | files=1252 | total_rows≈89,624 | elapsed=10.18h → avl_709_20260715_021418.xml
[20260715_021449] +72 activities | files=1253 | total_rows≈89,696 | elapsed=10.18h → avl_709_20260715_021449.xml
[20260715_021520] +72 activities | files=1254 | total_rows≈89,768 | elapsed=10.19h → avl_709_20260715_021520.xml
[20260715_021551] +72 activities | files=1255 | total_rows≈89,840 | elapsed=10.20h → avl_709_20260715_021551.xml
[20260715_021624] +72 activities | files=1256 | total_rows≈89,912 | elapsed=10.21h → avl_709_20260715_021624.xml
[20260715_021655] +72 activities | files=1257 | total_rows≈89,984 | elapsed=10.22h → avl_709_20260715_021655.xml
[20260715_021726] +72 activities | files=1258 | total_rows≈90,056 | elapsed=10.23h → avl_709_20260715_021726.xml
[20260715_021757] ERROR: <urlopen error [Errno 8] nodename nor servname provided, or not known> (errors=1)
[20260715_021903] ERROR: <urlopen error [Errno 8] nodename nor servname provided, or not known> (errors=2)
[20260715_022003] +72 activities | files=1259 | total_rows≈90,128 | elapsed=10.27h → avl_709_20260715_022003.xml
[20260715_022034] +72 activities | files=1260 | total_rows≈90,200 | elapsed=10.28h → avl_709_20260715_022034.xml
[20260715_022106] +72 activities | files=1261 | total_rows≈90,272 | elapsed=10.29h → avl_709_20260715_022106.xml
[20260715_022137] +72 activities | files=1262 | total_rows≈90,344 | elapsed=10.30h → avl_709_20260715_022137.xml
[20260715_022208] +72 activities | files=1263 | total_rows≈90,416 | elapsed=10.31h → avl_709_20260715_022208.xml
[20260715_022239] +72 activities | files=1264 | total_rows≈90,488 | elapsed=10.31h → avl_709_20260715_022239.xml
[20260715_022311] +72 activities | files=1265 | total_rows≈90,560 | elapsed=10.32h → avl_709_20260715_022311.xml
[20260715_022342] +72 activities | files=1266 | total_rows≈90,632 | elapsed=10.33h → avl_709_20260715_022342.xml
[20260715_022413] +72 activities | files=1267 | total_rows≈90,704 | elapsed=10.34h → avl_709_20260715_022413.xml
[20260715_022444] +72 activities | files=1268 | total_rows≈90,776 | elapsed=10.35h → avl_709_20260715_022444.xml
[20260715_022515] +72 activities | files=1269 | total_rows≈90,848 | elapsed=10.36h → avl_709_20260715_022515.xml
[20260715_022546] +72 activities | files=1270 | total_rows≈90,920 | elapsed=10.37h → avl_709_20260715_022546.xml
[20260715_022618] +72 activities | files=1271 | total_rows≈90,992 | elapsed=10.38h → avl_709_20260715_022618.xml
[20260715_022649] +72 activities | files=1272 | total_rows≈91,064 | elapsed=10.38h → avl_709_20260715_022649.xml
[20260715_022720] +72 activities | files=1273 | total_rows≈91,136 | elapsed=10.39h → avl_709_20260715_022720.xml
[20260715_022751] +72 activities | files=1274 | total_rows≈91,208 | elapsed=10.40h → avl_709_20260715_022751.xml
[20260715_022822] +72 activities | files=1275 | total_rows≈91,280 | elapsed=10.41h → avl_709_20260715_022822.xml
[20260715_022853] +72 activities | files=1276 | total_rows≈91,352 | elapsed=10.42h → avl_709_20260715_022853.xml
[20260715_022924] +72 activities | files=1277 | total_rows≈91,424 | elapsed=10.43h → avl_709_20260715_022924.xml
[20260715_022955] +72 activities | files=1278 | total_rows≈91,496 | elapsed=10.44h → avl_709_20260715_022955.xml
[20260715_023026] +72 activities | files=1279 | total_rows≈91,568 | elapsed=10.44h → avl_709_20260715_023026.xml
[20260715_023057] +72 activities | files=1280 | total_rows≈91,640 | elapsed=10.45h → avl_709_20260715_023057.xml
[20260715_023129] +72 activities | files=1281 | total_rows≈91,712 | elapsed=10.46h → avl_709_20260715_023129.xml
[20260715_023200] +72 activities | files=1282 | total_rows≈91,784 | elapsed=10.47h → avl_709_20260715_023200.xml
[20260715_023231] +72 activities | files=1283 | total_rows≈91,856 | elapsed=10.48h → avl_709_20260715_023231.xml
[20260715_023302] +72 activities | files=1284 | total_rows≈91,928 | elapsed=10.49h → avl_709_20260715_023302.xml
[20260715_023333] +72 activities | files=1285 | total_rows≈92,000 | elapsed=10.50h → avl_709_20260715_023333.xml
[20260715_023404] +72 activities | files=1286 | total_rows≈92,072 | elapsed=10.51h → avl_709_20260715_023404.xml
[20260715_023435] +72 activities | files=1287 | total_rows≈92,144 | elapsed=10.51h → avl_709_20260715_023435.xml
[20260715_023506] +72 activities | files=1288 | total_rows≈92,216 | elapsed=10.52h → avl_709_20260715_023506.xml
[20260715_023537] +72 activities | files=1289 | total_rows≈92,288 | elapsed=10.53h → avl_709_20260715_023537.xml
[20260715_023608] +72 activities | files=1290 | total_rows≈92,360 | elapsed=10.54h → avl_709_20260715_023608.xml
[20260715_023639] +72 activities | files=1291 | total_rows≈92,432 | elapsed=10.55h → avl_709_20260715_023639.xml
[20260715_023710] ERROR: <urlopen error [Errno 8] nodename nor servname provided, or not known> (errors=1)
[20260715_023816] ERROR: <urlopen error [Errno 8] nodename nor servname provided, or not known> (errors=2)
[20260715_023916] +72 activities | files=1292 | total_rows≈92,504 | elapsed=10.59h → avl_709_20260715_023916.xml
[20260715_023947] +72 activities | files=1293 | total_rows≈92,576 | elapsed=10.60h → avl_709_20260715_023947.xml
[20260715_024018] +72 activities | files=1294 | total_rows≈92,648 | elapsed=10.61h → avl_709_20260715_024018.xml
[20260715_024049] +72 activities | files=1295 | total_rows≈92,720 | elapsed=10.62h → avl_709_20260715_024049.xml
[20260715_024120] +72 activities | files=1296 | total_rows≈92,792 | elapsed=10.63h → avl_709_20260715_024120.xml
[20260715_024151] +72 activities | files=1297 | total_rows≈92,864 | elapsed=10.63h → avl_709_20260715_024151.xml
[20260715_024222] +72 activities | files=1298 | total_rows≈92,936 | elapsed=10.64h → avl_709_20260715_024222.xml
[20260715_024253] +72 activities | files=1299 | total_rows≈93,008 | elapsed=10.65h → avl_709_20260715_024253.xml
[20260715_024324] +72 activities | files=1300 | total_rows≈93,080 | elapsed=10.66h → avl_709_20260715_024324.xml
[20260715_024355] +72 activities | files=1301 | total_rows≈93,152 | elapsed=10.67h → avl_709_20260715_024355.xml
[20260715_024426] +72 activities | files=1302 | total_rows≈93,224 | elapsed=10.68h → avl_709_20260715_024426.xml
[20260715_024457] +72 activities | files=1303 | total_rows≈93,296 | elapsed=10.69h → avl_709_20260715_024457.xml
[20260715_024528] +72 activities | files=1304 | total_rows≈93,368 | elapsed=10.70h → avl_709_20260715_024528.xml
[20260715_024559] +72 activities | files=1305 | total_rows≈93,440 | elapsed=10.70h → avl_709_20260715_024559.xml
[20260715_024630] +72 activities | files=1306 | total_rows≈93,512 | elapsed=10.71h → avl_709_20260715_024630.xml
[20260715_024701] +72 activities | files=1307 | total_rows≈93,584 | elapsed=10.72h → avl_709_20260715_024701.xml
[20260715_024733] +72 activities | files=1308 | total_rows≈93,656 | elapsed=10.73h → avl_709_20260715_024733.xml
[20260715_024804] +72 activities | files=1309 | total_rows≈93,728 | elapsed=10.74h → avl_709_20260715_024804.xml
[20260715_024835] +72 activities | files=1310 | total_rows≈93,800 | elapsed=10.75h → avl_709_20260715_024835.xml
[20260715_024906] +72 activities | files=1311 | total_rows≈93,872 | elapsed=10.76h → avl_709_20260715_024906.xml
[20260715_024937] +72 activities | files=1312 | total_rows≈93,944 | elapsed=10.76h → avl_709_20260715_024937.xml
[20260715_025008] +72 activities | files=1313 | total_rows≈94,016 | elapsed=10.77h → avl_709_20260715_025008.xml
[20260715_025039] +72 activities | files=1314 | total_rows≈94,088 | elapsed=10.78h → avl_709_20260715_025039.xml
[20260715_025110] +72 activities | files=1315 | total_rows≈94,160 | elapsed=10.79h → avl_709_20260715_025110.xml
[20260715_025141] +72 activities | files=1316 | total_rows≈94,232 | elapsed=10.80h → avl_709_20260715_025141.xml
[20260715_025212] +72 activities | files=1317 | total_rows≈94,304 | elapsed=10.81h → avl_709_20260715_025212.xml
[20260715_025243] +72 activities | files=1318 | total_rows≈94,376 | elapsed=10.82h → avl_709_20260715_025243.xml
[20260715_025314] +72 activities | files=1319 | total_rows≈94,448 | elapsed=10.82h → avl_709_20260715_025314.xml
[20260715_025346] +72 activities | files=1320 | total_rows≈94,520 | elapsed=10.83h → avl_709_20260715_025346.xml
[20260715_025417] +72 activities | files=1321 | total_rows≈94,592 | elapsed=10.84h → avl_709_20260715_025417.xml
[20260715_025448] +72 activities | files=1322 | total_rows≈94,664 | elapsed=10.85h → avl_709_20260715_025448.xml
[20260715_025519] +72 activities | files=1323 | total_rows≈94,736 | elapsed=10.86h → avl_709_20260715_025519.xml
[20260715_025550] +72 activities | files=1324 | total_rows≈94,808 | elapsed=10.87h → avl_709_20260715_025550.xml
[20260715_025621] +72 activities | files=1325 | total_rows≈94,880 | elapsed=10.88h → avl_709_20260715_025621.xml
[20260715_025654] +72 activities | files=1326 | total_rows≈94,952 | elapsed=10.89h → avl_709_20260715_025654.xml
[20260715_025725] +72 activities | files=1327 | total_rows≈95,024 | elapsed=10.89h → avl_709_20260715_025725.xml
[20260715_025756] +72 activities | files=1328 | total_rows≈95,096 | elapsed=10.90h → avl_709_20260715_025756.xml
[20260715_025827] +72 activities | files=1329 | total_rows≈95,168 | elapsed=10.91h → avl_709_20260715_025827.xml
[20260715_025858] +72 activities | files=1330 | total_rows≈95,240 | elapsed=10.92h → avl_709_20260715_025858.xml
[20260715_025929] +72 activities | files=1331 | total_rows≈95,312 | elapsed=10.93h → avl_709_20260715_025929.xml
[20260715_030000] +72 activities | files=1332 | total_rows≈95,384 | elapsed=10.94h → avl_709_20260715_030000.xml
[20260715_030031] +72 activities | files=1333 | total_rows≈95,456 | elapsed=10.95h → avl_709_20260715_030031.xml
[20260715_030102] +72 activities | files=1334 | total_rows≈95,528 | elapsed=10.95h → avl_709_20260715_030102.xml
[20260715_030134] +72 activities | files=1335 | total_rows≈95,600 | elapsed=10.96h → avl_709_20260715_030134.xml
[20260715_030205] +72 activities | files=1336 | total_rows≈95,672 | elapsed=10.97h → avl_709_20260715_030205.xml
[20260715_030236] +72 activities | files=1337 | total_rows≈95,744 | elapsed=10.98h → avl_709_20260715_030236.xml
[20260715_030307] +72 activities | files=1338 | total_rows≈95,816 | elapsed=10.99h → avl_709_20260715_030307.xml
[20260715_030338] +72 activities | files=1339 | total_rows≈95,888 | elapsed=11.00h → avl_709_20260715_030338.xml
[20260715_030409] +72 activities | files=1340 | total_rows≈95,960 | elapsed=11.01h → avl_709_20260715_030409.xml
[20260715_030440] +72 activities | files=1341 | total_rows≈96,032 | elapsed=11.02h → avl_709_20260715_030440.xml
[20260715_030511] +72 activities | files=1342 | total_rows≈96,104 | elapsed=11.02h → avl_709_20260715_030511.xml
[20260715_030542] +72 activities | files=1343 | total_rows≈96,176 | elapsed=11.03h → avl_709_20260715_030542.xml
[20260715_030614] +72 activities | files=1344 | total_rows≈96,248 | elapsed=11.04h → avl_709_20260715_030614.xml
[20260715_030645] +72 activities | files=1345 | total_rows≈96,320 | elapsed=11.05h → avl_709_20260715_030645.xml
[20260715_030716] +72 activities | files=1346 | total_rows≈96,392 | elapsed=11.06h → avl_709_20260715_030716.xml
[20260715_030747] +72 activities | files=1347 | total_rows≈96,464 | elapsed=11.07h → avl_709_20260715_030747.xml
[20260715_030818] +72 activities | files=1348 | total_rows≈96,536 | elapsed=11.08h → avl_709_20260715_030818.xml
[20260715_030849] +72 activities | files=1349 | total_rows≈96,608 | elapsed=11.08h → avl_709_20260715_030849.xml
[20260715_030920] +72 activities | files=1350 | total_rows≈96,680 | elapsed=11.09h → avl_709_20260715_030920.xml
[20260715_030951] +72 activities | files=1351 | total_rows≈96,752 | elapsed=11.10h → avl_709_20260715_030951.xml
[20260715_031022] +72 activities | files=1352 | total_rows≈96,824 | elapsed=11.11h → avl_709_20260715_031022.xml
[20260715_031054] +72 activities | files=1353 | total_rows≈96,896 | elapsed=11.12h → avl_709_20260715_031054.xml
[20260715_031125] +72 activities | files=1354 | total_rows≈96,968 | elapsed=11.13h → avl_709_20260715_031125.xml
[20260715_031156] ERROR: <urlopen error [Errno 8] nodename nor servname provided, or not known> (errors=1)
[20260715_031301] ERROR: <urlopen error [Errno 8] nodename nor servname provided, or not known> (errors=2)
[20260715_031401] +72 activities | files=1355 | total_rows≈97,040 | elapsed=11.17h → avl_709_20260715_031401.xml
[20260715_031432] +72 activities | files=1356 | total_rows≈97,112 | elapsed=11.18h → avl_709_20260715_031432.xml
[20260715_031503] +72 activities | files=1357 | total_rows≈97,184 | elapsed=11.19h → avl_709_20260715_031503.xml
[20260715_031534] ERROR: <urlopen error [Errno 8] nodename nor servname provided, or not known> (errors=1)
[20260715_031640] ERROR: <urlopen error [Errno 8] nodename nor servname provided, or not known> (errors=2)
[20260715_031740] +72 activities | files=1358 | total_rows≈97,256 | elapsed=11.23h → avl_709_20260715_031740.xml
[20260715_031811] +72 activities | files=1359 | total_rows≈97,328 | elapsed=11.24h → avl_709_20260715_031811.xml
[20260715_031842] +72 activities | files=1360 | total_rows≈97,400 | elapsed=11.25h → avl_709_20260715_031842.xml
[20260715_031913] +72 activities | files=1361 | total_rows≈97,472 | elapsed=11.26h → avl_709_20260715_031913.xml
[20260715_031946] +72 activities | files=1362 | total_rows≈97,544 | elapsed=11.27h → avl_709_20260715_031946.xml
[20260715_032017] +72 activities | files=1363 | total_rows≈97,616 | elapsed=11.28h → avl_709_20260715_032017.xml
[20260715_032048] +72 activities | files=1364 | total_rows≈97,688 | elapsed=11.28h → avl_709_20260715_032048.xml
[20260715_032120] +72 activities | files=1365 | total_rows≈97,760 | elapsed=11.29h → avl_709_20260715_032120.xml
[20260715_032151] +72 activities | files=1366 | total_rows≈97,832 | elapsed=11.30h → avl_709_20260715_032151.xml
[20260715_032222] +72 activities | files=1367 | total_rows≈97,904 | elapsed=11.31h → avl_709_20260715_032222.xml
[20260715_032253] +72 activities | files=1368 | total_rows≈97,976 | elapsed=11.32h → avl_709_20260715_032253.xml
[20260715_032324] +72 activities | files=1369 | total_rows≈98,048 | elapsed=11.33h → avl_709_20260715_032324.xml
[20260715_032355] +72 activities | files=1370 | total_rows≈98,120 | elapsed=11.34h → avl_709_20260715_032355.xml
[20260715_032426] +72 activities | files=1371 | total_rows≈98,192 | elapsed=11.34h → avl_709_20260715_032426.xml
[20260715_032457] +72 activities | files=1372 | total_rows≈98,264 | elapsed=11.35h → avl_709_20260715_032457.xml
[20260715_032528] +72 activities | files=1373 | total_rows≈98,336 | elapsed=11.36h → avl_709_20260715_032528.xml
[20260715_032601] +72 activities | files=1374 | total_rows≈98,408 | elapsed=11.37h → avl_709_20260715_032601.xml
[20260715_032632] +72 activities | files=1375 | total_rows≈98,480 | elapsed=11.38h → avl_709_20260715_032632.xml
[20260715_032703] +72 activities | files=1376 | total_rows≈98,552 | elapsed=11.39h → avl_709_20260715_032703.xml
[20260715_032735] +72 activities | files=1377 | total_rows≈98,624 | elapsed=11.40h → avl_709_20260715_032735.xml
[20260715_032806] +72 activities | files=1378 | total_rows≈98,696 | elapsed=11.41h → avl_709_20260715_032806.xml
[20260715_032837] +72 activities | files=1379 | total_rows≈98,768 | elapsed=11.41h → avl_709_20260715_032837.xml
[20260715_032908] +72 activities | files=1380 | total_rows≈98,840 | elapsed=11.42h → avl_709_20260715_032908.xml
[20260715_032939] +72 activities | files=1381 | total_rows≈98,912 | elapsed=11.43h → avl_709_20260715_032939.xml
[20260715_033010] +72 activities | files=1382 | total_rows≈98,984 | elapsed=11.44h → avl_709_20260715_033010.xml
[20260715_033041] +72 activities | files=1383 | total_rows≈99,056 | elapsed=11.45h → avl_709_20260715_033041.xml
[20260715_033112] +72 activities | files=1384 | total_rows≈99,128 | elapsed=11.46h → avl_709_20260715_033112.xml
[20260715_033143] +72 activities | files=1385 | total_rows≈99,200 | elapsed=11.47h → avl_709_20260715_033143.xml
[20260715_033215] +72 activities | files=1386 | total_rows≈99,272 | elapsed=11.47h → avl_709_20260715_033215.xml
[20260715_033246] +72 activities | files=1387 | total_rows≈99,344 | elapsed=11.48h → avl_709_20260715_033246.xml
[20260715_033317] +72 activities | files=1388 | total_rows≈99,416 | elapsed=11.49h → avl_709_20260715_033317.xml
[20260715_033348] +72 activities | files=1389 | total_rows≈99,488 | elapsed=11.50h → avl_709_20260715_033348.xml
[20260715_033419] +72 activities | files=1390 | total_rows≈99,560 | elapsed=11.51h → avl_709_20260715_033419.xml
[20260715_033451] +72 activities | files=1391 | total_rows≈99,632 | elapsed=11.52h → avl_709_20260715_033451.xml
[20260715_033522] +72 activities | files=1392 | total_rows≈99,704 | elapsed=11.53h → avl_709_20260715_033522.xml
[20260715_033553] +72 activities | files=1393 | total_rows≈99,776 | elapsed=11.54h → avl_709_20260715_033553.xml
[20260715_033624] +72 activities | files=1394 | total_rows≈99,848 | elapsed=11.54h → avl_709_20260715_033624.xml
[20260715_033655] +72 activities | files=1395 | total_rows≈99,920 | elapsed=11.55h → avl_709_20260715_033655.xml
[20260715_033726] +72 activities | files=1396 | total_rows≈99,992 | elapsed=11.56h → avl_709_20260715_033726.xml
[20260715_033757] +72 activities | files=1397 | total_rows≈100,064 | elapsed=11.57h → avl_709_20260715_033757.xml

Reached target: 100,064 rows

DONE.
Snapshots dir : /Users/suhritsatyal/Desktop/softwarica_bachelors/SEM4/BIG_DATA/coursework/datasets/location/snapshots
Approx rows   : 100,064

Next morning — re-run notebook from Phase 0 → Phase 7 so journeys/ML rebuild.
