journey_key,line_key,operator_ref,origin_aimed_departure_time,event_date,hour_of_day,day_of_week,is_peak,delay_minutes,is_compliant,fare_proxy,fare_band,has_disruption,disruption_severity_score,primary_disruption_reason,hist_line_noncompliance_rate,hist_line_delay_mean,hist_line_delay_std,hist_line_n_prior,model_name,prediction,probability_compliant,hypothetical_exposure,prob_noncompliant
ANWE|P14|4442|2026-07-12|4811,P14,ANWE,2026-07-12 07:00:00,2026-07-12,7.0,1.0,1.0,130.31666666666666,0,1.81031746031746,network_default,0,0.0,none,0.5,0.0,0.0,0.0,GBT,0,0.02471648773361812,1.7655727710155689,0.9752835122663819
ANWE|P5|4442|2026-07-13|6578,P5,ANWE,2026-07-13 07:00:00,2026-07-13,7.0,2.0,1.0,702.0,0,1.81031746031746,network_default,0,0.0,none,1.0,109.22222222222221,4.539244512112201,6.0,GBT,0,0.026238996704474715,1.7628165464421373,0.9737610032955253
ANWE|P10|4441|0001-01-01|6576,P10,ANWE,2026-07-14 11:00:00,2026-07-14,11.0,3.0,0.0,371.1,0,1.81031746031746,network_default,0,0.0,none,0.5,0.0,0.0,0.0,GBT,0,0.027692093732926137,1.7601859795199961,0.9723079062670739
ANWE|82A|5052|2026-06-14|3177,82A,ANWE,2026-06-14 18:42:00,2026-06-14,18.0,1.0,1.0,102.15,0,1.81031746031746,network_default,1,3.0,roadClosed,1.0,111.24375,4.47113260659022,8.0,GBT,0,0.029201050720410016,1.757454288338686,0.97079894927959
ANWE|P12|4442|2026-07-13|6577,P12,ANWE,2026-07-13 07:00:00,2026-07-13,7.0,2.0,1.0,332.4166666666667,0,1.81031746031746,network_default,0,0.0,none,1.0,112.88333333333334,0.0,1.0,GBT,0,0.03228907748841203,1.7518639795626443,0.967710922511588
ANWE|P14|4442|2026-07-13|4811,P14,ANWE,2026-07-13 07:00:00,2026-07-13,7.0,2.0,1.0,363.3833333333333,0,1.81031746031746,network_default,0,0.0,none,1.0,130.31666666666666,0.0,1.0,GBT,0,0.03228907748841203,1.7518639795626443,0.967710922511588
ANWE|P2|4442|2026-07-13|7401,P2,ANWE,2026-07-13 07:08:00,2026-07-13,7.0,2.0,1.0,699.7833333333333,0,1.81031746031746,network_default,0,0.0,none,1.0,17.44166666666667,100.60181363875806,4.0,GBT,0,0.036703614484106306,1.7438722661601216,0.9632963855158937
ANWE|20|1003|2026-07-13|3161,20,ANWE,2026-07-13 21:45:00,2026-07-13,21.0,2.0,0.0,46.1,0,1.81031746031746,network_default,0,0.0,none,0.6,10.940000000000001,20.622535542998154,5.0,GBT,0,0.037093725990418824,1.7431660404887734,0.9629062740095812
ANWE|P2|4441|2026-07-12|6577,P2,ANWE,2026-07-12 11:00:00,2026-07-12,11.0,1.0,0.0,-69.6,0,1.81031746031746,network_default,0,0.0,none,1.0,46.455555555555556,100.64915732568441,3.0,GBT,0,0.03799931783140942,1.741526631767107,0.9620006821685906
ANWE|82A|5044|2026-06-14|2790,82A,ANWE,2026-06-14 16:42:00,2026-06-14,16.0,1.0,1.0,113.81666666666666,0,1.81031746031746,network_default,1,3.0,roadClosed,1.0,114.40416666666667,1.4647319941937549,4.0,GBT,0,0.03864947746629199,1.7403496364280855,0.961350522533708
ANWE|82A|5046|2026-06-14|3050,82A,ANWE,2026-06-14 17:12:00,2026-06-14,17.0,1.0,1.0,108.33333333333333,0,1.81031746031746,network_default,1,3.0,roadClosed,1.0,114.28666666666668,1.295419280044539,5.0,GBT,0,0.03864947746629199,1.7403496364280855,0.961350522533708
ANWE|3C|1051|2026-07-13|3162,3C,ANWE,2026-07-13 16:25:00,2026-07-13,16.0,2.0,1.0,50.483333333333334,0,1.81031746031746,network_default,0,0.0,none,0.5925925925925926,3.49074074074074,3.3202252952768148,27.0,GBT,0,0.03997229290869864,1.7379549205359193,0.9600277070913014
ANWE|P2|4441|2026-07-13|7705,P2,ANWE,2026-07-13 11:00:00,2026-07-13,11.0,2.0,0.0,358.96666666666664,0,1.81031746031746,network_default,0,0.0,none,1.0,209.44999999999996,314.7618283012658,6.0,GBT,0,0.040094727028877286,1.7377332759104211,0.9599052729711227
ANWE|P14|4441|2026-07-13|3102,P14,ANWE,2026-07-13 11:00:00,2026-07-13,11.0,2.0,0.0,553.9,0,1.81031746031746,network_default,0,0.0,none,1.0,365.81111111111113,236.71767075600448,3.0,GBT,0,0.040094727028877286,1.7377332759104211,0.9599052729711227
ANWE|P14|4441|0001-01-01|4825,P14,ANWE,2026-07-14 11:00:00,2026-07-14,11.0,3.0,0.0,377.65,0,1.81031746031746,network_default,0,0.0,none,1.0,386.7861111111111,172.44521494494248,6.0,GBT,0,0.040094727028877286,1.7377332759104211,0.9599052729711227
ANWE|P2|4441|2026-07-13|SP_RU,P2,ANWE,2026-07-13 11:00:00,2026-07-13,11.0,2.0,0.0,471.1666666666667,0,1.81031746031746,network_default,0,0.0,none,1.0,230.8095238095238,292.8414450367586,7.0,GBT,0,0.040094727028877286,1.7377332759104211,0.9599052729711227
ANWE|P2|4441|2026-07-13|7701,P2,ANWE,2026-07-13 11:00:00,2026-07-13,11.0,2.0,0.0,487.15,0,1.81031746031746,network_default,0,0.0,none,1.0,153.91,317.3461417670686,5.0,GBT,0,0.040094727028877286,1.7377332759104211,0.9599052729711227
ANWE|P2|4441|2026-07-14|6579,P2,ANWE,2026-07-14 11:00:00,2026-07-14,11.0,3.0,0.0,303.5,0,1.81031746031746,network_default,0,0.0,none,1.0,265.5740740740741,266.1509827761604,9.0,GBT,0,0.040094727028877286,1.7377332759104211,0.9599052729711227
ANWE|P5|4441|2026-07-13|3021,P5,ANWE,2026-07-13 11:00:00,2026-07-13,11.0,2.0,0.0,476.3666666666667,0,1.81031746031746,network_default,0,0.0,none,1.0,202.91666666666666,231.9741098460966,9.0,GBT,0,0.040094727028877286,1.7377332759104211,0.9599052729711227
ANWE|P5|4441|2026-07-13|6580,P5,ANWE,2026-07-13 11:00:00,2026-07-13,11.0,2.0,0.0,464.93333333333334,0,1.81031746031746,network_default,0,0.0,none,1.0,230.26166666666668,235.18156422482306,10.0,GBT,0,0.040094727028877286,1.7377332759104211,0.9599052729711227
ANWE|61|5521|2026-06-14|3078,61,ANWE,2026-06-14 17:25:00,2026-06-14,17.0,1.0,1.0,102.21666666666667,0,1.81031746031746,network_default,0,0.0,none,1.0,82.95555555555556,15.151103125710877,3.0,GBT,0,0.04053899398063343,1.736929011690615,0.9594610060193666
ANWE|82A|5042|2026-06-14|3044,82A,ANWE,2026-06-14 16:12:00,2026-06-14,16.0,1.0,1.0,113.48333333333333,0,1.81031746031746,network_default,1,3.0,roadClosed,1.0,114.71111111111111,1.628763448254648,3.0,GBT,0,0.041546237849214074,1.7351055805285258,0.9584537621507859
ANWE|82A|5048|2026-06-14|3161,82A,ANWE,2026-06-14 17:42:00,2026-06-14,17.0,1.0,1.0,106.26666666666667,0,1.81031746031746,network_default,1,3.0,roadClosed,1.0,113.29444444444447,2.6924929932162347,6.0,GBT,0,0.041546237849214074,1.7351055805285258,0.9584537621507859
ANWE|82A|5050|2026-06-14|3160,82A,ANWE,2026-06-14 18:12:00,2026-06-14,18.0,1.0,1.0,103.91666666666667,0,1.81031746031746,network_default,1,3.0,roadClosed,1.0,112.2904761904762,3.6189682530980023,7.0,GBT,0,0.041791916851833366,1.7346608235404506,0.9582080831481666
ANWE|79C|5010|2026-07-12|3206,79C,ANWE,2026-07-12 07:30:00,2026-07-12,7.0,1.0,1.0,75.35,0,1.81031746031746,network_default,0,0.0,none,0.38528138528138534,7.764790764790762,22.29944105454033,231.0,GBT,0,0.042119271442055184,1.734068207810057,0.9578807285579448
ANWE|P2|4441|2026-07-14|6577,P2,ANWE,2026-07-14 11:00:00,2026-07-14,11.0,3.0,0.0,303.3333333333333,0,1.81031746031746,network_default,0,0.0,none,1.0,260.85416666666663,284.12441520131995,8.0,GBT,0,0.042211314128255295,1.7339015813281344,0.9577886858717447
ANWE|79C|1053|2026-07-14|3051,79C,ANWE,2026-07-14 13:53:00,2026-07-14,13.0,3.0,0.0,113.25,0,1.81031746031746,network_default,0,0.0,none,0.43023255813953487,13.488953488372092,30.368143778877364,258.0,GBT,0,0.0427476662802565,1.7329306136624878,0.9572523337197435
ANWE|82A|1044|2026-07-14|3159,82A,ANWE,2026-07-14 15:12:00,2026-07-14,15.0,3.0,0.0,51.46666666666667,0,1.81031746031746,network_default,0,0.0,none,0.40414507772020725,23.223834196891186,40.63435934398916,193.0,GBT,0,0.0427476662802565,1.7329306136624878,0.9572523337197435
ANWE|82A|1049|2026-07-14|3104,82A,ANWE,2026-07-14 14:27:00,2026-07-14,14.0,3.0,0.0,96.61666666666666,0,1.81031746031746,network_default,0,0.0,none,0.39473684210526316,22.126140350877186,39.914020516844886,190.0,GBT,0,0.0427476662802565,1.7329306136624878,0.9572523337197435
ANWE|82A|1051|2026-07-14|3162,82A,ANWE,2026-07-14 14:57:00,2026-07-14,14.0,3.0,0.0,66.63333333333334,0,1.81031746031746,network_default,0,0.0,none,0.40104166666666663,22.99774305555555,40.618698365313605,192.0,GBT,0,0.0427476662802565,1.7329306136624878,0.9572523337197435
ANWE|79C|1070|2026-07-14|3106,79C,ANWE,2026-07-14 14:43:00,2026-07-14,14.0,3.0,0.0,80.65,0,1.81031746031746,network_default,0,0.0,none,0.44106463878326996,15.286755386565272,32.79607250297812,263.0,GBT,0,0.0427476662802565,1.7329306136624878,0.9572523337197435
ANWE|79C|1072|2026-07-14|MX14_HRO,79C,ANWE,2026-07-14 15:06:00,2026-07-14,15.0,3.0,0.0,57.43333333333333,0,1.81031746031746,network_default,0,0.0,none,0.44528301886792454,15.71446540880503,33.047746048945164,265.0,GBT,0,0.0427476662802565,1.7329306136624878,0.9572523337197435
ANWE|82A|1065|2026-07-13|3138,82A,ANWE,2026-07-13 18:57:00,2026-07-13,18.0,2.0,1.0,71.53333333333333,0,1.81031746031746,network_default,0,0.0,none,0.36813186813186816,18.825732600732596,37.19151823699581,182.0,GBT,0,0.04416972045309098,1.7303562441638882,0.955830279546909
ANWE|79C|5003|2026-07-12|3018,79C,ANWE,2026-07-12 07:45:00,2026-07-12,7.0,1.0,1.0,60.166666666666664,0,1.81031746031746,network_default,0,0.0,none,0.3879310344827587,8.056106321839078,22.68922721414253,232.0,GBT,0,0.044350502873625075,1.7300289705914769,0.9556494971263749
ANWE|79C|5012|2026-07-12|3138,79C,ANWE,2026-07-12 07:59:00,2026-07-12,7.0,1.0,1.0,46.266666666666666,0,1.81031746031746,network_default,0,0.0,none,0.3905579399141631,8.27975679542203,22.896213947093834,233.0,GBT,0,0.044350502873625075,1.7300289705914769,0.9556494971263749
ANWE|79C|1079|0001-01-01|3163,79C,ANWE,2026-07-14 18:20:00,2026-07-14,18.0,3.0,1.0,74.63333333333334,0,1.81031746031746,network_default,0,0.0,none,0.48299319727891155,17.203571428571433,32.816542710126875,294.0,GBT,0,0.04443137562892929,1.7298825652304857,0.9555686243710707
ANWE|79C|1040|0001-01-01|3050,79C,ANWE,2026-06-16 09:41:00,2026-06-16,9.0,3.0,1.0,67.46666666666667,0,1.81031746031746,network_default,0,0.0,none,0.38815789473684215,6.5956140350877135,21.241208694127987,152.0,GBT,0,0.04443137562892929,1.7298825652304857,0.9555686243710707
ANWE|79C|1090|0001-01-01|3137,79C,ANWE,2026-07-14 18:22:00,2026-07-14,18.0,3.0,1.0,78.41666666666667,0,1.81031746031746,network_default,0,0.0,none,0.4864864864864865,17.367060810810816,32.87939418527988,296.0,GBT,0,0.04443137562892929,1.7298825652304857,0.9555686243710707
ANWE|79C|1073|0001-01-01|3051,79C,ANWE,2026-07-14 17:26:00,2026-07-14,17.0,3.0,1.0,63.016666666666666,0,1.81031746031746,network_default,0,0.0,none,0.47038327526132406,17.056794425087112,33.08883884517446,287.0,GBT,0,0.04443137562892929,1.7298825652304857,0.9555686243710707
ANWE|79C|5005|0001-01-01|3161,79C,ANWE,2026-07-12 08:15:00,2026-07-12,8.0,1.0,1.0,86.93333333333334,0,1.81031746031746,network_default,0,0.0,none,0.39574468085106385,8.535319148936168,22.97691584518433,235.0,GBT,0,0.04443137562892929,1.7298825652304857,0.9555686243710707
ANWE|79C|1082|0001-01-01|3177,79C,ANWE,2026-07-14 16:55:00,2026-07-14,16.0,3.0,1.0,72.4,0,1.81031746031746,network_default,0,0.0,none,0.46808510638297873,16.949054373522465,33.177845971637645,282.0,GBT,0,0.04443137562892929,1.7298825652304857,0.9555686243710707
ANWE|82A|1050|0001-01-01|3104,82A,ANWE,2026-07-14 16:43:00,2026-07-14,16.0,3.0,1.0,128.45,0,1.81031746031746,network_default,0,0.0,none,0.42647058823529416,24.608823529411755,41.15330428752364,204.0,GBT,0,0.04443137562892929,1.7298825652304857,0.9555686243710707
ANWE|79C|1038|0001-01-01|3018,79C,ANWE,2026-06-16 09:20:00,2026-06-16,9.0,3.0,1.0,59.96666666666667,0,1.81031746031746,network_default,0,0.0,none,0.3825503355704698,6.310738255033551,20.990077474350223,149.0,GBT,0,0.04443137562892929,1.7298825652304857,0.9555686243710707
ANWE|79C|1013|0001-01-01|3104,79C,ANWE,2026-06-16 07:05:00,2026-06-16,7.0,3.0,1.0,81.43333333333334,0,1.81031746031746,network_default,0,0.0,none,0.3970588235294118,6.279901960784309,20.92903068914145,136.0,GBT,0,0.04443137562892929,1.7298825652304857,0.9555686243710707
ANWE|79C|5059|2026-06-14|2968,79C,ANWE,2026-06-14 21:47:00,2026-06-14,21.0,1.0,0.0,88.05,0,1.81031746031746,network_default,0,0.0,none,1.0,79.7625,18.88183221943683,4.0,GBT,0,0.04490619157318454,1.7290229976361633,0.9550938084268155
ANWE|P12|4442|2026-07-13|7707,P12,ANWE,2026-07-13 07:00:00,2026-07-13,7.0,2.0,1.0,733.6,0,1.81031746031746,network_default,0,0.0,none,1.0,222.65,155.23350869648675,2.0,GBT,0,0.04505494219084827,1.7287537117957736,0.9549450578091517
ANWE|79C|1057|2026-07-14|3163,79C,ANWE,2026-07-14 14:37:00,2026-07-14,14.0,3.0,0.0,85.71666666666667,0,1.81031746031746,network_default,0,0.0,none,0.4389312977099237,15.01793893129771,32.56724703553373,262.0,GBT,0,0.04613393981693259,1.726800383553632,0.9538660601830674
ANWE|79C|1059|2026-07-14|3177,79C,ANWE,2026-07-14 15:00:00,2026-07-14,15.0,3.0,0.0,63.266666666666666,0,1.81031746031746,network_default,0,0.0,none,0.44318181818181823,15.534343434343434,32.9799312148864,264.0,GBT,0,0.04613393981693259,1.726800383553632,0.9538660601830674
ANWE|79C|1068|2026-07-14|3137,79C,ANWE,2026-07-14 14:20:00,2026-07-14,14.0,3.0,0.0,103.61666666666666,0,1.81031746031746,network_default,0,0.0,none,0.4367816091954023,14.678480204342272,32.1620575592113,261.0,GBT,0,0.04613393981693259,1.726800383553632,0.9538660601830674
ANWE|82A|1041|2026-07-14|3048,82A,ANWE,2026-07-14 12:27:00,2026-07-14,12.0,3.0,0.0,121.88333333333334,0,1.81031746031746,network_default,0,0.0,none,0.3850267379679144,20.557486631016037,38.229529124147355,187.0,GBT,0,0.04613393981693259,1.726800383553632,0.9538660601830674
ANWE|79C|5001|2026-07-12|3042,79C,ANWE,2026-07-12 07:16:00,2026-07-12,7.0,1.0,1.0,89.38333333333334,0,1.81031746031746,network_default,0,0.0,none,0.3826086956521739,7.409927536231881,21.684560391748136,230.0,GBT,0,0.046159105195458516,1.7267548262294912,0.9538408948045415
ANWE|P2|4441|2026-07-14|7701,P2,ANWE,2026-07-14 11:00:00,2026-07-14,11.0,3.0,0.0,303.6,0,1.81031746031746,network_default,0,0.0,none,1.0,269.3666666666667,251.21599898921272,10.0,GBT,0,0.0463386338370132,1.7264298223950576,0.9536613661629868
ANWE|82A|3044|2026-07-11|3106,82A,ANWE,2026-07-11 16:42:00,2026-07-11,16.0,7.0,1.0,107.03333333333333,0,1.81031746031746,network_default,0,0.0,none,0.2974683544303798,11.114978902953583,29.018873912244167,158.0,GBT,0,0.04642161349504448,1.7262796028712724,0.9535783865049555
ANWE|82A|1050|2026-07-14|3078,82A,ANWE,2026-07-14 16:43:00,2026-07-14,16.0,3.0,1.0,116.76666666666667,0,1.81031746031746,network_default,0,0.0,none,0.4236453201970444,24.154844006568137,40.73974196904501,203.0,GBT,0,0.04676573966486952,1.725656625257486,0.9532342603351305
ANWE|82A|1052|2026-07-13|3054,82A,ANWE,2026-07-13 17:12:00,2026-07-13,17.0,2.0,1.0,108.33333333333333,0,1.81031746031746,network_default,0,0.0,none,0.35754189944134074,17.336312849162006,35.65360646546096,179.0,GBT,0,0.047131197152659454,1.7249950311863362,0.9528688028473405
ANWE|82A|1044|0001-01-01|3159,82A,ANWE,2026-07-14 15:12:00,2026-07-14,15.0,3.0,0.0,128.38333333333333,0,1.81031746031746,network_default,0,0.0,none,0.4072164948453608,23.36941580756013,40.57964525452847,194.0,GBT,0,0.047131197152659454,1.7249950311863362,0.9528688028473405
ANWE|61|1530|2026-07-13|2792,61,ANWE,2026-07-13 17:21:00,2026-07-13,17.0,2.0,1.0,91.8,0,1.81031746031746,network_default,0,0.0,none,0.39534883720930236,20.390116279069765,38.84994194845193,86.0,GBT,0,0.04734845857856207,1.7246017190335712,0.9526515414214379
ANWE|61|1525|0001-01-01|3136,61,ANWE,2026-07-14 16:01:00,2026-07-14,16.0,3.0,1.0,63.8,0,1.81031746031746,network_default,0,0.0,none,0.45833333333333337,27.36944444444444,44.18669335213614,96.0,GBT,0,0.04734845857856207,1.7246017190335712,0.9526515414214379
ANWE|61|1528|2026-07-13|3048,61,ANWE,2026-07-13 16:21:00,2026-07-13,16.0,2.0,1.0,89.5,0,1.81031746031746,network_default,0,0.0,none,0.38095238095238093,18.431150793650794,37.07434594217282,84.0,GBT,0,0.04734845857856207,1.7246017190335712,0.9526515414214379
ANWE|61|1528|0001-01-01|2793,61,ANWE,2026-07-14 16:21:00,2026-07-14,16.0,3.0,1.0,54.15,0,1.81031746031746,network_default,0,0.0,none,0.4639175257731959,27.74501718213058,44.11131405404892,97.0,GBT,0,0.04734845857856207,1.7246017190335712,0.9526515414214379
ANWE|82A|5040|2026-06-14|3162,82A,ANWE,2026-06-14 15:42:00,2026-06-14,15.0,1.0,0.0,114.58333333333333,0,1.81031746031746,network_default,1,3.0,roadClosed,1.0,114.775,2.2980970388562794,2.0,GBT,0,0.047421759563782806,1.7244690209801676,0.9525782404362172
ANWE|82A|5036|2026-06-14|2794,82A,ANWE,2026-06-14 14:42:00,2026-06-14,14.0,1.0,0.0,113.15,0,1.81031746031746,network_default,1,3.0,roadClosed,0.5,0.0,0.0,0.0,GBT,0,0.047421759563782806,1.7244690209801676,0.9525782404362172
ANWE|79C|5061|2026-06-14|3089,79C,ANWE,2026-06-14 22:17:00,2026-06-14,22.0,1.0,0.0,88.23333333333333,0,1.81031746031746,network_default,0,0.0,none,1.0,81.42,16.766908546963037,5.0,GBT,0,0.04766364701770831,1.7240311278988945,0.9523363529822917
ANWE|P14|4441|2026-07-14|4825,P14,ANWE,2026-07-14 11:00:00,2026-07-14,11.0,3.0,0.0,303.53333333333336,0,1.81031746031746,network_default,0,0.0,none,1.0,403.43666666666667,187.32960976429874,5.0,GBT,0,0.04779249280765596,1.7237978761156638,0.952207507192344
ANWE|P14|4441|2026-07-14|2676,P14,ANWE,2026-07-14 11:00:00,2026-07-14,11.0,3.0,0.0,168.86666666666667,0,1.81031746031746,network_default,0,0.0,none,1.0,385.4809523809524,157.4580924341962,7.0,GBT,0,0.04779249280765596,1.7237978761156638,0.952207507192344
ANWE|110|1044|0001-01-01|3206,110,ANWE,2026-07-14 15:55:00,2026-07-14,15.0,3.0,0.0,59.61666666666667,0,1.81031746031746,network_default,0,0.0,none,0.4193548387096774,7.6479569892473105,16.976465155491802,155.0,GBT,0,0.0482161127984263,1.7230309894498328,0.9517838872015737
ANWE|79C|1033|2026-07-14|3001,79C,ANWE,2026-07-14 10:33:00,2026-07-14,10.0,3.0,0.0,113.63333333333334,0,1.81031746031746,network_default,0,0.0,none,0.42578125,12.5740234375,28.614515815971004,256.0,GBT,0,0.04827370321862001,1.722926732506609,0.95172629678138
ANWE|110|1052|2026-07-13|2794,110,ANWE,2026-07-13 18:05:00,2026-07-13,18.0,2.0,1.0,58.06666666666667,0,1.81031746031746,network_default,0,0.0,none,0.3918918918918919,6.161486486486487,15.087770529274161,148.0,GBT,0,0.04839628479089386,1.7227048209460085,0.9516037152091061
ANWE|110|1048|2026-07-13|3104,110,ANWE,2026-07-13 17:05:00,2026-07-13,17.0,2.0,1.0,72.38333333333334,0,1.81031746031746,network_default,0,0.0,none,0.3835616438356164,5.3076484018264845,13.275948657102598,146.0,GBT,0,0.04839628479089386,1.7227048209460085,0.9516037152091061
ANWE|82A|1046|0001-01-01|3018,82A,ANWE,2026-07-14 15:45:00,2026-07-14,15.0,3.0,0.0,86.0,0,1.81031746031746,network_default,0,0.0,none,0.41624365482233505,24.09492385786801,41.002781619282224,197.0,GBT,0,0.0485005219368736,1.722516118620628,0.9514994780631264
ANWE|82A|1055|0001-01-01|3178,82A,ANWE,2026-07-14 15:57:00,2026-07-14,15.0,3.0,0.0,45.166666666666664,0,1.81031746031746,network_default,0,0.0,none,0.42500000000000004,24.28816666666666,40.94874786114793,200.0,GBT,0,0.0485005219368736,1.722516118620628,0.9514994780631264
ANWE|82A|1053|0001-01-01|3101,82A,ANWE,2026-07-14 15:27:00,2026-07-14,15.0,3.0,0.0,47.95,0,1.81031746031746,network_default,0,0.0,none,0.41326530612244894,23.973214285714278,41.07209044599493,196.0,GBT,0,0.0485005219368736,1.722516118620628,0.9514994780631264
ANWE|79C|1063|0001-01-01|3078,79C,ANWE,2026-07-14 15:41:00,2026-07-14,15.0,3.0,0.0,112.5,0,1.81031746031746,network_default,0,0.0,none,0.4575645756457565,16.494157441574416,33.22475832165408,271.0,GBT,0,0.0485005219368736,1.722516118620628,0.9514994780631264
ANWE|79C|1064|0001-01-01|3053,79C,ANWE,2026-06-16 13:36:00,2026-06-16,13.0,3.0,0.0,90.51666666666667,0,1.81031746031746,network_default,0,0.0,none,0.3743016759776536,6.24525139664804,20.2100666838097,179.0,GBT,0,0.0485005219368736,1.722516118620628,0.9514994780631264
ANWE|82A|5019|0001-01-01|3053,82A,ANWE,2026-07-12 08:26:00,2026-07-12,8.0,1.0,1.0,48.78333333333333,0,1.81031746031746,network_default,0,0.0,none,0.3508771929824561,17.015302144249507,35.40932987106611,171.0,GBT,0,0.04880355424636729,1.7219675339397111,0.9511964457536327
ANWE|P14|4441|2026-07-13|4850,P14,ANWE,2026-07-13 11:00:00,2026-07-13,11.0,2.0,0.0,603.7333333333333,0,1.81031746031746,network_default,0,0.0,none,1.0,246.85,164.80302046854467,2.0,GBT,0,0.04917825736732229,1.721289202337411,0.9508217426326777
ANWE|61|5519|2026-06-14|3203,61,ANWE,2026-06-14 16:25:00,2026-06-14,16.0,1.0,1.0,100.3,0,1.81031746031746,network_default,0,0.0,none,1.0,76.26666666666667,0.0,1.0,GBT,0,0.04971796066835821,1.7203121680281546,0.9502820393316418
ANWE|79C|1066|2026-07-14|3020,79C,ANWE,2026-07-14 13:56:00,2026-07-14,13.0,3.0,0.0,127.51666666666667,0,1.81031746031746,network_default,0,0.0,none,0.43243243243243246,13.874131274131273,30.936634971181828,259.0,GBT,0,0.050090620423067,1.7196375355674476,0.949909379576933
ANWE|82A|1040|2026-07-14|3053,82A,ANWE,2026-07-14 14:12:00,2026-07-14,14.0,3.0,0.0,111.35,0,1.81031746031746,network_default,0,0.0,none,0.3915343915343915,21.654056437389762,39.48460305304897,189.0,GBT,0,0.050090620423067,1.7196375355674476,0.949909379576933
ANWE|82A|1042|2026-07-14|3048,82A,ANWE,2026-07-14 14:42:00,2026-07-14,14.0,3.0,0.0,114.98333333333333,0,1.81031746031746,network_default,0,0.0,none,0.39790575916230364,22.516143106457235,40.17207555871617,191.0,GBT,0,0.050090620423067,1.7196375355674476,0.949909379576933
ANWE|82A|1061|0001-01-01|3159,82A,ANWE,2026-07-14 17:27:00,2026-07-14,17.0,3.0,1.0,21.366666666666667,0,1.81031746031746,network_default,0,0.0,none,0.4285714285714286,24.902619047619037,41.30420112516198,210.0,GBT,0,0.05011785845872674,1.7195882260759079,0.9498821415412733
ANWE|79C|1080|0001-01-01|3163,79C,ANWE,2026-07-14 16:34:00,2026-07-14,16.0,3.0,1.0,35.56666666666667,0,1.81031746031746,network_default,0,0.0,none,0.46402877697841727,16.87230215827339,33.375490102268365,278.0,GBT,0,0.05011785845872674,1.7195882260759079,0.9498821415412733
ANWE|79C|1069|0001-01-01|3106,79C,ANWE,2026-07-14 16:41:00,2026-07-14,16.0,3.0,1.0,27.866666666666667,0,1.81031746031746,network_default,0,0.0,none,0.4659498207885304,16.939307048984475,33.3342021792897,279.0,GBT,0,0.05011785845872674,1.7195882260759079,0.9498821415412733
ANWE|79C|1067|0001-01-01|3137,79C,ANWE,2026-07-14 16:21:00,2026-07-14,16.0,3.0,1.0,24.483333333333334,0,1.81031746031746,network_default,0,0.0,none,0.4618181818181818,16.9119393939394,33.53853592522589,275.0,GBT,0,0.05011785845872674,1.7195882260759079,0.9498821415412733
ANWE|79C|1077|0001-01-01|3043,79C,ANWE,2026-07-14 18:00:00,2026-07-14,18.0,3.0,1.0,10.55,0,1.81031746031746,network_default,0,0.0,none,0.4794520547945206,17.264155251141556,32.92039807130554,292.0,GBT,0,0.05011785845872674,1.7195882260759079,0.9498821415412733
ANWE|82A|1052|0001-01-01|3162,82A,ANWE,2026-07-14 17:12:00,2026-07-14,17.0,3.0,1.0,36.5,0,1.81031746031746,network_default,0,0.0,none,0.42995169082125606,25.070370370370355,41.53303424861563,207.0,GBT,0,0.05011785845872674,1.7195882260759079,0.9498821415412733
ANWE|82A|1058|0001-01-01|3053,82A,ANWE,2026-07-14 18:42:00,2026-07-14,18.0,3.0,1.0,42.35,0,1.81031746031746,network_default,0,0.0,none,0.43981481481481477,24.702391975308633,40.82807725309457,216.0,GBT,0,0.05011785845872674,1.7195882260759079,0.9498821415412733
ANWE|79C|1081|0001-01-01|3177,79C,ANWE,2026-07-14 18:40:00,2026-07-14,18.0,3.0,1.0,3.0833333333333335,0,1.81031746031746,network_default,0,0.0,none,0.4865771812080537,17.512919463087254,32.974890853520236,298.0,GBT,0,0.05011785845872674,1.7195882260759079,0.9498821415412733
ANWE|X4|1020|2026-07-14|2794,X4,ANWE,2026-07-14 14:23:00,2026-07-14,14.0,3.0,0.0,99.88333333333334,0,1.81031746031746,network_default,0,0.0,none,0.3023255813953488,7.035465116279069,18.08483273742389,86.0,GBT,0,0.050799125109193155,1.7183549171634367,0.9492008748908068
ANWE|X4|1002|0001-01-01|2792,X4,ANWE,2026-06-16 05:17:00,2026-06-16,5.0,3.0,0.0,69.38333333333334,0,1.81031746031746,network_default,1,5.0,maintenanceWork,0.30000000000000004,1.3666666666666667,2.1240751297200284,40.0,GBT,0,0.05083960163255796,1.7182816418064564,0.949160398367442
ANWE|82A|5038|2026-06-14|2793,82A,ANWE,2026-06-14 15:12:00,2026-06-14,15.0,1.0,0.0,116.4,0,1.81031746031746,network_default,1,3.0,roadClosed,1.0,113.15,0.0,1.0,GBT,0,0.05094115918158926,1.7180977904022179,0.9490588408184107
ANWE|P12|4442|2026-07-14|7707,P12,ANWE,2026-07-14 07:00:00,2026-07-14,7.0,3.0,1.0,316.8333333333333,0,1.81031746031746,network_default,0,0.0,none,1.0,392.9666666666667,314.75708402583166,3.0,GBT,0,0.05099438728527661,1.7180014306367333,0.9490056127147234
ANWE|P14|4442|2026-07-14|4811,P14,ANWE,2026-07-14 07:00:00,2026-07-14,7.0,3.0,1.0,365.85,0,1.81031746031746,network_default,0,0.0,none,1.0,412.83333333333337,214.94463154410167,4.0,GBT,0,0.05099438728527661,1.7180014306367333,0.9490056127147234
ANWE|P5|4442|2026-07-12|6580,P5,ANWE,2026-07-12 07:00:00,2026-07-12,7.0,1.0,1.0,111.98333333333333,0,1.81031746031746,network_default,0,0.0,none,1.0,107.7,5.00190704372583,4.0,GBT,0,0.05102705661151363,1.7179422887850295,0.9489729433884864
ANWE|79C|1064|2026-07-14|3078,79C,ANWE,2026-07-14 13:36:00,2026-07-14,13.0,3.0,0.0,147.56666666666666,0,1.81031746031746,network_default,0,0.0,none,0.42801556420233466,12.967250324254215,29.246048497867367,257.0,GBT,0,0.05103725492406497,1.717923826601752,0.948962745075935
ANWE|82A|1047|2026-07-14|3042,82A,ANWE,2026-07-14 13:57:00,2026-07-14,13.0,3.0,0.0,126.48333333333333,0,1.81031746031746,network_default,0,0.0,none,0.38829787234042556,21.096453900709214,38.83674446413386,188.0,GBT,0,0.05103725492406497,1.717923826601752,0.948962745075935
ANWE|79C|1061|2026-07-14|3041,79C,ANWE,2026-07-14 15:21:00,2026-07-14,15.0,3.0,0.0,92.55,0,1.81031746031746,network_default,0,0.0,none,0.45149253731343286,16.075559701492537,33.044675000335836,268.0,GBT,0,0.05103725492406497,1.717923826601752,0.948962745075935
ANWE|X30|1027|2026-07-13|3106,X30,ANWE,2026-07-13 18:05:00,2026-07-13,18.0,2.0,1.0,47.11666666666667,0,1.81031746031746,network_default,0,0.0,none,0.34782608695652173,12.100724637681163,24.85094822607685,69.0,GBT,0,0.05113485862658751,1.717747132914884,0.9488651413734125
ANWE|X30|1025|2026-07-13|3163,X30,ANWE,2026-07-13 17:05:00,2026-07-13,17.0,2.0,1.0,58.666666666666664,0,1.81031746031746,network_default,0,0.0,none,0.3382352941176471,11.415931372549023,24.37103115349124,68.0,GBT,0,0.05113485862658751,1.717747132914884,0.9488651413734125
ANWE|79C|1055|2026-07-14|3043,79C,ANWE,2026-07-14 14:13:00,2026-07-14,14.0,3.0,0.0,110.16666666666667,0,1.81031746031746,network_default,0,0.0,none,0.4346153846153846,14.311217948717948,31.67099224015762,260.0,GBT,0,0.05122740145162863,1.7175796010228848,0.9487725985483714
ANWE|82A|1012|0001-01-01|2968,82A,ANWE,2026-06-16 07:12:00,2026-06-16,7.0,3.0,1.0,78.25,0,1.81031746031746,network_default,1,3.0,roadClosed,0.35416666666666663,14.115798611111108,34.11777352053884,96.0,GBT,0,0.05136625639410197,1.7173282294960739,0.948633743605898
ANWE|X30|1023|2026-07-13|3137,X30,ANWE,2026-07-13 15:47:00,2026-07-13,15.0,2.0,0.0,96.08333333333333,0,1.81031746031746,network_default,0,0.0,none,0.32835820895522383,10.152238805970152,22.19708456292454,67.0,GBT,0,0.05158219406323883,1.7169373137632953,0.9484178059367612
ANWE|61|1523|0001-01-01|3046,61,ANWE,2026-07-14 14:51:00,2026-07-14,14.0,3.0,0.0,75.68333333333334,0,1.81031746031746,network_default,0,0.0,none,0.4347826086956522,26.38115942028985,44.555561972331546,92.0,GBT,0,0.051670313484326935,1.7167777896367065,0.9483296865156731
ANWE|61|1526|0001-01-01|3045,61,ANWE,2026-07-14 15:21:00,2026-07-14,15.0,3.0,0.0,71.21666666666667,0,1.81031746031746,network_default,0,0.0,none,0.4408602150537635,26.91129032258064,44.60668636387689,93.0,GBT,0,0.051670313484326935,1.7167777896367065,0.9483296865156731
ANWE|61|1529|2026-07-13|3038,61,ANWE,2026-07-13 17:51:00,2026-07-13,17.0,2.0,1.0,111.6,0,1.81031746031746,network_default,0,0.0,none,0.4022988505747126,21.210919540229884,39.37488089704198,87.0,GBT,0,0.051862689661904104,1.7164295276834893,0.9481373103380959
ANWE|61|1527|2026-07-13|3001,61,ANWE,2026-07-13 17:01:00,2026-07-13,17.0,2.0,1.0,115.83333333333333,0,1.81031746031746,network_default,0,0.0,none,0.388235294117647,19.267254901960786,37.650563126603956,85.0,GBT,0,0.051862689661904104,1.7164295276834893,0.9481373103380959
ANWE|61|1515|2026-07-13|3046,61,ANWE,2026-07-13 10:51:00,2026-07-13,10.0,2.0,0.0,130.58333333333334,0,1.81031746031746,network_default,0,0.0,none,0.36585365853658536,15.758943089430895,33.23654612914526,82.0,GBT,0,0.051862689661904104,1.7164295276834893,0.9481373103380959
ANWE|61|1525|2026-07-13|3045,61,ANWE,2026-07-13 16:01:00,2026-07-13,16.0,2.0,1.0,125.4,0,1.81031746031746,network_default,0,0.0,none,0.37349397590361444,17.142369477911647,35.35601121649548,83.0,GBT,0,0.051862689661904104,1.7164295276834893,0.9481373103380959
ANWE|82A|1018|0001-01-01|3043,82A,ANWE,2026-06-16 08:42:00,2026-06-16,8.0,3.0,1.0,68.4,0,1.81031746031746,network_default,0,0.0,none,0.3398058252427184,13.932847896440126,33.70020327449721,103.0,GBT,0,0.05199206853428595,1.7161953108518202,0.948007931465714
ANWE|61|5504|0001-01-01|2795,61,ANWE,2026-07-12 08:21:00,2026-07-12,8.0,1.0,1.0,62.21666666666667,0,1.81031746031746,network_default,0,0.0,none,0.33333333333333337,15.750444444444444,34.19630300835808,75.0,GBT,0,0.05199206853428595,1.7161953108518202,0.948007931465714
ANWE|X30|3002|0001-01-01|2789,X30,ANWE,2026-07-12 08:00:00,2026-07-12,8.0,1.0,1.0,53.15,0,1.81031746031746,network_default,0,0.0,none,0.3125,9.68463541666667,22.01822603706107,64.0,GBT,0,0.052335251559215146,1.7155740406297064,0.9476647484407849
ANWE|79C|5014|0001-01-01|3048,79C,ANWE,2026-07-12 08:29:00,2026-07-12,8.0,1.0,1.0,43.68333333333333,0,1.81031746031746,network_default,0,0.0,none,0.4008438818565401,8.898593530239095,23.44411660683452,237.0,GBT,0,0.052783949127489405,1.7147617555874575,0.9472160508725106
ANWE|79C|5018|0001-01-01|3018,79C,ANWE,2026-07-12 09:26:00,2026-07-12,9.0,1.0,1.0,7.916666666666667,0,1.81031746031746,network_default,0,0.0,none,0.39834024896265563,8.936099585062237,23.375810873264562,241.0,GBT,0,0.052783949127489405,1.7147617555874575,0.9472160508725106
ANWE|X30|3023|2026-06-14|3104,X30,ANWE,2026-06-14 17:27:00,2026-06-14,17.0,1.0,1.0,85.7,0,1.81031746031746,network_default,1,3.0,roadClosed,1.0,88.425,0.9310239285622849,2.0,GBT,0,0.05285724752465748,1.7146290622192508,0.9471427524753425
ANWE|X30|3021|2026-06-14|3052,X30,ANWE,2026-06-14 16:27:00,2026-06-14,16.0,1.0,1.0,89.08333333333333,0,1.81031746031746,network_default,1,3.0,roadClosed,1.0,87.76666666666667,0.0,1.0,GBT,0,0.05285724752465748,1.7146290622192508,0.9471427524753425
ANWE|X30|3019|2026-06-14|2795,X30,ANWE,2026-06-14 15:27:00,2026-06-14,15.0,1.0,0.0,87.76666666666667,0,1.81031746031746,network_default,1,3.0,roadClosed,0.5,0.0,0.0,0.0,GBT,0,0.05285724752465748,1.7146290622192508,0.9471427524753425
ANWE|82A|1048|2026-07-13|3052,82A,ANWE,2026-07-13 16:15:00,2026-07-13,16.0,2.0,1.0,121.05,0,1.81031746031746,network_default,0,0.0,none,0.3539325842696629,16.75365168539325,34.88909139172858,178.0,GBT,0,0.05301776971704364,1.7143384660916057,0.9469822302829564
ANWE|82A|3046|2026-07-11|3104,82A,ANWE,2026-07-11 17:12:00,2026-07-11,17.0,7.0,1.0,110.63333333333334,0,1.81031746031746,network_default,0,0.0,none,0.30188679245283023,11.718238993710688,29.910350096091992,159.0,GBT,0,0.05307362181740338,1.714237356059129,0.9469263781825966
ANWE|79C|1089|2026-07-13|3077,79C,ANWE,2026-07-13 20:17:00,2026-07-13,20.0,2.0,0.0,88.45,0,1.81031746031746,network_default,0,0.0,none,0.41200000000000003,11.115066666666666,27.18290715556255,250.0,GBT,0,0.05351009268110274,1.7134472052336542,0.9464899073188973
ANWE|110|1060|2026-07-13|3050,110,ANWE,2026-07-13 22:05:00,2026-07-13,22.0,2.0,0.0,65.98333333333333,0,1.81031746031746,network_default,0,0.0,none,0.4,6.6048888888888895,15.61731284988731,150.0,GBT,0,0.05351009268110274,1.7134472052336542,0.9464899073188973
ANWE|110|1055|2026-07-13|3043,110,ANWE,2026-07-13 18:01:00,2026-07-13,18.0,2.0,1.0,64.6,0,1.81031746031746,network_default,0,0.0,none,0.3877551020408163,5.763945578231293,14.340504211432522,147.0,GBT,0,0.053809609728232455,1.7129049842935726,0.9461903902717675
ANWE|82A|1062|2026-07-13|3018,82A,ANWE,2026-07-13 19:42:00,2026-07-13,19.0,2.0,0.0,106.78333333333333,0,1.81031746031746,network_default,0,0.0,none,0.3715846994535519,19.113752276867025,37.29329437388144,183.0,GBT,0,0.05382396314252358,1.7128790000570662,0.9461760368574764
ANWE|82A|1058|2026-07-13|3178,82A,ANWE,2026-07-13 18:42:00,2026-07-13,18.0,2.0,1.0,107.7,0,1.81031746031746,network_default,0,0.0,none,0.3646408839779005,18.334714548802943,36.69836205340277,181.0,GBT,0,0.05412513658010165,1.7123337805244347,0.9458748634198983
ANWE|79C|1069|2026-07-13|3177,79C,ANWE,2026-07-13 16:41:00,2026-07-13,16.0,2.0,1.0,103.83333333333333,0,1.81031746031746,network_default,0,0.0,none,0.4,9.340612244897954,24.392486961377273,245.0,GBT,0,0.05412513658010165,1.7123337805244347,0.9458748634198983
ANWE|79C|1079|2026-07-13|3203,79C,ANWE,2026-07-13 18:20:00,2026-07-13,18.0,2.0,1.0,103.26666666666667,0,1.81031746031746,network_default,0,0.0,none,0.40485829959514175,10.081174089068822,25.64540667067414,247.0,GBT,0,0.05412513658010165,1.7123337805244347,0.9458748634198983
ANWE|79C|1057|2026-07-13|3105,79C,ANWE,2026-07-13 14:37:00,2026-07-13,14.0,2.0,0.0,126.9,0,1.81031746031746,network_default,0,0.0,none,0.39754098360655743,8.858811475409832,23.245119375021666,244.0,GBT,0,0.05412513658010165,1.7123337805244347,0.9458748634198983
ANWE|82A|1054|2026-07-13|3049,82A,ANWE,2026-07-13 17:42:00,2026-07-13,17.0,2.0,1.0,107.05,0,1.81031746031746,network_default,0,0.0,none,0.36111111111111116,17.841851851851846,36.195036050050554,180.0,GBT,0,0.05412513658010165,1.7123337805244347,0.9458748634198983
ANWE|79C|1075|2026-07-13|3206,79C,ANWE,2026-07-13 17:41:00,2026-07-13,17.0,2.0,1.0,97.76666666666667,0,1.81031746031746,network_default,0,0.0,none,0.4024390243902439,9.724728997289969,25.0771033562102,246.0,GBT,0,0.05412513658010165,1.7123337805244347,0.9458748634198983
ANWE|61|1521|2026-07-14|2793,61,ANWE,2026-07-14 13:51:00,2026-07-14,13.0,3.0,0.0,132.63333333333333,0,1.81031746031746,network_default,0,0.0,none,0.4157303370786517,23.813483146067412,42.75307323087279,89.0,GBT,0,0.05436336441470602,1.7119025125159169,0.945636635585294
ANWE|61|1522|2026-07-14|3136,61,ANWE,2026-07-14 13:21:00,2026-07-14,13.0,3.0,0.0,162.45,0,1.81031746031746,network_default,0,0.0,none,0.40909090909090906,22.23806818181818,40.31629686338897,88.0,GBT,0,0.05436336441470602,1.7119025125159169,0.945636635585294
ANWE|79C|1061|0001-01-01|3054,79C,ANWE,2026-07-14 15:21:00,2026-07-14,15.0,3.0,0.0,44.03333333333333,0,1.81031746031746,network_default,0,0.0,none,0.449438202247191,15.970848938826466,33.062155589014694,267.0,GBT,0,0.054677988912907094,1.7113329422933798,0.9453220110870929
ANWE|110|5102|2026-06-14|3045,110,ANWE,2026-06-14 18:25:00,2026-06-14,18.0,1.0,1.0,53.916666666666664,0,1.81031746031746,network_default,1,5.0,roadworks,1.0,55.833333333333336,0.0,1.0,GBT,0,0.054907601045133037,1.7109172714413106,0.945092398954867
ANWE|110|5036|2026-06-14|3178,110,ANWE,2026-06-14 17:15:00,2026-06-14,17.0,1.0,1.0,55.833333333333336,0,1.81031746031746,network_default,1,5.0,roadworks,0.5,0.0,0.0,0.0,GBT,0,0.054907601045133037,1.7109172714413106,0.945092398954867
ANWE|79C|5049|2026-06-14|3049,79C,ANWE,2026-06-14 19:17:00,2026-06-14,19.0,1.0,0.0,87.61666666666666,0,1.81031746031746,network_default,0,0.0,none,0.5,0.0,0.0,0.0,GBT,0,0.055017291263522394,1.7107186973237343,0.9449827087364776
ANWE|P5|4442|2026-07-12|3021,P5,ANWE,2026-07-12 07:00:00,2026-07-12,7.0,1.0,1.0,115.2,0,1.81031746031746,network_default,0,0.0,none,1.0,105.2,0.1691481927515414,3.0,GBT,0,0.055031480913162456,1.7106930095532351,0.9449685190868375
ANWE|P5|4441|0001-01-01|6580,P5,ANWE,2026-07-14 11:00:00,2026-07-14,11.0,3.0,0.0,305.56666666666666,0,1.81031746031746,network_default,0,0.0,none,1.0,314.76458333333335,225.20992099347862,16.0,GBT,0,0.05539584047814472,1.710033403070914,0.9446041595218553
ANWE|P5|4441|0001-01-01|7702,P5,ANWE,2026-07-14 11:00:00,2026-07-14,11.0,3.0,0.0,327.98333333333335,0,1.81031746031746,network_default,0,0.0,none,1.0,312.4465277777778,181.95535690852668,24.0,GBT,0,0.05539584047814472,1.710033403070914,0.9446041595218553
ANWE|61|3527|2026-07-11|3140,61,ANWE,2026-07-11 16:51:00,2026-07-11,16.0,7.0,1.0,120.41666666666667,0,1.81031746031746,network_default,0,0.0,none,0.295774647887324,11.73755868544601,29.976235126638883,71.0,GBT,0,0.055610013733259245,1.709645681487647,0.9443899862667408
ANWE|110|5110|2026-06-14|3140,110,ANWE,2026-06-14 22:00:00,2026-06-14,22.0,1.0,0.0,66.08333333333333,0,1.81031746031746,network_default,1,3.0,incident,1.0,54.875,1.3552879972742196,2.0,GBT,0,0.05568584038516344,1.7095084111757475,0.9443141596148366
ANWE|61|1512|0001-01-01|3161,61,ANWE,2026-06-16 08:21:00,2026-06-16,8.0,3.0,1.0,128.01666666666668,0,1.81031746031746,network_default,0,0.0,none,0.25531914893617025,10.115248226950353,25.150381723600955,47.0,GBT,0,0.05606560346003797,1.7088209194505184,0.943934396539962
ANWE|X4|1034|2026-07-13|2793,X4,ANWE,2026-07-13 21:15:00,2026-07-13,21.0,2.0,0.0,59.083333333333336,0,1.81031746031746,network_default,0,0.0,none,0.27710843373493976,5.164457831325301,15.242273526056367,83.0,GBT,0,0.05652085137006857,1.7079967762102168,0.9434791486299314
ANWE|X4|1032|2026-07-13|2789,X4,ANWE,2026-07-13 20:25:00,2026-07-13,20.0,2.0,0.0,72.93333333333334,0,1.81031746031746,network_default,0,0.0,none,0.2682926829268293,4.338008130081301,13.334341596237353,82.0,GBT,0,0.05652085137006857,1.7079967762102168,0.9434791486299314
ANWE|X4|1036|2026-07-13|2791,X4,ANWE,2026-07-13 22:15:00,2026-07-13,22.0,2.0,0.0,73.15,0,1.81031746031746,network_default,0,0.0,none,0.2857142857142857,5.806349206349206,16.252318113878758,84.0,GBT,0,0.05652085137006857,1.7079967762102168,0.9434791486299314
ANWE|110|1040|2026-07-14|2968,110,ANWE,2026-07-14 14:55:00,2026-07-14,14.0,3.0,0.0,66.58333333333333,0,1.81031746031746,network_default,0,0.0,none,0.4039735099337748,6.998123620309051,16.297979145694875,151.0,GBT,0,0.056607504909962914,1.707839905793948,0.9433924950900371
ANWE|82A|1039|0001-01-01|3162,82A,ANWE,2026-06-16 11:57:00,2026-06-16,11.0,3.0,0.0,49.983333333333334,0,1.81031746031746,network_default,0,0.0,none,0.31404958677685946,13.38815426997245,32.36239232833443,121.0,GBT,0,0.05671254835068895,1.7076497438191096,0.943287451649311
ANWE|82A|1026|0001-01-01|3078,82A,ANWE,2026-06-16 10:42:00,2026-06-16,10.0,3.0,0.0,69.31666666666666,0,1.81031746031746,network_default,0,0.0,none,0.31896551724137934,13.354310344827585,32.55401814218022,116.0,GBT,0,0.05671254835068895,1.7076497438191096,0.943287451649311
ANWE|82A|1033|0001-01-01|2790,82A,ANWE,2026-06-16 10:27:00,2026-06-16,10.0,3.0,0.0,45.18333333333333,0,1.81031746031746,network_default,0,0.0,none,0.31858407079646023,13.299557522123893,32.804923309681,113.0,GBT,0,0.05671254835068895,1.7076497438191096,0.943287451649311
ANWE|61|1521|0001-01-01|3203,61,ANWE,2026-06-16 13:51:00,2026-06-16,13.0,3.0,0.0,116.6,0,1.81031746031746,network_default,0,0.0,none,0.2833333333333333,10.65916666666667,27.237522830700286,60.0,GBT,0,0.05671254835068895,1.7076497438191096,0.943287451649311
ANWE|X4|1022|0001-01-01|2790,X4,ANWE,2026-07-14 15:25:00,2026-07-14,15.0,3.0,0.0,56.85,0,1.81031746031746,network_default,0,0.0,none,0.31818181818181823,8.812878787878788,21.491342033989415,88.0,GBT,0,0.05671254835068895,1.7076497438191096,0.943287451649311
ANWE|82A|3048|2026-07-11|3054,82A,ANWE,2026-07-11 17:42:00,2026-07-11,17.0,7.0,1.0,110.51666666666667,0,1.81031746031746,network_default,0,0.0,none,0.30625,12.33645833333333,30.824562761185092,160.0,GBT,0,0.056760129709499285,1.7075636064544697,0.9432398702905007
ANWE|79C|1062|0001-01-01|3050,79C,ANWE,2026-06-16 13:16:00,2026-06-16,13.0,3.0,0.0,14.616666666666667,0,1.81031746031746,network_default,0,0.0,none,0.36931818181818177,6.252556818181815,20.365641812650967,176.0,GBT,0,0.0575719593674906,1.7060939370498045,0.9424280406325094
ANWE|79C|1069|2026-06-15|3136,79C,ANWE,2026-06-15 16:41:00,2026-06-15,16.0,2.0,1.0,-114.66666666666667,0,1.81031746031746,network_default,1,4.0,roadworks,0.45882352941176474,9.663333333333329,22.104812375560435,85.0,GBT,0,0.05764026077042039,1.7059702898275166,0.9423597392295796
ANWE|82A|1042|2026-06-15|3053,82A,ANWE,2026-06-15 14:42:00,2026-06-15,14.0,2.0,0.0,63.1,0,1.81031746031746,network_default,1,3.0,roadClosed,0.4285714285714286,21.491369047619052,42.385824768711934,56.0,GBT,0,0.05791058421087503,1.7054809185833284,0.942089415789125
ANWE|79C|5057|2026-06-14|3138,79C,ANWE,2026-06-14 21:17:00,2026-06-14,21.0,1.0,0.0,87.85,0,1.81031746031746,network_default,0,0.0,none,1.0,89.8,3.087699611181263,2.0,GBT,0,0.058357680603504214,1.704671532177307,0.9416423193964958
ANWE|20|5007|2026-06-14|3020,20,ANWE,2026-06-14 22:00:00,2026-06-14,22.0,1.0,0.0,47.75,0,1.81031746031746,network_default,0,0.0,none,0.5,0.0,0.0,0.0,GBT,0,0.058357680603504214,1.704671532177307,0.9416423193964958
ANWE|X30|3023|2026-07-11|3203,X30,ANWE,2026-07-11 16:45:00,2026-07-11,16.0,7.0,1.0,47.8,0,1.81031746031746,network_default,0,0.0,none,0.29032258064516125,8.49435483870968,21.32062632649409,62.0,GBT,0,0.05840850011619114,1.7045795327261648,0.9415914998838089
ANWE|P10|4441|2026-07-14|6576,P10,ANWE,2026-07-14 11:00:00,2026-07-14,11.0,3.0,0.0,332.93333333333334,0,1.81031746031746,network_default,0,0.0,none,1.0,337.32500000000005,47.765063069151296,2.0,GBT,0,0.05851365862540303,1.7043891624408376,0.941486341374597
ANWE|P10|4441|2026-07-14|3021,P10,ANWE,2026-07-14 11:00:00,2026-07-14,11.0,3.0,0.0,303.55,0,1.81031746031746,network_default,0,0.0,none,1.0,371.1,0.0,1.0,GBT,0,0.05851365862540303,1.7043891624408376,0.941486341374597
ANWE|P2|4441|2026-07-12|7701,P2,ANWE,2026-07-12 11:00:00,2026-07-12,11.0,1.0,0.0,-69.48333333333333,0,1.81031746031746,network_default,0,0.0,none,1.0,104.42500000000001,9.88770982359189,2.0,GBT,0,0.058550847932940076,1.7043218379880662,0.9414491520670599
ANWE|P5|4442|2026-07-12|3102,P5,ANWE,2026-07-12 07:00:00,2026-07-12,7.0,1.0,1.0,112.55,0,1.81031746031746,network_default,0,0.0,none,1.0,108.55666666666666,4.73642211425929,5.0,GBT,0,0.05866949126734744,1.7041070558882383,0.9413305087326526
ANWE|82A|5017|2026-07-12|3159,82A,ANWE,2026-07-12 07:56:00,2026-07-12,7.0,1.0,1.0,49.166666666666664,0,1.81031746031746,network_default,0,0.0,none,0.3431952662721893,16.73047337278106,35.510442611021745,169.0,GBT,0,0.0590049759052752,1.7034997221905295,0.9409950240947248
ANWE|82A|5008|2026-07-12|3046,82A,ANWE,2026-07-12 07:42:00,2026-07-12,7.0,1.0,1.0,63.38333333333333,0,1.81031746031746,network_default,0,0.0,none,0.3392857142857143,16.452777777777772,35.432074946562906,168.0,GBT,0,0.0590049759052752,1.7034997221905295,0.9409950240947248
ANWE|82A|1065|0001-01-01|3078,82A,ANWE,2026-07-14 18:57:00,2026-07-14,18.0,3.0,1.0,5.283333333333333,0,1.81031746031746,network_default,0,0.0,none,0.44239631336405527,24.7837173579109,40.751071315741484,217.0,GBT,0,0.059453979305226556,1.7026868834958555,0.9405460206947734
ANWE|79C|1093|2026-07-13|3020,79C,ANWE,2026-07-13 21:17:00,2026-07-13,21.0,2.0,0.0,84.93333333333334,0,1.81031746031746,network_default,0,0.0,none,0.4143426294820717,11.42317397078353,27.56414804570627,251.0,GBT,0,0.059459677527592736,1.7026765679044134,0.9405403224724073
ANWE|79C|1097|2026-07-13|3159,79C,ANWE,2026-07-13 21:47:00,2026-07-13,21.0,2.0,0.0,87.28333333333333,0,1.81031746031746,network_default,0,0.0,none,0.41666666666666663,11.71488095238095,27.896212345833792,252.0,GBT,0,0.059459677527592736,1.7026765679044134,0.9405403224724073
ANWE|79C|1085|2026-07-13|3053,79C,ANWE,2026-07-13 19:20:00,2026-07-13,19.0,2.0,0.0,84.93333333333334,0,1.81031746031746,network_default,0,0.0,none,0.40963855421686746,10.818607764390896,26.829635707100604,249.0,GBT,0,0.059459677527592736,1.7026765679044134,0.9405403224724073
ANWE|82A|1066|2026-07-13|3044,82A,ANWE,2026-07-13 22:20:00,2026-07-13,22.0,2.0,0.0,67.23333333333333,0,1.81031746031746,network_default,0,0.0,none,0.3817204301075269,20.30654121863799,38.17796697948805,186.0,GBT,0,0.059459677527592736,1.7026765679044134,0.9405403224724073
ANWE|110|3050|2026-07-11|3043,110,ANWE,2026-07-11 18:05:00,2026-07-11,18.0,7.0,1.0,58.55,0,1.81031746031746,network_default,0,0.0,none,0.37037037037037035,4.724197530864198,12.606639764941812,135.0,GBT,0,0.05961284044241799,1.702399294405432,0.940387159557582
ANWE|79C|1083|2026-07-13|3051,79C,ANWE,2026-07-13 19:00:00,2026-07-13,19.0,2.0,0.0,100.51666666666667,0,1.81031746031746,network_default,0,0.0,none,0.407258064516129,10.456922043010751,26.268582785239005,248.0,GBT,0,0.05980624094020326,1.7020491781074572,0.9401937590597967
ANWE|P5|4441|2026-07-13|7703,P5,ANWE,2026-07-13 11:00:00,2026-07-13,11.0,2.0,0.0,486.1,0,1.81031746031746,network_default,0,0.0,none,1.0,167.51874999999998,220.47967214320013,8.0,GBT,0,0.05984034694440732,1.701987435412545,0.9401596530555927
ANWE|82A|3052|2026-07-11|2791,82A,ANWE,2026-07-11 18:42:00,2026-07-11,18.0,7.0,1.0,106.48333333333333,0,1.81031746031746,network_default,0,0.0,none,0.31055900621118016,12.946273291925463,31.68733135913678,161.0,GBT,0,0.06092824704023592,1.7000179908739854,0.9390717529597641
ANWE|X30|1012|0001-01-01|3054,X30,ANWE,2026-06-16 10:03:00,2026-06-16,10.0,3.0,0.0,56.0,0,1.81031746031746,network_default,0,0.0,none,0.2954545454545454,8.55909090909091,22.783721764648284,44.0,GBT,0,0.061531676995039364,1.6989255910907262,0.9384683230049606
ANWE|X30|3002|2026-07-12|2789,X30,ANWE,2026-07-12 08:00:00,2026-07-12,8.0,1.0,1.0,45.36666666666667,0,1.81031746031746,network_default,0,0.0,none,0.3015873015873016,9.11825396825397,21.720039248737976,63.0,GBT,0,0.06162497531891353,1.6987566915059984,0.9383750246810865
ANWE|P5|4442|2026-07-12|7703,P5,ANWE,2026-07-12 07:00:00,2026-07-12,7.0,1.0,1.0,105.05,0,1.81031746031746,network_default,0,0.0,none,0.5,0.0,0.0,0.0,GBT,0,0.062426253666132636,1.6973061233234534,0.9375737463338674
ANWE|P2|4442|2026-07-12|6579,P2,ANWE,2026-07-12 07:08:00,2026-07-12,7.0,1.0,1.0,97.43333333333334,0,1.81031746031746,network_default,0,0.0,none,0.5,0.0,0.0,0.0,GBT,0,0.062426253666132636,1.6973061233234534,0.9375737463338674
ANWE|79C|5053|2026-06-14|3101,79C,ANWE,2026-06-14 20:17:00,2026-06-14,20.0,1.0,0.0,91.98333333333333,0,1.81031746031746,network_default,0,0.0,none,1.0,87.61666666666666,0.0,1.0,GBT,0,0.06263532212003653,1.6969276430509495,0.9373646778799635
ANWE|82A|5015|2026-07-12|3178,82A,ANWE,2026-07-12 07:26:00,2026-07-12,7.0,1.0,1.0,79.35,0,1.81031746031746,network_default,0,0.0,none,0.33532934131736525,16.076147704590813,35.19972135016587,167.0,GBT,0,0.0635935238721621,1.69519299368857,0.9364064761278379
ANWE|82A|5006|2026-07-12|3038,82A,ANWE,2026-07-12 07:12:00,2026-07-12,7.0,1.0,1.0,93.21666666666667,0,1.81031746031746,network_default,0,0.0,none,0.3313253012048193,15.611445783132524,34.788615046979686,166.0,GBT,0,0.0635935238721621,1.69519299368857,0.9364064761278379
ANWE|82A|1067|2026-07-13|3042,82A,ANWE,2026-07-13 20:07:00,2026-07-13,20.0,2.0,0.0,79.15,0,1.81031746031746,network_default,0,0.0,none,0.375,19.590217391304343,37.74866034625197,184.0,GBT,0,0.06367555231108757,1.6950444961733404,0.9363244476889124
ANWE|79C|1102|2026-07-13|3164,79C,ANWE,2026-07-13 22:22:00,2026-07-13,22.0,2.0,0.0,51.266666666666666,0,1.81031746031746,network_default,0,0.0,none,0.42352941176470593,12.422287581699345,28.56740817655182,255.0,GBT,0,0.06367555231108757,1.6950444961733404,0.9363244476889124
ANWE|79C|1087|0001-01-01|3001,79C,ANWE,2026-07-14 19:47:00,2026-07-14,19.0,3.0,0.0,71.2,0,1.81031746031746,network_default,0,0.0,none,0.48859934853420195,17.27926167209555,32.571971238264595,307.0,GBT,0,0.06367555231108757,1.6950444961733404,0.9363244476889124
ANWE|79C|1091|0001-01-01|3044,79C,ANWE,2026-07-14 20:47:00,2026-07-14,20.0,3.0,0.0,64.51666666666667,0,1.81031746031746,network_default,0,0.0,none,0.4840764331210191,17.24660297239915,32.43812981151397,314.0,GBT,0,0.06367555231108757,1.6950444961733404,0.9363244476889124
ANWE|P5|4441|2026-07-14|6577,P5,ANWE,2026-07-14 11:00:00,2026-07-14,11.0,3.0,0.0,318.1666666666667,0,1.81031746031746,network_default,0,0.0,none,1.0,313.52000000000004,200.15468262473445,20.0,GBT,0,0.06386403931050044,1.6947032748672606,0.9361359606894996
ANWE|P5|4441|2026-07-14|7702,P5,ANWE,2026-07-14 11:00:00,2026-07-14,11.0,3.0,0.0,322.3833333333333,0,1.81031746031746,network_default,0,0.0,none,1.0,313.6101851851852,211.57495783366383,18.0,GBT,0,0.06386403931050044,1.6947032748672606,0.9361359606894996
ANWE|P5|4441|2026-07-14|6580,P5,ANWE,2026-07-14 11:00:00,2026-07-14,11.0,3.0,0.0,303.48333333333335,0,1.81031746031746,network_default,0,0.0,none,1.0,313.74126984126985,195.08928800673178,21.0,GBT,0,0.06386403931050044,1.6947032748672606,0.9361359606894996
ANWE|P5|4441|2026-07-14|6581,P5,ANWE,2026-07-14 11:00:00,2026-07-14,11.0,3.0,0.0,303.48333333333335,0,1.81031746031746,network_default,0,0.0,none,1.0,312.836231884058,186.03451073157288,23.0,GBT,0,0.06386403931050044,1.6947032748672606,0.9361359606894996
ANWE|82A|1064|2026-07-13|2968,82A,ANWE,2026-07-13 20:12:00,2026-07-13,20.0,2.0,0.0,93.26666666666667,0,1.81031746031746,network_default,0,0.0,none,0.3783783783783784,19.912162162162158,37.89976204799729,185.0,GBT,0,0.06404501490952719,1.694375651580451,0.9359549850904728
ANWE|2|1107|0001-01-01|4850,2,ANWE,2026-07-14 15:18:00,2026-07-14,15.0,3.0,0.0,175.41666666666666,0,1.81031746031746,network_default,0,0.0,none,0.18181818181818177,3.409917355371901,17.187603276257043,121.0,GBT,0,0.06449930146170968,1.6935532487030476,0.9355006985382903
ANWE|P5|4441|2026-07-13|6582,P5,ANWE,2026-07-13 11:00:00,2026-07-13,11.0,2.0,0.0,488.8833333333333,0,1.81031746031746,network_default,0,0.0,none,1.0,251.59545454545457,234.06359583228527,11.0,GBT,0,0.06484776279812343,1.6929224230614923,0.9351522372018766
ANWE|82A|5013|2026-07-12|3001,82A,ANWE,2026-07-12 06:56:00,2026-07-12,6.0,1.0,0.0,109.11666666666666,0,1.81031746031746,network_default,0,0.0,none,0.32727272727272727,15.044747474747469,34.11732456372251,165.0,GBT,0,0.0650309108010384,1.692590867033993,0.9349690891989616
ANWE|2|1107|2026-07-14|4850,2,ANWE,2026-07-14 15:18:00,2026-07-14,15.0,3.0,0.0,171.86666666666667,0,1.81031746031746,network_default,0,0.0,none,0.17500000000000004,2.006111111111111,7.578988946528611,120.0,GBT,0,0.06531565506338732,1.6920753895241376,0.9346843449366127
ANWE|P5|4442|2026-07-12|6578,P5,ANWE,2026-07-12 07:00:00,2026-07-12,7.0,1.0,1.0,105.16666666666667,0,1.81031746031746,network_default,0,0.0,none,1.0,105.21666666666667,0.23570226039552256,2.0,GBT,0,0.06651870467624554,1.689897487804352,0.9334812953237545
ANWE|P5|4442|2026-07-12|6581,P5,ANWE,2026-07-12 07:00:00,2026-07-12,7.0,1.0,1.0,105.38333333333334,0,1.81031746031746,network_default,0,0.0,none,1.0,105.05,0.0,1.0,GBT,0,0.06651870467624554,1.689897487804352,0.9334812953237545
ANWE|110|1006|0001-01-01|3159,110,ANWE,2026-06-16 06:05:00,2026-06-16,6.0,3.0,0.0,58.93333333333333,0,1.81031746031746,network_default,1,2.0,roadworks,0.45333333333333337,4.452222222222222,11.803271780515974,75.0,GBT,0,0.06715919555832683,1.6887379959773463,0.9328408044416732
ANWE|P2|4442|2026-07-12|6577,P2,ANWE,2026-07-12 07:08:00,2026-07-12,7.0,1.0,1.0,111.41666666666667,0,1.81031746031746,network_default,0,0.0,none,1.0,97.43333333333334,0.0,1.0,GBT,0,0.06726184117639311,1.6885521748227357,0.9327381588236069
ANWE|P12|4442|2026-07-12|6582,P12,ANWE,2026-07-12 07:00:00,2026-07-12,7.0,1.0,1.0,112.88333333333334,0,1.81031746031746,network_default,0,0.0,none,0.5,0.0,0.0,0.0,GBT,0,0.06726184117639311,1.6885521748227357,0.9327381588236069
ANWE|82A|5004|2026-07-12|3051,82A,ANWE,2026-07-12 06:42:00,2026-07-12,6.0,1.0,0.0,114.81666666666666,0,1.81031746031746,network_default,0,0.0,none,0.323170731707317,14.436382113821132,33.312015128620466,164.0,GBT,0,0.06821577430118986,1.686825253030941,0.9317842256988101
ANWE|110|1052|0001-01-01|3203,110,ANWE,2026-07-14 18:05:00,2026-07-14,18.0,3.0,1.0,25.316666666666666,0,1.81031746031746,network_default,0,0.0,none,0.42261904761904767,7.876785714285715,17.186535508361015,168.0,GBT,0,0.06856148468945322,1.6861994074788547,0.9314385153105468
ANWE|110|1049|0001-01-01|2968,110,ANWE,2026-07-14 16:18:00,2026-07-14,16.0,3.0,1.0,33.7,0,1.81031746031746,network_default,0,0.0,none,0.42038216560509556,7.938110403397026,17.378061132602614,157.0,GBT,0,0.06856148468945322,1.6861994074788547,0.9314385153105468
ANWE|110|1051|0001-01-01|3203,110,ANWE,2026-07-14 16:48:00,2026-07-14,16.0,3.0,1.0,39.43333333333333,0,1.81031746031746,network_default,0,0.0,none,0.42405063291139244,8.101160337552741,17.443449638893984,158.0,GBT,0,0.06856148468945322,1.6861994074788547,0.9314385153105468
ANWE|110|3053|2026-07-11|3136,110,ANWE,2026-07-11 18:01:00,2026-07-11,18.0,7.0,1.0,66.0,0,1.81031746031746,network_default,0,0.0,none,0.3656716417910447,4.266915422885573,11.475217746385546,134.0,GBT,0,0.0689230590637282,1.6855448430759015,0.9310769409362718
ANWE|X30|1021|2026-07-14|3138,X30,ANWE,2026-07-14 14:42:00,2026-07-14,14.0,3.0,0.0,81.3,0,1.81031746031746,network_default,0,0.0,none,0.3571428571428571,12.600952380952384,25.02269547700443,70.0,GBT,0,0.06896320240363141,1.685472170886759,0.9310367975963686
ANWE|61|5520|2026-06-14|3106,61,ANWE,2026-06-14 16:21:00,2026-06-14,16.0,1.0,1.0,76.26666666666667,0,1.81031746031746,network_default,0,0.0,none,0.5,0.0,0.0,0.0,GBT,0,0.0702868669353437,1.6830759178733974,0.9297131330646563
ANWE|61|5522|2026-06-14|3048,61,ANWE,2026-06-14 17:21:00,2026-06-14,17.0,1.0,1.0,72.3,0,1.81031746031746,network_default,0,0.0,none,1.0,88.28333333333333,16.994132974516692,2.0,GBT,0,0.0702868669353437,1.6830759178733974,0.9297131330646563
ANWE|79C|1028|0001-01-01|3020,79C,ANWE,2026-06-15 07:36:00,2026-06-15,7.0,2.0,1.0,4.15,0,1.81031746031746,network_default,1,2.0,roadworks,0.5161290322580645,19.51559139784946,33.4125397660829,31.0,GBT,0,0.0707722306861529,1.6821972554007023,0.9292277693138471
ANWE|82A|3058|2026-07-11|3020,82A,ANWE,2026-07-11 20:12:00,2026-07-11,20.0,7.0,0.0,103.6,0,1.81031746031746,network_default,0,0.0,none,0.3190184049079755,13.889366053169729,32.66747945690805,163.0,GBT,0,0.07154358222691626,1.6808008642384158,0.9284564177730837
ANWE|1|1119|0001-01-01|2791,1,ANWE,2026-07-14 16:48:00,2026-07-14,16.0,3.0,1.0,-7.15,0,1.81031746031746,network_default,0,0.0,none,0.25384615384615383,2.010897435897436,4.78756406169865,130.0,GBT,0,0.0744861699318019,1.6754738463377457,0.9255138300681981
ANWE|P2|4441|2026-07-14|6582,P2,ANWE,2026-07-14 11:00:00,2026-07-14,11.0,3.0,0.0,207.6,0,1.81031746031746,network_default,0,0.0,none,1.0,272.47878787878784,238.54783297309916,11.0,GBT,0,0.0746466679310468,1.6751832940073668,0.9253533320689532
ANWE|82A|1019|0001-01-01|3106,82A,ANWE,2026-06-15 06:57:00,2026-06-15,6.0,2.0,0.0,118.25,0,1.81031746031746,network_default,1,3.0,roadClosed,0.4347826086956522,43.3963768115942,54.8908002164025,23.0,GBT,0,0.07577161609775507,1.6731467806992226,0.9242283839022449
ANWE|X30|1027|0001-01-01|3138,X30,ANWE,2026-07-14 18:05:00,2026-07-14,18.0,3.0,1.0,-3.066666666666667,0,1.81031746031746,network_default,0,0.0,none,0.41025641025641024,13.698931623931626,25.32070278377438,78.0,GBT,0,0.07601458012093798,1.6727069386858255,0.923985419879062
ANWE|X30|1025|0001-01-01|3105,X30,ANWE,2026-07-14 17:05:00,2026-07-14,17.0,3.0,1.0,2.9166666666666665,0,1.81031746031746,network_default,0,0.0,none,0.4025974025974026,13.83896103896104,25.456324340060505,77.0,GBT,0,0.07601458012093798,1.6727069386858255,0.923985419879062
ANWE|61|1527|0001-01-01|3052,61,ANWE,2026-07-14 17:01:00,2026-07-14,17.0,3.0,1.0,4.35,0,1.81031746031746,network_default,0,0.0,none,0.46464646464646464,27.72895622895623,43.83159903101847,99.0,GBT,0,0.07601458012093798,1.6727069386858255,0.923985419879062
ANWE|61|1530|0001-01-01|3046,61,ANWE,2026-07-14 17:21:00,2026-07-14,17.0,3.0,1.0,20.216666666666665,0,1.81031746031746,network_default,0,0.0,none,0.4653465346534653,27.220297029702966,43.54109410175126,101.0,GBT,0,0.07601458012093798,1.6727069386858255,0.923985419879062
ANWE|61|1529|0001-01-01|3045,61,ANWE,2026-07-14 17:51:00,2026-07-14,17.0,3.0,1.0,38.016666666666666,0,1.81031746031746,network_default,0,0.0,none,0.47572815533980584,26.980097087378635,43.15276052650653,103.0,GBT,0,0.07601458012093798,1.6727069386858255,0.923985419879062
ANWE|82A|3061|2026-07-11|2790,82A,ANWE,2026-07-11 20:07:00,2026-07-11,20.0,7.0,0.0,73.13333333333334,0,1.81031746031746,network_default,0,0.0,none,0.31481481481481477,13.523662551440324,32.432355718872515,162.0,GBT,0,0.07718478807191775,1.6705884907999646,0.9228152119280822
ANWE|79C|5066|2026-06-14|3001,79C,ANWE,2026-06-14 22:22:00,2026-06-14,22.0,1.0,0.0,51.56666666666667,0,1.81031746031746,network_default,0,0.0,none,1.0,82.55555555555556,15.2525504849614,6.0,GBT,0,0.07749033465054878,1.6700353544937285,0.9225096653494512
ANWE|79C|5064|2026-06-14|3077,79C,ANWE,2026-06-14 21:22:00,2026-06-14,21.0,1.0,0.0,51.6,0,1.81031746031746,network_default,0,0.0,none,1.0,89.14999999999999,2.4565106237190313,3.0,GBT,0,0.07749033465054878,1.6700353544937285,0.9225096653494512
ANWE|P5|4441|2026-07-14|6578,P5,ANWE,2026-07-14 11:00:00,2026-07-14,11.0,3.0,0.0,303.18333333333334,0,1.81031746031746,network_default,0,0.0,none,1.0,313.27500000000003,190.400211108632,22.0,GBT,0,0.07766302282646842,1.6697227340736709,0.9223369771735316
ANWE|82A|1038|0001-01-01|3045,82A,ANWE,2026-06-16 13:42:00,2026-06-16,13.0,3.0,0.0,39.95,0,1.81031746031746,network_default,0,0.0,none,0.3023255813953488,12.966020671834622,31.645156304688715,129.0,GBT,0,0.07933194101897867,1.666701462329928,0.9206680589810213
ANWE|82A|1044|0001-01-01|3078,82A,ANWE,2026-06-16 15:12:00,2026-06-16,15.0,3.0,0.0,8.033333333333333,0,1.81031746031746,network_default,0,0.0,none,0.3065693430656934,12.58832116788321,30.8961624283349,137.0,GBT,0,0.07933194101897867,1.666701462329928,0.9206680589810213
ANWE|P5|4442|2026-07-14|6578,P5,ANWE,2026-07-14 07:00:00,2026-07-14,7.0,3.0,1.0,608.45,0,1.81031746031746,network_default,0,0.0,none,1.0,292.2858974358974,235.88852719324015,13.0,GBT,0,0.07949747455021117,1.66640179408807,0.9205025254497888
ANWE|X4|1023|2026-07-14|2795,X4,ANWE,2026-07-14 14:53:00,2026-07-14,14.0,3.0,0.0,70.6,0,1.81031746031746,network_default,0,0.0,none,0.31034482758620685,8.102681992337164,20.55108148219012,87.0,GBT,0,0.079945182206823,1.6655913011001877,0.920054817793177
ANWE|P5|4441|2026-07-14|7708,P5,ANWE,2026-07-14 11:00:00,2026-07-14,11.0,3.0,0.0,302.8333333333333,0,1.81031746031746,network_default,0,0.0,none,1.0,315.56000000000006,233.09115057459917,15.0,GBT,0,0.08055770717276345,1.6644824364594653,0.9194422928272366
ANWE|P5|4441|2026-07-14|3102,P5,ANWE,2026-07-14 11:00:00,2026-07-14,11.0,3.0,0.0,303.18333333333334,0,1.81031746031746,network_default,0,0.0,none,1.0,314.22352941176473,218.06997913663767,17.0,GBT,0,0.08055770717276345,1.6644824364594653,0.9194422928272366
ANWE|P5|4441|2026-07-14|SP_RU,P5,ANWE,2026-07-14 11:00:00,2026-07-14,11.0,3.0,0.0,303.03333333333336,0,1.81031746031746,network_default,0,0.0,none,1.0,314.07192982456144,205.62375085384633,19.0,GBT,0,0.08055770717276345,1.6644824364594653,0.9194422928272366
ANWE|110|5009|0001-01-01|3177,110,ANWE,2026-07-12 09:46:00,2026-07-12,9.0,1.0,1.0,3.25,0,1.81031746031746,network_default,0,0.0,none,0.375,5.253819444444445,13.342057128412852,144.0,GBT,0,0.08104022152433132,1.6636089323039682,0.9189597784756687
ANWE|61|1523|2026-07-14|3046,61,ANWE,2026-07-14 14:51:00,2026-07-14,14.0,3.0,0.0,72.46666666666667,0,1.81031746031746,network_default,0,0.0,none,0.4285714285714286,25.874725274725268,44.53535600326182,91.0,GBT,0,0.08127556735987485,1.663182881628671,0.9187244326401252
ANWE|79C|1013|0001-01-01|3050,79C,ANWE,2026-06-15 07:05:00,2026-06-15,7.0,2.0,1.0,17.55,0,1.81031746031746,network_default,1,2.0,roadworks,0.5555555555555556,21.705555555555552,35.22783506331127,27.0,GBT,0,0.08180784008206621,1.6622192990260372,0.9181921599179338
ANWE|61|3530|2026-07-11|MX14_HRO,61,ANWE,2026-07-11 17:21:00,2026-07-11,17.0,7.0,1.0,89.01666666666667,0,1.81031746031746,network_default,0,0.0,none,0.3055555555555556,13.24699074074074,32.40312362094555,72.0,GBT,0,0.0819979078658819,1.6618752159983516,0.9180020921341181
ANWE|61|3528|2026-07-11|3163,61,ANWE,2026-07-11 16:21:00,2026-07-11,16.0,7.0,1.0,90.16666666666667,0,1.81031746031746,network_default,0,0.0,none,0.2857142857142857,10.617142857142857,28.656190082488436,70.0,GBT,0,0.0819979078658819,1.6618752159983516,0.9180020921341181
ANWE|X30|1023|0001-01-01|2792,X30,ANWE,2026-07-14 15:47:00,2026-07-14,15.0,3.0,0.0,39.1,0,1.81031746031746,network_default,0,0.0,none,0.375,13.861574074074076,26.080960029255902,72.0,GBT,0,0.08272579390911383,1.6605575111851676,0.9172742060908862
ANWE|3C|5001|0001-01-01|3104,3C,ANWE,2026-07-12 09:32:00,2026-07-12,9.0,1.0,1.0,6.4,0,1.81031746031746,network_default,0,0.0,none,0.5769230769230769,3.378846153846153,3.3336585097800677,26.0,GBT,0,0.0835996217476841,1.6589756053916924,0.9164003782523159
ANWE|2|1103|2026-07-14|4850,2,ANWE,2026-07-14 14:54:00,2026-07-14,14.0,3.0,0.0,69.2,0,1.81031746031746,network_default,0,0.0,none,0.16806722689075626,1.4414565826330534,4.398119497109861,119.0,GBT,0,0.08386048867283868,1.6585033534422657,0.9161395113271613
ANWE|82A|1022|0001-01-01|3162,82A,ANWE,2026-06-16 09:42:00,2026-06-16,9.0,3.0,1.0,-1.0666666666666667,1,1.81031746031746,network_default,0,0.0,none,0.3302752293577982,13.79051987767584,33.303590848590964,109.0,GBT,0,0.08490567087411838,1.656611241854076,0.9150943291258816
ANWE|61|5503|0001-01-01|3106,61,ANWE,2026-07-12 08:51:00,2026-07-12,8.0,1.0,1.0,7.433333333333334,0,1.81031746031746,network_default,0,0.0,none,0.35064935064935066,16.465584415584413,34.168377721133076,77.0,GBT,0,0.08490567087411838,1.656611241854076,0.9150943291258816
ANWE|61|5506|0001-01-01|3105,61,ANWE,2026-07-12 09:21:00,2026-07-12,9.0,1.0,1.0,13.283333333333333,0,1.81031746031746,network_default,0,0.0,none,0.35,15.959166666666667,33.61836802666619,80.0,GBT,0,0.08490567087411838,1.656611241854076,0.9150943291258816
ANWE|61|5502|2026-07-12|2792,61,ANWE,2026-07-12 07:21:00,2026-07-12,7.0,1.0,1.0,84.16666666666667,0,1.81031746031746,network_default,0,0.0,none,0.31506849315068497,14.284931506849315,33.376998733832686,73.0,GBT,0,0.08497863959464735,1.6564791453052454,0.9150213604053526
ANWE|110|1035|0001-01-01|3178,110,ANWE,2026-06-16 12:45:00,2026-06-16,12.0,3.0,0.0,28.483333333333334,0,1.81031746031746,network_default,1,2.0,roadworks,0.3980582524271845,5.015695792880257,12.629133596095665,103.0,GBT,0,0.08595906404342268,1.6547042658071052,0.9140409359565773
ANWE|110|1024|0001-01-01|3159,110,ANWE,2026-06-16 10:55:00,2026-06-16,10.0,3.0,0.0,36.416666666666664,0,1.81031746031746,network_default,1,2.0,roadworks,0.41237113402061853,4.948797250859106,12.565612809347453,97.0,GBT,0,0.08595906404342268,1.6547042658071052,0.9140409359565773
ANWE|110|1023|0001-01-01|3159,110,ANWE,2026-06-16 09:45:00,2026-06-16,9.0,3.0,1.0,13.5,0,1.81031746031746,network_default,1,2.0,roadworks,0.4269662921348315,5.081086142322097,13.020662530033967,89.0,GBT,0,0.08597498960465577,1.6546754354855395,0.9140250103953442
ANWE|1|1115|0001-01-01|2791,1,ANWE,2026-07-14 16:24:00,2026-07-14,16.0,3.0,1.0,-5.85,0,1.81031746031746,network_default,0,0.0,none,0.2440944881889764,2.046719160104987,4.7640306283556155,127.0,GBT,0,0.08675889119086566,1.6532563247568532,0.9132411088091343
ANWE|1|5003|2026-07-12|3077,1,ANWE,2026-07-12 08:25:00,2026-07-12,8.0,1.0,1.0,18.933333333333334,0,1.81031746031746,network_default,0,0.0,none,0.21052631578947367,1.5171052631578947,3.9360550433722126,114.0,GBT,0,0.08675889119086566,1.6532563247568532,0.9132411088091343
ANWE|61|1524|2026-07-14|3052,61,ANWE,2026-07-14 14:21:00,2026-07-14,14.0,3.0,0.0,102.56666666666666,0,1.81031746031746,network_default,0,0.0,none,0.4222222222222223,25.022592592592588,44.032522263927724,90.0,GBT,0,0.08743507519795735,1.6520322170424278,0.9125649248020427
ANWE|79C|3057|2026-07-11|3164,79C,ANWE,2026-07-11 20:17:00,2026-07-11,20.0,7.0,0.0,100.16666666666667,0,1.81031746031746,network_default,1,3.0,roadClosed,0.3744493392070485,6.28663729809104,19.465162830321578,227.0,GBT,0,0.08791089069279023,1.6511708399442422,0.9120891093072098
ANWE|79C|3061|2026-07-11|3089,79C,ANWE,2026-07-11 21:17:00,2026-07-11,21.0,7.0,0.0,89.28333333333333,0,1.81031746031746,network_default,1,3.0,roadClosed,0.3771929824561403,6.698391812865494,20.393110594332306,228.0,GBT,0,0.08791089069279023,1.6511708399442422,0.9120891093072098
ANWE|61|5501|2026-07-12|3105,61,ANWE,2026-07-12 07:51:00,2026-07-12,7.0,1.0,1.0,54.31666666666667,0,1.81031746031746,network_default,0,0.0,none,0.32432432432432434,15.229279279279279,34.12852329153673,74.0,GBT,0,0.08911559374798061,1.6489899449689334,0.9108844062520194
ANWE|X4|1028|0001-01-01|2790,X4,ANWE,2026-07-14 18:27:00,2026-07-14,18.0,3.0,1.0,42.766666666666666,0,1.81031746031746,network_default,0,0.0,none,0.3402061855670103,9.547766323024057,21.532489129917412,97.0,GBT,0,0.08924847225446897,1.6487493926885366,0.910751527745531
ANWE|X4|1026|0001-01-01|2794,X4,ANWE,2026-07-14 17:35:00,2026-07-14,17.0,3.0,1.0,8.45,0,1.81031746031746,network_default,0,0.0,none,0.33684210526315794,9.660350877192982,21.737233988783867,95.0,GBT,0,0.08924847225446897,1.6487493926885366,0.910751527745531
ANWE|X4|1025|0001-01-01|2794,X4,ANWE,2026-07-14 16:06:00,2026-07-14,16.0,3.0,1.0,39.0,0,1.81031746031746,network_default,0,0.0,none,0.3296703296703297,9.57014652014652,21.95736701317198,91.0,GBT,0,0.08924847225446897,1.6487493926885366,0.910751527745531
ANWE|61|1511|0001-01-01|3078,61,ANWE,2026-06-15 08:51:00,2026-06-15,8.0,2.0,1.0,33.61666666666667,0,1.81031746031746,network_default,0,0.0,none,0.33333333333333337,24.33666666666667,40.26672343105429,15.0,GBT,0,0.09130958033352943,1.645018132745412,0.9086904196664706
ANWE|61|1510|0001-01-01|3089,61,ANWE,2026-06-16 07:21:00,2026-06-16,7.0,3.0,1.0,22.483333333333334,0,1.81031746031746,network_default,0,0.0,none,0.24444444444444446,10.07185185185185,25.599798724306954,45.0,GBT,0,0.09130958033352943,1.645018132745412,0.9086904196664706
ANWE|1|1029|0001-01-01|3163,1,ANWE,2026-06-16 07:48:00,2026-06-16,7.0,3.0,1.0,26.366666666666667,0,1.81031746031746,network_default,1,2.0,roadworks,0.2727272727272727,1.5080808080808081,2.9265688939106638,66.0,GBT,0,0.09149101218955757,1.6446896834885865,0.9085089878104424
ANWE|X30|1015|2026-06-16|3163,X30,ANWE,2026-06-16 11:31:00,2026-06-16,11.0,3.0,0.0,52.666666666666664,0,1.81031746031746,network_default,1,1.0,unknown,0.3125,9.12638888888889,22.930876918104435,48.0,GBT,0,0.09252485480645167,1.6428181001480027,0.9074751451935483
ANWE|110|1048|0001-01-01|3044,110,ANWE,2026-07-14 17:05:00,2026-07-14,17.0,3.0,1.0,-2.1166666666666667,0,1.81031746031746,network_default,0,0.0,none,0.42500000000000004,8.257187499999999,17.517173426563623,160.0,GBT,0,0.09349682175058083,1.6410585314181945,0.9065031782494192
ANWE|79C|3067|2026-07-11|3137,79C,ANWE,2026-07-11 22:17:00,2026-07-11,22.0,7.0,0.0,87.76666666666667,0,1.81031746031746,network_default,1,3.0,roadClosed,0.3799126637554585,7.059024745269284,21.067457815800527,229.0,GBT,0,0.09413822802488236,1.639897382440669,0.9058617719751176
ANWE|X30|1024|0001-01-01|3138,X30,ANWE,2026-07-14 16:27:00,2026-07-14,16.0,3.0,1.0,7.233333333333333,0,1.81031746031746,network_default,0,0.0,none,0.4,14.091555555555557,25.745424295827256,75.0,GBT,0,0.0945193123220811,1.6392074988835974,0.9054806876779189
ANWE|X4|1009|0001-01-01|2794,X4,ANWE,2026-06-16 07:46:00,2026-06-16,7.0,3.0,1.0,27.983333333333334,0,1.81031746031746,network_default,1,5.0,roadworks,0.30434782608695654,3.032971014492754,10.402585439035104,46.0,GBT,0,0.09484365197327072,1.6386203411499756,0.9051563480267293
ANWE|79C|1009|0001-01-01|3049,79C,ANWE,2026-06-16 06:24:00,2026-06-16,6.0,3.0,0.0,3.4166666666666665,0,1.81031746031746,network_default,0,0.0,none,0.4,6.521025641025637,21.377029453585397,130.0,GBT,0,0.09544651719016084,1.6375289637216213,0.9045534828098392
ANWE|79C|1099|2026-07-13|3140,79C,ANWE,2026-07-13 22:17:00,2026-07-13,22.0,2.0,0.0,85.15,0,1.81031746031746,network_default,0,0.0,none,0.42125984251968507,12.135958005249343,28.254800947288807,254.0,GBT,0,0.09555609415403166,1.6373305946306773,0.9044439058459683
ANWE|P5|4442|2026-07-14|3041,P5,ANWE,2026-07-14 07:00:00,2026-07-14,7.0,3.0,1.0,325.23333333333335,0,1.81031746031746,network_default,0,0.0,none,1.0,314.86904761904765,241.87417667936845,14.0,GBT,0,0.09736817871368042,1.6340501463127737,0.9026318212863196
ANWE|1|1071|0001-01-01|3044,1,ANWE,2026-06-16 12:00:00,2026-06-16,12.0,3.0,0.0,18.95,0,1.81031746031746,network_default,1,2.0,roadworks,0.25,1.6204545454545458,3.809394456553962,88.0,GBT,0,0.09848963534005029,1.6320199538010676,0.9015103646599497
ANWE|P5|4442|2026-07-14|7705,P5,ANWE,2026-07-14 07:00:00,2026-07-14,7.0,3.0,1.0,543.2833333333333,0,1.81031746031746,network_default,0,0.0,none,1.0,271.36944444444447,233.446719294057,12.0,GBT,0,0.09984179028658124,1.6295721240923078,0.9001582097134188
ANWE|X4|3034|2026-07-11|2793,X4,ANWE,2026-07-11 21:15:00,2026-07-11,21.0,7.0,0.0,73.78333333333333,0,1.81031746031746,network_default,0,0.0,none,0.25,2.787916666666667,9.007936793810996,80.0,GBT,0,0.09997716131885892,1.6293270595489544,0.9000228386811411
ANWE|1|1097|0001-01-01|2788,1,ANWE,2026-06-16 14:36:00,2026-06-16,14.0,3.0,0.0,-0.95,1,1.81031746031746,network_default,1,2.0,roadworks,0.24,1.7409999999999999,4.154540212478918,100.0,GBT,0,0.10132013356925706,1.6268958534353368,0.8986798664307429
ANWE|110|1059|0001-01-01|3206,110,ANWE,2026-07-14 19:55:00,2026-07-14,19.0,3.0,0.0,10.666666666666666,0,1.81031746031746,network_default,0,0.0,none,0.41954022988505746,7.824616858237548,16.976312003748895,174.0,GBT,0,0.10246963623020122,1.6248148886975482,0.8975303637697988
ANWE|X4|1011|0001-01-01|2791,X4,ANWE,2026-06-16 08:46:00,2026-06-16,8.0,3.0,1.0,19.883333333333333,0,1.81031746031746,network_default,1,5.0,roadworks,0.326530612244898,3.5442176870748296,10.703159445616597,49.0,GBT,0,0.1030506183497838,1.6237631266223356,0.8969493816502162
ANWE|110|1011|0001-01-01|3137,110,ANWE,2026-06-16 06:43:00,2026-06-16,6.0,3.0,0.0,43.35,0,1.81031746031746,network_default,1,2.0,roadworks,0.4605263157894737,5.169078947368421,13.285887724267145,76.0,GBT,0,0.10317610836982849,1.6235359498479531,0.8968238916301715
ANWE|2|1051|0001-01-01|3177,2,ANWE,2026-06-16 09:42:00,2026-06-16,9.0,3.0,1.0,15.916666666666666,0,1.81031746031746,network_default,1,4.0,roadworks,0.14102564102564108,1.0397435897435903,3.7976232701444332,78.0,GBT,0,0.10387456960141539,1.6222715132850565,0.8961254303985846
ANWE|X30|1017|0001-01-01|3042,X30,ANWE,2026-06-16 12:32:00,2026-06-16,12.0,3.0,0.0,-0.7833333333333333,1,1.81031746031746,network_default,0,0.0,none,0.31999999999999995,9.815333333333335,23.32927025848968,50.0,GBT,0,0.10421800482644128,1.621649786500704,0.8957819951735587
ANWE|79C|1018|0001-01-01|3050,79C,ANWE,2026-06-16 05:43:00,2026-06-16,5.0,3.0,0.0,38.28333333333333,0,1.81031746031746,network_default,0,0.0,none,0.4065040650406504,6.458130081300809,21.746697964057727,123.0,GBT,0,0.10436369399126921,1.621386042861837,0.8956363060087308
ANWE|2|1121|0001-01-01|3077,2,ANWE,2026-07-14 16:42:00,2026-07-14,16.0,3.0,1.0,4.633333333333334,0,1.81031746031746,network_default,0,0.0,none,0.1953125,4.837630208333334,22.655400477707506,128.0,GBT,0,0.10598536048690022,1.6184503116899844,0.8940146395130998
ANWE|79C|1096|0001-01-01|3043,79C,ANWE,2026-07-14 19:52:00,2026-07-14,19.0,3.0,0.0,36.95,0,1.81031746031746,network_default,0,0.0,none,0.4902597402597403,17.454329004329004,32.66369944340308,308.0,GBT,0,0.10670208197345121,1.6171528182686965,0.8932979180265488
ANWE|79C|1083|0001-01-01|3041,79C,ANWE,2026-07-14 19:00:00,2026-07-14,19.0,3.0,0.0,30.083333333333332,0,1.81031746031746,network_default,0,0.0,none,0.48675496688741726,17.328035320088304,32.79740052018956,302.0,GBT,0,0.10670208197345121,1.6171528182686965,0.8932979180265488
ANWE|82A|1064|0001-01-01|3018,82A,ANWE,2026-07-14 20:12:00,2026-07-14,20.0,3.0,0.0,-2.8833333333333333,0,1.81031746031746,network_default,0,0.0,none,0.4394618834080718,24.167115097159932,40.3701480199089,223.0,GBT,0,0.10670208197345121,1.6171528182686965,0.8932979180265488
ANWE|82A|1060|0001-01-01|3048,82A,ANWE,2026-07-14 19:12:00,2026-07-14,19.0,3.0,0.0,5.516666666666667,0,1.81031746031746,network_default,0,0.0,none,0.4409090909090909,24.470530303030294,40.55996739796255,220.0,GBT,0,0.10670208197345121,1.6171528182686965,0.8932979180265488
ANWE|79C|1085|0001-01-01|3054,79C,ANWE,2026-07-14 19:20:00,2026-07-14,19.0,3.0,0.0,27.216666666666665,0,1.81031746031746,network_default,0,0.0,none,0.4884488448844885,17.37013201320132,32.75125367485405,303.0,GBT,0,0.10670208197345121,1.6171528182686965,0.8932979180265488
ANWE|79C|1097|0001-01-01|3043,79C,ANWE,2026-07-14 21:47:00,2026-07-14,21.0,3.0,0.0,0.2,1,1.81031746031746,network_default,0,0.0,none,0.48427672955974843,17.225262054507333,32.389911573400795,318.0,GBT,0,0.10670208197345121,1.6171528182686965,0.8932979180265488
ANWE|79C|1093|0001-01-01|3051,79C,ANWE,2026-07-14 21:17:00,2026-07-14,21.0,3.0,0.0,-3.2333333333333334,0,1.81031746031746,network_default,0,0.0,none,0.48571428571428577,17.396666666666665,32.495764768411505,315.0,GBT,0,0.10670208197345121,1.6171528182686965,0.8932979180265488
ANWE|2|1111|2026-07-14|3049,2,ANWE,2026-07-14 15:42:00,2026-07-14,15.0,3.0,0.0,21.566666666666666,0,1.81031746031746,network_default,0,0.0,none,0.1885245901639344,4.819808743169399,23.140507887449353,122.0,GBT,0,0.10900523141613538,1.612983386618885,0.8909947685838646
ANWE|20|1003|0001-01-01|3049,20,ANWE,2026-07-14 21:45:00,2026-07-14,21.0,3.0,0.0,2.8666666666666667,0,1.81031746031746,network_default,0,0.0,none,0.5714285714285714,14.359523809523811,22.29160043010483,7.0,GBT,0,0.11289115174899034,1.6059486371909149,0.8871088482510097
ANWE|2|1027|0001-01-01|3105,2,ANWE,2026-06-15 07:18:00,2026-06-15,7.0,2.0,1.0,14.233333333333333,0,1.81031746031746,network_default,0,0.0,none,0.33333333333333337,4.033333333333333,8.965241522432931,9.0,GBT,0,0.11420517097371807,1.6035698452451974,0.8857948290262819
ANWE|X30|1006|0001-01-01|2794,X30,ANWE,2026-06-15 06:53:00,2026-06-15,6.0,2.0,0.0,37.11666666666667,0,1.81031746031746,network_default,1,5.0,roadworks,0.4444444444444444,29.531481481481485,43.50773354343363,9.0,GBT,0,0.11453562316795762,1.6029716218681653,0.8854643768320424
ANWE|61|1507|0001-01-01|3206,61,ANWE,2026-06-16 06:48:00,2026-06-16,6.0,3.0,0.0,18.583333333333332,0,1.81031746031746,network_default,0,0.0,none,0.23809523809523814,10.351190476190476,26.39046606428551,42.0,GBT,0,0.11875526047724416,1.595332738770957,0.8812447395227558
ANWE|79C|1086|0001-01-01|3054,79C,ANWE,2026-07-14 17:32:00,2026-07-14,17.0,3.0,1.0,20.366666666666667,0,1.81031746031746,network_default,0,0.0,none,0.47404844290657444,17.21978085351788,33.08444156749484,289.0,GBT,0,0.11957602127892197,1.5938469011609355,0.880423978721078
ANWE|82A|1017|0001-01-01|3043,82A,ANWE,2026-06-16 06:27:00,2026-06-16,6.0,3.0,0.0,10.833333333333334,0,1.81031746031746,network_default,1,3.0,roadClosed,0.3626373626373627,14.766666666666662,34.92055701831137,91.0,GBT,0,0.1207942390684218,1.5916415402261346,0.8792057609315782
ANWE|X4|1038|0001-01-01|2789,X4,ANWE,2026-07-14 23:15:00,2026-07-14,23.0,3.0,0.0,35.733333333333334,0,1.81031746031746,network_default,0,0.0,none,0.31818181818181823,8.895454545454546,20.65349164600788,110.0,GBT,0,0.12209560068794834,1.5892856625641187,0.8779043993120517
ANWE|X4|1030|0001-01-01|2795,X4,ANWE,2026-07-14 19:25:00,2026-07-14,19.0,3.0,0.0,1.4333333333333333,1,1.81031746031746,network_default,0,0.0,none,0.3431372549019608,9.53513071895425,21.32185720445595,102.0,GBT,0,0.12209560068794834,1.5892856625641187,0.8779043993120517
ANWE|110|1055|0001-01-01|3089,110,ANWE,2026-07-14 18:01:00,2026-07-14,18.0,3.0,1.0,6.133333333333334,0,1.81031746031746,network_default,0,0.0,none,0.4242424242424242,7.9775757575757575,17.322524054411613,165.0,GBT,0,0.12636915809903415,1.581549166965161,0.8736308419009658
ANWE|79C|1097|0001-01-01|3203,79C,ANWE,2026-06-15 21:47:00,2026-06-15,21.0,2.0,0.0,5.85,0,1.81031746031746,network_default,1,2.0,roadworks,0.4444444444444444,7.192283950617281,23.10795631366874,108.0,GBT,0,0.12961462681647906,1.5756738382790563,0.8703853731835209
ANWE|X4|3036|2026-07-11|2794,X4,ANWE,2026-07-11 22:15:00,2026-07-11,22.0,7.0,0.0,58.9,0,1.81031746031746,network_default,0,0.0,none,0.2592592592592593,3.66440329218107,11.931268662486545,81.0,GBT,0,0.1378962296606887,1.560681508050769,0.8621037703393113
ANWE|1|1117|0001-01-01|3161,1,ANWE,2026-07-14 16:36:00,2026-07-14,16.0,3.0,1.0,7.516666666666667,0,1.81031746031746,network_default,0,0.0,none,0.25,1.9850260416666667,4.796295705307879,128.0,GBT,0,0.14202119473939978,1.5532140117455784,0.8579788052606002
ANWE|1|1111|0001-01-01|2791,1,ANWE,2026-07-14 16:00:00,2026-07-14,16.0,3.0,1.0,7.433333333333334,0,1.81031746031746,network_default,0,0.0,none,0.2357723577235772,2.0264227642276422,4.806993390795298,123.0,GBT,0,0.14202119473939978,1.5532140117455784,0.8579788052606002
ANWE|110|1032|0001-01-01|3137,110,ANWE,2026-06-16 13:00:00,2026-06-16,13.0,3.0,0.0,-2.066666666666667,0,1.81031746031746,network_default,1,2.0,roadworks,0.4,5.1920634920634905,12.72506928583351,105.0,GBT,0,0.14744745875103094,1.5433907512610303,0.8525525412489691
ANWE|110|1036|0001-01-01|3178,110,ANWE,2026-06-16 14:00:00,2026-06-16,14.0,3.0,0.0,0.31666666666666665,1,1.81031746031746,network_default,1,2.0,roadworks,0.39449541284403666,4.988379204892966,12.532654365102356,109.0,GBT,0,0.14744745875103094,1.5433907512610303,0.8525525412489691
ANWE|X4|1027|0001-01-01|2794,X4,ANWE,2026-06-16 17:01:00,2026-06-16,17.0,3.0,1.0,22.483333333333334,0,1.81031746031746,network_default,1,7.0,roadworks,0.26865671641791045,2.9723880597014922,9.478979736080618,67.0,GBT,0,0.15600576449335246,1.5278975009449705,0.8439942355066475
ANWE|110|1061|0001-01-01|2968,110,ANWE,2026-07-14 20:57:00,2026-07-14,20.0,3.0,0.0,1.4166666666666667,1,1.81031746031746,network_default,0,0.0,none,0.4204545454545454,7.796117424242425,16.89081677091645,176.0,GBT,0,0.15772758093566375,1.5247804665759928,0.8422724190643363
ANWE|110|1050|0001-01-01|2968,110,ANWE,2026-07-14 17:35:00,2026-07-14,17.0,3.0,1.0,-3.066666666666667,0,1.81031746031746,network_default,0,0.0,none,0.4233128834355828,8.094069529652351,17.395926048246714,163.0,GBT,0,0.15929406304210303,1.5219446366674307,0.840705936957897
ANWE|79C|1034|0001-01-01|3001,79C,ANWE,2026-06-16 08:39:00,2026-06-16,8.0,3.0,1.0,-0.6166666666666667,1,1.81031746031746,network_default,0,0.0,none,0.38620689655172413,6.471839080459764,21.255712877427293,145.0,GBT,0,0.15929406304210303,1.5219446366674307,0.840705936957897
ANWE|110|1054|0001-01-01|3206,110,ANWE,2026-07-14 18:45:00,2026-07-14,18.0,3.0,1.0,10.7,0,1.81031746031746,network_default,0,0.0,none,0.42603550295857984,7.979980276134123,17.18774293526068,169.0,GBT,0,0.15929406304210303,1.5219446366674307,0.840705936957897
ANWE|79C|1062|0001-01-01|3042,79C,ANWE,2026-06-15 13:16:00,2026-06-15,13.0,2.0,0.0,4.0,0,1.81031746031746,network_default,1,4.0,roadworks,0.46153846153846156,11.116923076923074,24.907573677412383,65.0,GBT,0,0.1609083927496393,1.5190221874111687,0.8390916072503607
ANWE|82A|1029|0001-01-01|2968,82A,ANWE,2026-06-16 09:27:00,2026-06-16,9.0,3.0,1.0,0.35,1,1.81031746031746,network_default,0,0.0,none,0.33644859813084116,14.047663551401868,33.56212959917243,107.0,GBT,0,0.1609083927496393,1.5190221874111687,0.8390916072503607
ANWE|X30|1006|0001-01-01|3054,X30,ANWE,2026-06-16 06:53:00,2026-06-16,6.0,3.0,0.0,0.016666666666666666,1,1.81031746031746,network_default,1,5.0,maintenanceWork,0.32432432432432434,10.050450450450453,24.607304849413158,37.0,GBT,0,0.1757919808506766,1.4920781679996877,0.8242080191493234
ANWE|110|1022|0001-01-01|3137,110,ANWE,2026-06-16 10:25:00,2026-06-16,10.0,3.0,0.0,0.5833333333333334,1,1.81031746031746,network_default,1,2.0,roadworks,0.4193548387096774,5.0186379928315406,12.793403401305723,93.0,GBT,0,0.17982773308378341,1.4847721752665792,0.8201722669162166
ANWE|X30|1008|0001-01-01|3042,X30,ANWE,2026-06-16 07:51:00,2026-06-16,7.0,3.0,1.0,1.95,1,1.81031746031746,network_default,0,0.0,none,0.30000000000000004,9.299166666666668,23.79245461745482,40.0,GBT,0,0.1798879676884957,1.4846631315099532,0.8201120323115043
ANWE|110|1030|0001-01-01|3077,110,ANWE,2026-06-15 12:25:00,2026-06-15,12.0,2.0,0.0,2.3833333333333333,0,1.81031746031746,network_default,0,0.0,none,0.5142857142857142,7.391428571428572,16.70621698074272,35.0,GBT,0,0.1798879676884957,1.4846631315099532,0.8201120323115043
ANWE|X30|1022|0001-01-01|3046,X30,ANWE,2026-06-16 15:29:00,2026-06-16,15.0,3.0,0.0,23.15,0,1.81031746031746,network_default,0,0.0,none,0.2857142857142857,8.736309523809526,22.24335767545473,56.0,GBT,0,0.1798879676884957,1.4846631315099532,0.8201120323115043
ANWE|X4|1031|0001-01-01|2794,X4,ANWE,2026-07-14 19:00:00,2026-07-14,19.0,3.0,0.0,2.8,0,1.81031746031746,network_default,0,0.0,none,0.33999999999999997,9.698666666666668,21.503166274305435,100.0,GBT,0,0.18103283839372752,1.482590552082466,0.8189671616062725
ANWE|X30|1008|0001-01-01|3161,X30,ANWE,2026-06-15 07:51:00,2026-06-15,7.0,2.0,1.0,31.333333333333332,0,1.81031746031746,network_default,1,5.0,roadworks,0.5454545454545454,27.8469696969697,39.81417867082433,11.0,GBT,0,0.18308850083030925,1.4788691504810034,0.8169114991696907
ANWE|110|1060|0001-01-01|2968,110,ANWE,2026-07-14 22:05:00,2026-07-14,22.0,3.0,0.0,8.316666666666666,0,1.81031746031746,network_default,0,0.0,none,0.4088397790055248,7.603683241252303,16.69434004220549,181.0,GBT,0,0.19698059466876494,1.4537200504448786,0.8030194053312351
ANWE|79C|1024|0001-01-01|3101,79C,ANWE,2026-06-16 06:50:00,2026-06-16,6.0,3.0,0.0,2.5833333333333335,0,1.81031746031746,network_default,0,0.0,none,0.3955223880597015,6.354104477611935,21.076277850681493,134.0,GBT,0,0.19856899941570139,1.4508445335974482,0.8014310005842986
ANWE|3A|1025|2026-06-15|3159,3A,ANWE,2026-06-15 09:55:00,2026-06-15,9.0,2.0,1.0,4.95,0,1.81031746031746,network_default,1,2.0,roadworks,0.5,7.675000000000001,13.849598871046371,4.0,GBT,0,0.20469292337094291,1.4397582871356183,0.7953070766290571
ANWE|110|1056|0001-01-01|3020,110,ANWE,2026-06-16 19:55:00,2026-06-16,19.0,3.0,0.0,-3.55,0,1.81031746031746,network_default,1,2.0,roadworks,0.3643410852713178,4.431653746770025,11.658648815751903,129.0,GBT,0,0.20983098563923164,1.4304567632991367,0.7901690143607684
ANWE|3A|1053|2026-07-13|3041,3A,ANWE,2026-07-13 16:55:00,2026-07-13,16.0,2.0,1.0,26.083333333333332,0,1.81031746031746,network_default,0,0.0,none,0.5,4.354861111111112,6.750416840173876,24.0,GBT,0,0.21434817104065795,1.4222792236954436,0.785651828959342
ANWE|3A|1041|2026-06-15|3104,3A,ANWE,2026-06-15 13:55:00,2026-06-15,13.0,2.0,0.0,2.55,0,1.81031746031746,network_default,1,2.0,roadworks,0.625,7.2354166666666675,9.782359558498452,8.0,GBT,0,0.22005922818696266,1.4119403972266173,0.7799407718130373
ANWE|79C|1074|0001-01-01|3164,79C,ANWE,2026-06-16 15:31:00,2026-06-16,15.0,3.0,0.0,71.3,0,1.81031746031746,network_default,1,1.0,unknown,0.39473684210526316,6.673771929824556,20.57760966441225,190.0,GBT,0,0.2581059090083232,1.343063826628583,0.7418940909916768
ANWE|79C|1068|0001-01-01|3105,79C,ANWE,2026-06-16 14:20:00,2026-06-16,14.0,3.0,0.0,16.5,0,1.81031746031746,network_default,1,1.0,unknown,0.38586956521739135,6.680797101449271,20.885882278118228,184.0,GBT,0,0.29425736551362924,1.2776182137011203,0.7057426344863708
ANWE|110|5047|2026-06-14|3043,110,ANWE,2026-06-14 22:00:00,2026-06-14,22.0,1.0,0.0,25.933333333333334,0,1.81031746031746,network_default,1,3.0,incident,1.0,58.61111111111111,6.541710898647345,3.0,GBT,0,0.30132725215542644,1.2648194744710095,0.6986727478445736
ANWE|79C|1084|0001-01-01|3041,79C,ANWE,2026-07-14 17:15:00,2026-07-14,17.0,3.0,1.0,12.133333333333333,0,1.81031746031746,network_default,0,0.0,none,0.47017543859649125,17.130818713450296,33.189903662373666,285.0,GBT,0,0.3265975950202702,1.2190721315545743,0.6734024049797298
ANWE|79C|1077|2026-07-14|3043,79C,ANWE,2026-07-14 18:00:00,2026-07-14,18.0,3.0,1.0,6.166666666666667,0,1.81031746031746,network_default,0,0.0,none,0.4812286689419796,17.24124004550626,32.866319901735274,293.0,GBT,0,0.33629196136178985,1.2015222508998074,0.6637080386382102
ANWE|79C|1073|2026-07-14|3051,79C,ANWE,2026-07-14 17:26:00,2026-07-14,17.0,3.0,1.0,0.8833333333333333,1,1.81031746031746,network_default,0,0.0,none,0.472027972027972,17.11334498834499,33.1329424130024,286.0,GBT,0,0.33629196136178985,1.2015222508998074,0.6637080386382102
ANWE|79C|1081|2026-07-14|3177,79C,ANWE,2026-07-14 18:40:00,2026-07-14,18.0,3.0,1.0,0.8333333333333334,1,1.81031746031746,network_default,0,0.0,none,0.4882943143812709,17.464659977703462,32.930092434684305,299.0,GBT,0,0.33629196136178985,1.2015222508998074,0.6637080386382102
ANWE|79C|1067|2026-07-14|3137,79C,ANWE,2026-07-14 16:21:00,2026-07-14,16.0,3.0,1.0,15.45,0,1.81031746031746,network_default,0,0.0,none,0.46376811594202894,16.939371980676334,33.48060321566751,276.0,GBT,0,0.33629196136178985,1.2015222508998074,0.6637080386382102
ANWE|79C|1088|2026-07-14|3001,79C,ANWE,2026-07-14 17:52:00,2026-07-14,17.0,3.0,1.0,15.983333333333333,0,1.81031746031746,network_default,0,0.0,none,0.4776632302405498,17.26855670103093,32.97702246691274,291.0,GBT,0,0.33629196136178985,1.2015222508998074,0.6637080386382102
ANWE|79C|1076|2026-07-14|3050,79C,ANWE,2026-07-14 15:51:00,2026-07-14,15.0,3.0,0.0,41.166666666666664,0,1.81031746031746,network_default,0,0.0,none,0.4595588235294118,16.847120098039216,33.6704272021803,272.0,GBT,0,0.33629196136178985,1.2015222508998074,0.6637080386382102
ANWE|P5|4442|2026-07-13|6579,P5,ANWE,2026-07-13 07:00:00,2026-07-13,7.0,2.0,1.0,-17.183333333333334,0,1.81031746031746,network_default,0,0.0,none,1.0,193.9047619047619,224.0872560117561,7.0,GBT,0,0.3411717575485739,1.1926882706600817,0.6588282424514261
ANWE|X4|1001|2026-06-15|2789,X4,ANWE,2026-06-15 04:00:00,2026-06-15,4.0,2.0,0.0,2.066666666666667,0,1.81031746031746,network_default,1,3.0,roadClosed,0.5,0.0,0.0,0.0,GBT,0,0.3437395323285498,1.1880397831417284,0.6562604676714502
ANWE|3A|1021|2026-06-15|3159,3A,ANWE,2026-06-15 08:55:00,2026-06-15,8.0,2.0,1.0,2.5,0,1.81031746031746,network_default,1,2.0,roadworks,0.33333333333333337,9.4,16.427517564541922,3.0,GBT,0,0.35501739729486614,1.1676232672781033,0.6449826027051339
ANWE|79C|1086|2026-07-14|3054,79C,ANWE,2026-07-14 17:32:00,2026-07-14,17.0,3.0,1.0,18.2,0,1.81031746031746,network_default,0,0.0,none,0.4722222222222222,17.216377314814817,33.141979164199626,288.0,GBT,0,0.35691986146705423,1.1641792031695628,0.6430801385329458
ANWE|X4|1008|2026-06-15|2789,X4,ANWE,2026-06-15 08:17:00,2026-06-15,8.0,2.0,1.0,2.816666666666667,0,1.81031746031746,network_default,1,3.0,roadClosed,0.5,2.166666666666667,3.695331675300093,8.0,GBT,0,0.3629564632515443,1.1532510375581169,0.6370435367484557
ANWE|X4|1010|2026-06-15|2793,X4,ANWE,2026-06-15 09:17:00,2026-06-15,9.0,2.0,1.0,2.933333333333333,0,1.81031746031746,network_default,1,7.0,specialEvent,0.5,2.121666666666667,3.2863452062762386,10.0,GBT,0,0.3654236773587556,1.1487845967814907,0.6345763226412444
ANWE|X4|1006|2026-06-15|2792,X4,ANWE,2026-06-15 07:17:00,2026-06-15,7.0,2.0,1.0,10.583333333333334,0,1.81031746031746,network_default,1,3.0,roadClosed,0.5,1.2694444444444446,1.4640285617533662,6.0,GBT,0,0.3654236773587556,1.1487845967814907,0.6345763226412444
ANWE|3C|1019|2026-06-15|3140,3C,ANWE,2026-06-15 08:25:00,2026-06-15,8.0,2.0,1.0,2.533333333333333,0,1.81031746031746,network_default,0,0.0,none,1.0,6.575000000000001,3.545014757321841,4.0,GBT,0,0.36591418062871206,1.1478966301475457,0.6340858193712879
ANWE|3C|1019|2026-06-15|3052,3C,ANWE,2026-06-15 08:25:00,2026-06-15,8.0,2.0,1.0,9.9,0,1.81031746031746,network_default,0,0.0,none,1.0,5.466666666666668,3.388255860730972,3.0,GBT,0,0.36591418062871206,1.1478966301475457,0.6340858193712879
ANWE|110|3061|2026-07-11|3045,110,ANWE,2026-07-11 22:02:00,2026-07-11,22.0,7.0,0.0,21.05,0,1.81031746031746,network_default,0,0.0,none,0.375,5.119975490196079,13.381075916169522,136.0,GBT,0,0.37365296058571407,1.1338869816698303,0.6263470394142859
ANWE|3A|1049|2026-06-15|3104,3A,ANWE,2026-06-15 15:55:00,2026-06-15,15.0,2.0,0.0,10.516666666666667,0,1.81031746031746,network_default,1,2.0,roadworks,0.7,7.330000000000001,8.965591977453181,10.0,GBT,0,0.37651881478977967,1.128698875765486,0.6234811852102203
ANWE|3A|1037|2026-06-15|3104,3A,ANWE,2026-06-15 12:55:00,2026-06-15,12.0,2.0,0.0,-0.16666666666666666,1,1.81031746031746,network_default,1,2.0,roadworks,0.7142857142857143,8.292857142857143,10.060183973829782,7.0,GBT,0,0.37651881478977967,1.128698875765486,0.6234811852102203
ANWE|3A|1045|2026-06-15|3104,3A,ANWE,2026-06-15 14:55:00,2026-06-15,14.0,2.0,0.0,12.866666666666667,0,1.81031746031746,network_default,1,2.0,roadworks,0.6666666666666667,6.714814814814815,9.282886151873347,9.0,GBT,0,0.37651881478977967,1.128698875765486,0.6234811852102203
ANWE|3A|1029|2026-06-15|3159,3A,ANWE,2026-06-15 10:55:00,2026-06-15,10.0,2.0,0.0,12.25,0,1.81031746031746,network_default,1,2.0,roadworks,0.6,7.130000000000001,12.055856115044948,5.0,GBT,0,0.37651881478977967,1.128698875765486,0.6234811852102203
ANWE|3A|1033|2026-06-15|3159,3A,ANWE,2026-06-15 11:55:00,2026-06-15,11.0,2.0,0.0,10.15,0,1.81031746031746,network_default,1,2.0,roadworks,0.6666666666666667,7.983333333333334,10.983806261947631,6.0,GBT,0,0.37721910561983085,1.1274311270485442,0.6227808943801691
ANWE|2|1011|2026-07-14|7401,2,ANWE,2026-07-14 05:37:00,2026-07-14,5.0,3.0,0.0,20.333333333333332,0,1.81031746031746,network_default,0,0.0,none,0.1610169491525424,1.28135593220339,4.053699475452231,118.0,GBT,0,0.37892647062441676,1.1243402543696073,0.6210735293755832
ANWE|2|5005|2026-07-12|3077,2,ANWE,2026-07-12 08:48:00,2026-07-12,8.0,1.0,1.0,4.233333333333333,0,1.81031746031746,network_default,0,0.0,none,0.1428571428571429,1.0986607142857143,3.77692810069799,112.0,GBT,0,0.38521723460036617,1.11295197450521,0.6147827653996338
ANWE|79C|1071|2026-07-14|MX14_HRO,79C,ANWE,2026-07-14 17:03:00,2026-07-14,17.0,3.0,1.0,30.25,0,1.81031746031746,network_default,0,0.0,none,0.46996466431095407,17.144994110718496,33.28259408786901,283.0,GBT,0,0.40197066766327105,1.0826229421111735,0.598029332336729
ANWE|79C|1075|2026-07-14|3050,79C,ANWE,2026-07-14 17:41:00,2026-07-14,17.0,3.0,1.0,28.266666666666666,0,1.81031746031746,network_default,0,0.0,none,0.4758620689655172,17.23063218390805,33.027669411187304,290.0,GBT,0,0.40197066766327105,1.0826229421111735,0.598029332336729
ANWE|79C|1079|2026-07-14|3163,79C,ANWE,2026-07-14 18:20:00,2026-07-14,18.0,3.0,1.0,8.166666666666666,0,1.81031746031746,network_default,0,0.0,none,0.4847457627118644,17.398248587570624,32.93087801006765,295.0,GBT,0,0.40197066766327105,1.0826229421111735,0.598029332336729
ANWE|79C|1069|2026-07-14|3106,79C,ANWE,2026-07-14 16:41:00,2026-07-14,16.0,3.0,1.0,24.216666666666665,0,1.81031746031746,network_default,0,0.0,none,0.46785714285714286,16.97833333333334,33.2808173646678,280.0,GBT,0,0.40197066766327105,1.0826229421111735,0.598029332336729
ANWE|79C|1063|2026-07-14|3078,79C,ANWE,2026-07-14 15:41:00,2026-07-14,15.0,3.0,0.0,37.2,0,1.81031746031746,network_default,0,0.0,none,0.4555555555555556,16.41746913580247,33.262419090074374,270.0,GBT,0,0.40197066766327105,1.0826229421111735,0.598029332336729
ANWE|79C|1065|2026-07-14|3020,79C,ANWE,2026-07-14 16:01:00,2026-07-14,16.0,3.0,1.0,27.033333333333335,0,1.81031746031746,network_default,0,0.0,none,0.46153846153846156,16.936202686202687,33.64069128297379,273.0,GBT,0,0.40197066766327105,1.0826229421111735,0.598029332336729
ANWE|X4|1004|2026-06-15|2793,X4,ANWE,2026-06-15 06:17:00,2026-06-15,6.0,2.0,0.0,2.2333333333333334,0,1.81031746031746,network_default,1,3.0,roadClosed,0.5,1.0708333333333335,1.7889773097540433,4.0,GBT,0,0.40958966939743946,1.0688301302416194,0.5904103306025605
ANWE|79C|1012|2026-06-15|3048,79C,ANWE,2026-06-15 05:00:00,2026-06-15,5.0,2.0,0.0,2.1333333333333333,0,1.81031746031746,network_default,0,0.0,none,0.8333333333333334,46.22916666666668,41.65571439390598,12.0,GBT,0,0.4134490135455252,1.0618434921449658,0.5865509864544748
ANWE|X30|1007|2026-06-15|3054,X30,ANWE,2026-06-15 07:24:00,2026-06-15,7.0,2.0,1.0,3.4166666666666665,0,1.81031746031746,network_default,1,5.0,roadworks,0.5,30.290000000000003,41.08955606092564,10.0,GBT,0,0.4313154689179125,1.0294995360303503,0.5686845310820875
ANWE|2|5003|2026-07-12|3049,2,ANWE,2026-07-12 08:33:00,2026-07-12,8.0,1.0,1.0,12.383333333333333,0,1.81031746031746,network_default,0,0.0,none,0.1351351351351351,0.9969969969969971,3.636862477159217,111.0,GBT,0,0.43457936666536867,1.0235908449494395,0.5654206333346313
ANWE|110|1035|2026-06-15|3163,110,ANWE,2026-06-15 12:45:00,2026-06-15,12.0,2.0,0.0,2.466666666666667,0,1.81031746031746,network_default,0,0.0,none,0.5135135135135135,7.063063063063064,16.297079538007257,37.0,GBT,0,0.43825438335916433,1.0169378980617032,0.5617456166408357
ANWE|110|1031|2026-06-15|3177,110,ANWE,2026-06-15 11:45:00,2026-06-15,11.0,2.0,0.0,2.6333333333333333,0,1.81031746031746,network_default,0,0.0,none,0.53125,7.996875000000001,17.36526134981308,32.0,GBT,0,0.43825438335916433,1.0169378980617032,0.5617456166408357
ANWE|110|1021|2026-06-15|3177,110,ANWE,2026-06-15 09:15:00,2026-06-15,9.0,2.0,1.0,2.4833333333333334,0,1.81031746031746,network_default,0,0.0,none,0.5454545454545454,10.275,20.53339630350064,22.0,GBT,0,0.43825438335916433,1.0169378980617032,0.5617456166408357
ANWE|3C|1009|2026-06-15|3159,3C,ANWE,2026-06-15 06:12:00,2026-06-15,6.0,2.0,0.0,4.666666666666667,0,1.81031746031746,network_default,0,0.0,none,0.5,0.0,0.0,0.0,GBT,0,0.4382695933620526,1.016910363127903,0.5617304066379474
ANWE|1|5061|2026-06-14|2791,1,ANWE,2026-06-14 15:40:00,2026-06-14,15.0,1.0,0.0,16.95,0,1.81031746031746,network_default,1,3.0,roadClosed,0.5,0.0,0.0,0.0,GBT,0,0.4416805341347255,1.0107354774910247,0.5583194658652745
ANWE|79C|1073|2026-06-15|3001,79C,ANWE,2026-06-15 17:26:00,2026-06-15,17.0,2.0,1.0,9.45,0,1.81031746031746,network_default,1,4.0,roadworks,0.4719101123595506,8.15093632958801,25.328733553644284,89.0,GBT,0,0.44379505098565786,1.0069075307156463,0.5562049490143421
ANWE|2|5059|2026-06-14|3042,2,ANWE,2026-06-14 15:33:00,2026-06-14,15.0,1.0,0.0,17.766666666666666,0,1.81031746031746,network_default,1,3.0,incident,0.5,0.0,0.0,0.0,GBT,0,0.44484987491044337,1.0049979645470464,0.5551501250895566
ANWE|3A|5014|2026-06-14|3159,3A,ANWE,2026-06-14 15:24:00,2026-06-14,15.0,1.0,0.0,28.366666666666667,0,1.81031746031746,network_default,1,3.0,incident,0.5,0.0,0.0,0.0,GBT,0,0.44484987491044337,1.0049979645470464,0.5551501250895566
ANWE|X30|1011|2026-06-15|3161,X30,ANWE,2026-06-15 09:24:00,2026-06-15,9.0,2.0,1.0,3.5833333333333335,0,1.81031746031746,network_default,1,7.0,roadworks,0.4666666666666667,22.603333333333335,35.56028817709574,15.0,GBT,0,0.4603817043748488,0.97688042247696,0.5396182956251512
ANWE|82A|5016|2026-07-12|3178,82A,ANWE,2026-07-12 09:42:00,2026-07-12,9.0,1.0,1.0,0.18333333333333332,1,1.81031746031746,network_default,0,0.0,none,0.35593220338983056,16.8472693032015,34.965640021087275,177.0,GBT,0,0.4651576951152858,0.9682343630492325,0.5348423048847142
ANWE|3C|1023|2026-06-15|3052,3C,ANWE,2026-06-15 09:25:00,2026-06-15,9.0,2.0,1.0,2.5833333333333335,0,1.81031746031746,network_default,0,0.0,none,1.0,5.7666666666666675,3.56263401307391,5.0,GBT,0,0.47186354778039097,0.9560946408832762,0.528136452219609
ANWE|3C|1043|2026-06-15|3041,3C,ANWE,2026-06-15 14:25:00,2026-06-15,14.0,2.0,0.0,0.5,1,1.81031746031746,network_default,0,0.0,none,0.8,3.943333333333334,3.3387474549449276,10.0,GBT,0,0.47186354778039097,0.9560946408832762,0.528136452219609
ANWE|3C|1039|2026-06-15|3041,3C,ANWE,2026-06-15 13:25:00,2026-06-15,13.0,2.0,0.0,0.23333333333333334,1,1.81031746031746,network_default,0,0.0,none,0.8888888888888888,4.355555555555556,3.260208326676891,9.0,GBT,0,0.47186354778039097,0.9560946408832762,0.528136452219609
ANWE|3C|1031|2026-06-15|3052,3C,ANWE,2026-06-15 11:25:00,2026-06-15,11.0,2.0,0.0,2.4833333333333334,0,1.81031746031746,network_default,0,0.0,none,1.0,5.214285714285714,3.1420303145187027,7.0,GBT,0,0.47186354778039097,0.9560946408832762,0.528136452219609
ANWE|3C|1027|2026-06-15|3052,3C,ANWE,2026-06-15 10:25:00,2026-06-15,10.0,2.0,0.0,5.083333333333333,0,1.81031746031746,network_default,0,0.0,none,1.0,5.236111111111112,3.4413404472783675,6.0,GBT,0,0.47186354778039097,0.9560946408832762,0.528136452219609
ANWE|1|1029|2026-06-15|2795,1,ANWE,2026-06-15 07:48:00,2026-06-15,7.0,2.0,1.0,4.433333333333334,0,1.81031746031746,network_default,1,5.0,roadworks,0.30000000000000004,2.3033333333333332,5.34375601941759,10.0,GBT,0,0.47243307295190506,0.955063619521194,0.5275669270480949
ANWE|79C|1082|2026-07-14|3177,79C,ANWE,2026-07-14 16:55:00,2026-07-14,16.0,3.0,1.0,1.4833333333333334,1,1.81031746031746,network_default,0,0.0,none,0.46975088967971534,17.004092526690396,33.224140290944476,281.0,GBT,0,0.47653929802850414,0.9476300485690332,0.5234607019714959
ANWE|79C|1092|2026-07-14|3044,79C,ANWE,2026-07-14 18:52:00,2026-07-14,18.0,3.0,1.0,10.333333333333334,0,1.81031746031746,network_default,0,0.0,none,0.4866666666666667,17.409222222222226,32.88899915572273,300.0,GBT,0,0.47653929802850414,0.9476300485690332,0.5234607019714959
ANWE|82A|1054|0001-01-01|3101,82A,ANWE,2026-07-14 17:42:00,2026-07-14,17.0,3.0,1.0,38.61666666666667,0,1.81031746031746,network_default,0,0.0,none,0.4312796208530806,24.885860979462862,41.206459450660006,211.0,GBT,0,0.4790776512985244,0.9430348233238617,0.5209223487014756
ANWE|82A|5012|2026-07-12|2968,82A,ANWE,2026-07-12 08:42:00,2026-07-12,8.0,1.0,1.0,3.316666666666667,0,1.81031746031746,network_default,0,0.0,none,0.35838150289017345,17.211078998073212,35.28591703241759,173.0,GBT,0,0.4796913121667582,0.9419239023393845,0.5203086878332418
ANWE|82A|5019|2026-07-12|3053,82A,ANWE,2026-07-12 08:26:00,2026-07-12,8.0,1.0,1.0,19.116666666666667,0,1.81031746031746,network_default,0,0.0,none,0.35465116279069764,17.199999999999992,35.388640051637374,172.0,GBT,0,0.4796913121667582,0.9419239023393845,0.5203086878332418
ANWE|20A|1001|2026-06-15|3159,20A,ANWE,2026-06-15 17:50:00,2026-06-15,17.0,2.0,1.0,0.3333333333333333,1,1.81031746031746,network_default,0,0.0,none,0.5,0.0,0.0,0.0,GBT,0,0.48195283780528586,0.9378298229890022,0.5180471621947141
ANWE|82A|5014|2026-07-12|3001,82A,ANWE,2026-07-12 09:12:00,2026-07-12,9.0,1.0,1.0,-0.18333333333333332,1,1.81031746031746,network_default,0,0.0,none,0.36,17.03523809523809,35.121218969361166,175.0,GBT,0,0.48257788717550176,0.93669828520054,0.5174221128244982
ANWE|X30|1013|2026-06-15|3054,X30,ANWE,2026-06-15 10:31:00,2026-06-15,10.0,2.0,0.0,3.933333333333333,0,1.81031746031746,network_default,1,7.0,roadworks,0.47058823529411764,20.126470588235293,33.998106084313896,17.0,GBT,0,0.48327874598402065,0.9354295082622609,0.5167212540159793
ANWE|X30|1015|2026-06-15|2794,X30,ANWE,2026-06-15 11:31:00,2026-06-15,11.0,2.0,0.0,1.5833333333333333,1,1.81031746031746,network_default,1,9.0,roadworks,0.4736842105263158,18.173684210526314,32.59253744955906,19.0,GBT,0,0.48327874598402065,0.9354295082622609,0.5167212540159793
ANWE|110|1063|2026-07-13|3136,110,ANWE,2026-07-13 22:02:00,2026-07-13,22.0,2.0,0.0,20.766666666666666,0,1.81031746031746,network_default,0,0.0,none,0.3959731543624161,6.509843400447428,15.626395434796224,149.0,GBT,0,0.4835733869399065,0.9348961145952962,0.5164266130600935
ANWE|79C|1037|2026-06-15|3164,79C,ANWE,2026-06-15 11:13:00,2026-06-15,11.0,2.0,0.0,44.43333333333333,0,1.81031746031746,network_default,1,2.0,roadworks,0.46153846153846156,12.223076923076917,27.18509562855786,52.0,GBT,0,0.4864682203671873,0.9296555470971791,0.5135317796328127
ANWE|82A|1056|2026-07-14|3178,82A,ANWE,2026-07-14 18:12:00,2026-07-14,18.0,3.0,1.0,2.566666666666667,0,1.81031746031746,network_default,0,0.0,none,0.43457943925233644,24.74563862928348,40.98173460059362,214.0,GBT,0,0.48865848721780347,0.925690468774754,0.5113415127821965
ANWE|82A|1046|2026-07-14|3018,82A,ANWE,2026-07-14 15:45:00,2026-07-14,15.0,3.0,0.0,18.266666666666666,0,1.81031746031746,network_default,0,0.0,none,0.4191919191919192,24.407575757575746,41.13451941352211,198.0,GBT,0,0.49000466487330574,0.9232534598603092,0.5099953351266943
ANWE|79C|1061|2026-07-14|3054,79C,ANWE,2026-07-14 15:21:00,2026-07-14,15.0,3.0,0.0,42.45,0,1.81031746031746,network_default,0,0.0,none,0.4473684210526315,15.871303258145362,33.08436613272383,266.0,GBT,0,0.49000466487330574,0.9232534598603092,0.5099953351266943
ANWE|82A|1053|2026-07-14|3101,82A,ANWE,2026-07-14 15:27:00,2026-07-14,15.0,3.0,0.0,36.7,0,1.81031746031746,network_default,0,0.0,none,0.41025641025641024,23.90794871794871,41.167619266462026,195.0,GBT,0,0.49000466487330574,0.9232534598603092,0.5099953351266943
ANWE|79C|5005|2026-07-12|3161,79C,ANWE,2026-07-12 08:15:00,2026-07-12,8.0,1.0,1.0,30.35,0,1.81031746031746,network_default,0,0.0,none,0.3931623931623932,8.442094017094014,22.981587411968633,234.0,GBT,0,0.4933406405847879,0.917214284782618,0.5066593594152121
ANWE|79C|5014|2026-07-12|3048,79C,ANWE,2026-07-12 08:29:00,2026-07-12,8.0,1.0,1.0,16.233333333333334,0,1.81031746031746,network_default,0,0.0,none,0.39830508474576276,8.867514124293782,23.48905150596587,236.0,GBT,0,0.4933406405847879,0.917214284782618,0.5066593594152121
ANWE|79C|1036|2026-06-15|3050,79C,ANWE,2026-06-15 08:59:00,2026-06-15,8.0,2.0,1.0,3.55,0,1.81031746031746,network_default,1,2.0,roadworks,0.5128205128205128,15.826923076923075,30.59848365490203,39.0,GBT,0,0.49383402599263415,0.9163211005641281,0.5061659740073658
ANWE|79C|1032|2026-06-15|3089,79C,ANWE,2026-06-15 08:18:00,2026-06-15,8.0,2.0,1.0,2.033333333333333,0,1.81031746031746,network_default,1,2.0,roadworks,0.5428571428571429,17.578571428571426,31.866268654558827,35.0,GBT,0,0.49383402599263415,0.9163211005641281,0.5061659740073658
ANWE|79C|1082|0001-01-01|3018,79C,ANWE,2026-06-16 16:55:00,2026-06-16,16.0,3.0,1.0,1.2833333333333334,1,1.81031746031746,network_default,1,1.0,unknown,0.40201005025125625,6.897236180904519,20.64875294575874,199.0,GBT,0,0.49470451841017304,0.9147452329415835,0.505295481589827
ANWE|X4|1005|2026-06-15|2792,X4,ANWE,2026-06-15 05:54:00,2026-06-15,5.0,2.0,0.0,3.066666666666667,0,1.81031746031746,network_default,1,3.0,roadClosed,0.33333333333333337,0.40555555555555567,1.4646134618364646,3.0,GBT,0,0.49830060694006084,0.9082351710870802,0.5016993930599392
ANWE|3C|1047|2026-07-14|3038,3C,ANWE,2026-07-14 15:25:00,2026-07-14,15.0,3.0,0.0,38.46666666666667,0,1.81031746031746,network_default,0,0.0,none,0.6071428571428572,5.1690476190476184,9.4595768903345,28.0,GBT,1,0.5001250290995911,0.9049323877966925,0.4998749709004089
ANWE|79C|1081|2026-06-16|3018,79C,ANWE,2026-06-16 18:40:00,2026-06-16,18.0,3.0,1.0,1.0,1,1.81031746031746,network_default,0,0.0,none,0.4,6.705714285714282,20.157919442748735,210.0,GBT,1,0.5036633814412748,0.8985268467717874,0.49633661855872524
ANWE|79C|1073|2026-06-16|3164,79C,ANWE,2026-06-16 17:26:00,2026-06-16,17.0,3.0,1.0,19.566666666666666,0,1.81031746031746,network_default,1,1.0,unknown,0.3990147783251231,6.816666666666662,20.45775988455112,203.0,GBT,1,0.5036633814412748,0.8985268467717874,0.49633661855872524
ANWE|79C|1080|2026-06-16|3104,79C,ANWE,2026-06-16 16:34:00,2026-06-16,16.0,3.0,1.0,10.25,0,1.81031746031746,network_default,1,1.0,unknown,0.4010152284263959,6.914974619289336,20.746682792572184,197.0,GBT,1,0.5036633814412748,0.8985268467717874,0.49633661855872524
ANWE|79C|1077|2026-06-16|3001,79C,ANWE,2026-06-16 18:00:00,2026-06-16,18.0,3.0,1.0,0.03333333333333333,1,1.81031746031746,network_default,1,1.0,unknown,0.40096618357487923,6.789452495974231,20.291487795062913,207.0,GBT,1,0.5036633814412748,0.8985268467717874,0.49633661855872524
ANWE|20A|1001|2026-07-14|3049,20A,ANWE,2026-07-14 17:50:00,2026-07-14,17.0,3.0,1.0,0.016666666666666666,1,1.81031746031746,network_default,0,0.0,none,0.6666666666666667,4.227777777777778,3.6586832280156423,6.0,GBT,1,0.5078671134768757,0.8909167572692431,0.49213288652312426
ANWE|X4|1026|2026-06-15|2789,X4,ANWE,2026-06-15 17:35:00,2026-06-15,17.0,2.0,1.0,5.2,0,1.81031746031746,network_default,1,7.0,specialEvent,0.34615384615384615,1.487179487179487,2.3943744610710036,26.0,GBT,1,0.512351608051097,0.8827983984408314,0.48764839194890297
ANWE|82A|1054|2026-07-14|3101,82A,ANWE,2026-07-14 17:42:00,2026-07-14,17.0,3.0,1.0,6.1,0,1.81031746031746,network_default,0,0.0,none,0.4339622641509434,24.9506289308176,41.119513062853926,212.0,GBT,1,0.5137188268915922,0.880323298301808,0.4862811731084078
ANWE|79C|1022|2026-06-15|3206,79C,ANWE,2026-06-15 06:28:00,2026-06-15,6.0,2.0,0.0,1.4,1,1.81031746031746,network_default,0,0.0,none,0.6521739130434783,25.46449275362319,36.970353705910036,23.0,GBT,1,0.51534549656105,0.8773785097970197,0.48465450343895
ANWE|79C|1010|2026-06-15|3203,79C,ANWE,2026-06-15 04:50:00,2026-06-15,4.0,2.0,0.0,2.15,0,1.81031746031746,network_default,0,0.0,none,0.8181818181818181,50.23636363636365,41.19171897507084,11.0,GBT,1,0.51534549656105,0.8773785097970197,0.48465450343895
ANWE|79C|1025|2026-06-15|3136,79C,ANWE,2026-06-15 09:13:00,2026-06-15,9.0,2.0,1.0,7.033333333333333,0,1.81031746031746,network_default,1,2.0,roadworks,0.525,15.519999999999996,30.26596143611534,40.0,GBT,1,0.5159878376049413,0.8762156685897848,0.48401216239505873
ANWE|79C|1029|2026-06-15|3001,79C,ANWE,2026-06-15 09:53:00,2026-06-15,9.0,2.0,1.0,4.516666666666667,0,1.81031746031746,network_default,1,2.0,roadworks,0.5,14.232575757575752,29.133910499876233,44.0,GBT,1,0.5159878376049413,0.8762156685897848,0.48401216239505873
ANWE|79C|1078|2026-07-14|3043,79C,ANWE,2026-07-14 16:12:00,2026-07-14,16.0,3.0,1.0,0.16666666666666666,1,1.81031746031746,network_default,0,0.0,none,0.46350364963503654,16.97305352798054,33.58456179204833,274.0,GBT,1,0.5193615798224286,0.8701081241468573,0.4806384201775714
ANWE|1|1073|2026-06-15|2795,1,ANWE,2026-06-15 12:12:00,2026-06-15,12.0,2.0,0.0,0.7,1,1.81031746031746,network_default,1,7.0,roadworks,0.25,1.5062499999999999,3.2507009169735843,32.0,GBT,1,0.5220559064342657,0.8652305376376507,0.4779440935657343
ANWE|110|1047|2026-06-15|3018,110,ANWE,2026-06-15 15:48:00,2026-06-15,15.0,2.0,0.0,8.033333333333333,0,1.81031746031746,network_default,0,0.0,none,0.5102040816326531,5.87721088435374,14.338393685973095,49.0,GBT,1,0.52231179344104,0.8647673009214188,0.47768820655896005
ANWE|79C|1089|0001-01-01|3137,79C,ANWE,2026-07-14 20:17:00,2026-07-14,20.0,3.0,0.0,1.9333333333333333,1,1.81031746031746,network_default,0,0.0,none,0.4887459807073955,17.40793140407288,32.55261131150842,311.0,GBT,1,0.5233496997409233,0.8628883610245666,0.47665030025907673
ANWE|20A|1003|2026-06-16|2788,20A,ANWE,2026-06-16 18:20:00,2026-06-16,18.0,3.0,1.0,4.983333333333333,0,1.81031746031746,network_default,0,0.0,none,0.5,3.9583333333333335,4.689162051021562,4.0,GBT,1,0.5246876591155596,0.860466229807467,0.4753123408844404
ANWE|20A|1003|2026-07-14|3049,20A,ANWE,2026-07-14 18:20:00,2026-07-14,18.0,3.0,1.0,4.566666666666666,0,1.81031746031746,network_default,0,0.0,none,0.5714285714285714,3.626190476190476,3.6997729803084005,7.0,GBT,1,0.5246876591155596,0.860466229807467,0.4753123408844404
ANWE|79C|1008|2026-06-15|3041,79C,ANWE,2026-06-15 04:30:00,2026-06-15,4.0,2.0,0.0,2.1333333333333333,0,1.81031746031746,network_default,0,0.0,none,0.8,55.04666666666668,40.030940040096816,10.0,GBT,1,0.5301528892342153,0.8505724282990117,0.46984711076578467
ANWE|82A|1055|2026-07-14|3178,82A,ANWE,2026-07-14 15:57:00,2026-07-14,15.0,3.0,0.0,6.666666666666667,0,1.81031746031746,network_default,0,0.0,none,0.42211055276381915,24.376716917922938,41.03282208511945,199.0,GBT,1,0.5328053459609734,0.845770639573825,0.4671946540390266
ANWE|79C|1017|2026-06-15|3042,79C,ANWE,2026-06-15 07:53:00,2026-06-15,7.0,2.0,1.0,2.1,0,1.81031746031746,network_default,1,2.0,roadworks,0.53125,19.035416666666663,32.9812545189169,32.0,GBT,1,0.5329990693729519,0.8454199386986481,0.46700093062704806
ANWE|79C|1019|2026-06-15|3046,79C,ANWE,2026-06-15 08:13:00,2026-06-15,8.0,2.0,1.0,-0.5,1,1.81031746031746,network_default,1,2.0,roadworks,0.5588235294117647,18.110294117647054,32.1875004533244,34.0,GBT,1,0.5329990693729519,0.8454199386986481,0.46700093062704806
ANWE|79C|1023|2026-06-15|3044,79C,ANWE,2026-06-15 08:53:00,2026-06-15,8.0,2.0,1.0,-0.85,1,1.81031746031746,network_default,1,2.0,roadworks,0.5263157894736843,16.265789473684208,30.88457805073428,38.0,GBT,1,0.5329990693729519,0.8454199386986481,0.46700093062704806
ANWE|X4|1024|2026-06-15|2792,X4,ANWE,2026-06-15 16:25:00,2026-06-15,16.0,2.0,1.0,2.85,0,1.81031746031746,network_default,1,7.0,specialEvent,0.33333333333333337,1.5187499999999998,2.4401349872575997,24.0,GBT,1,0.5345755738249197,0.8425659651629825,0.4654244261750803
ANWE|79C|1084|2026-07-14|3041,79C,ANWE,2026-07-14 17:15:00,2026-07-14,17.0,3.0,1.0,0.0,1,1.81031746031746,network_default,0,0.0,none,0.471830985915493,17.191138497652588,33.23283839246267,284.0,GBT,1,0.5348449965413926,0.8420782245151455,0.4651550034586074
ANWE|79C|1002|2026-06-15|3020,79C,ANWE,2026-06-15 03:50:00,2026-06-15,3.0,2.0,0.0,1.95,1,1.81031746031746,network_default,0,0.0,none,1.0,78.12857142857145,18.1948957898701,7.0,GBT,1,0.5365010410107245,0.8390802582972519,0.4634989589892755
ANWE|110|1016|2026-06-15|3163,110,ANWE,2026-06-15 08:55:00,2026-06-15,8.0,2.0,1.0,2.5,0,1.81031746031746,network_default,0,0.0,none,0.5238095238095238,10.645238095238096,20.965088138019375,21.0,GBT,1,0.5366126866182827,0.8388781443045216,0.46338731338171735
ANWE|110|1010|2026-06-15|3077,110,ANWE,2026-06-15 07:25:00,2026-06-15,7.0,2.0,1.0,0.08333333333333333,1,1.81031746031746,network_default,0,0.0,none,0.5333333333333333,14.056666666666667,24.127153082637328,15.0,GBT,1,0.5366126866182827,0.8388781443045216,0.46338731338171735
ANWE|110|1014|2026-06-15|2968,110,ANWE,2026-06-15 08:25:00,2026-06-15,8.0,2.0,1.0,2.316666666666667,0,1.81031746031746,network_default,0,0.0,none,0.5263157894736843,11.64561403508772,21.843238382344783,19.0,GBT,1,0.5366126866182827,0.8388781443045216,0.46338731338171735
ANWE|110|1020|2026-06-15|3077,110,ANWE,2026-06-15 09:55:00,2026-06-15,9.0,2.0,1.0,4.966666666666667,0,1.81031746031746,network_default,0,0.0,none,0.52,9.135333333333334,19.468471258631176,25.0,GBT,1,0.5366126866182827,0.8388781443045216,0.46338731338171735
ANWE|79C|1077|2026-06-15|3203,79C,ANWE,2026-06-15 18:00:00,2026-06-15,18.0,2.0,1.0,5.216666666666667,0,1.81031746031746,network_default,1,4.0,roadworks,0.4731182795698925,8.05197132616487,24.798234588463803,93.0,GBT,1,0.538003653163103,0.8363600532817159,0.46199634683689705
ANWE|79C|1071|2026-06-15|3020,79C,ANWE,2026-06-15 17:03:00,2026-06-15,17.0,2.0,1.0,15.15,0,1.81031746031746,network_default,1,4.0,roadworks,0.45977011494252873,8.129693486590034,25.604409850276294,87.0,GBT,1,0.538003653163103,0.8363600532817159,0.46199634683689705
ANWE|79C|1081|2026-06-15|3164,79C,ANWE,2026-06-15 18:40:00,2026-06-15,18.0,2.0,1.0,3.05,0,1.81031746031746,network_default,1,4.0,roadworks,0.46875,7.864756944444441,24.429276950781055,96.0,GBT,1,0.538003653163103,0.8363600532817159,0.46199634683689705
ANWE|79C|1041|2026-06-15|3046,79C,ANWE,2026-06-15 11:53:00,2026-06-15,11.0,2.0,0.0,9.616666666666667,0,1.81031746031746,network_default,1,4.0,roadworks,0.4642857142857143,12.228571428571424,26.65543394376011,56.0,GBT,1,0.5388886188375911,0.8347579844694084,0.4611113811624089
ANWE|79C|1031|2026-06-15|3089,79C,ANWE,2026-06-15 10:13:00,2026-06-15,10.0,2.0,0.0,4.483333333333333,0,1.81031746031746,network_default,1,2.0,roadworks,0.5,13.686594202898547,28.6028619433905,46.0,GBT,1,0.5388886188375911,0.8347579844694084,0.4611113811624089
ANWE|79C|1045|2026-06-15|3044,79C,ANWE,2026-06-15 12:33:00,2026-06-15,12.0,2.0,0.0,-0.6166666666666667,1,1.81031746031746,network_default,1,4.0,roadworks,0.4666666666666667,11.740277777777774,25.817741110369415,60.0,GBT,1,0.5388886188375911,0.8347579844694084,0.4611113811624089
ANWE|79C|1033|2026-06-15|3203,79C,ANWE,2026-06-15 10:33:00,2026-06-15,10.0,2.0,0.0,1.55,1,1.81031746031746,network_default,1,2.0,roadworks,0.5,13.179166666666662,28.10221811744701,48.0,GBT,1,0.5388886188375911,0.8347579844694084,0.4611113811624089
ANWE|79C|1053|2026-06-15|3089,79C,ANWE,2026-06-15 13:53:00,2026-06-15,13.0,2.0,0.0,19.516666666666666,0,1.81031746031746,network_default,1,4.0,roadworks,0.49275362318840576,10.929951690821252,24.192691460349568,69.0,GBT,1,0.5388886188375911,0.8347579844694084,0.4611113811624089
ANWE|79C|1043|2026-06-15|3206,79C,ANWE,2026-06-15 12:13:00,2026-06-15,12.0,2.0,0.0,6.866666666666666,0,1.81031746031746,network_default,1,4.0,roadworks,0.4655172413793104,12.000287356321834,26.22270835819928,58.0,GBT,1,0.5388886188375911,0.8347579844694084,0.4611113811624089
ANWE|79C|1075|2026-06-15|3089,79C,ANWE,2026-06-15 17:41:00,2026-06-15,17.0,2.0,1.0,12.05,0,1.81031746031746,network_default,1,4.0,roadworks,0.4725274725274725,8.085897435897431,25.057563472522357,91.0,GBT,1,0.5407518285676638,0.8313849833628244,0.4592481714323362
ANWE|79C|1079|2026-06-15|3078,79C,ANWE,2026-06-15 18:20:00,2026-06-15,18.0,2.0,1.0,0.21666666666666667,1,1.81031746031746,network_default,1,4.0,roadworks,0.4787234042553191,8.021808510638294,24.66628402621404,94.0,GBT,1,0.5407518285676638,0.8313849833628244,0.4592481714323362
ANWE|3C|1047|2026-06-15|3041,3C,ANWE,2026-06-15 15:25:00,2026-06-15,15.0,2.0,0.0,0.5,1,1.81031746031746,network_default,0,0.0,none,0.7272727272727273,3.630303030303031,3.3332234830384215,11.0,GBT,1,0.5419249886311236,0.829261191216196,0.4580750113688764
ANWE|X4|1011|2026-06-15|2792,X4,ANWE,2026-06-15 08:46:00,2026-06-15,8.0,2.0,1.0,1.0666666666666667,1,1.81031746031746,network_default,1,5.0,specialEvent,0.5555555555555556,2.238888888888889,3.463450030116085,9.0,GBT,1,0.5431004014556904,0.8271333208568017,0.4568995985443096
ANWE|2|5061|2026-06-14|3041,2,ANWE,2026-06-14 15:48:00,2026-06-14,15.0,1.0,0.0,21.066666666666666,0,1.81031746031746,network_default,1,3.0,incident,1.0,17.766666666666666,0.0,1.0,GBT,1,0.544283176638066,0.8249921222925168,0.455716823361934
ANWE|3C|1035|2026-06-15|3052,3C,ANWE,2026-06-15 12:25:00,2026-06-15,12.0,2.0,0.0,0.21666666666666667,1,1.81031746031746,network_default,0,0.0,none,1.0,4.872916666666667,3.065009095250494,8.0,GBT,1,0.5447932086942464,0.8240688023558919,0.4552067913057536
ANWE|79C|1065|2026-06-16|3077,79C,ANWE,2026-06-16 16:01:00,2026-06-16,16.0,3.0,1.0,3.8833333333333333,0,1.81031746031746,network_default,1,1.0,unknown,0.4020618556701031,6.997250859106525,20.8956194543267,194.0,GBT,1,0.546378948727941,0.8211981094853702,0.453621051272059
ANWE|79C|1057|2026-06-16|3104,79C,ANWE,2026-06-16 14:37:00,2026-06-16,14.0,3.0,0.0,-0.1,1,1.81031746031746,network_default,1,1.0,unknown,0.3891891891891892,6.73387387387387,20.84155677574644,185.0,GBT,1,0.546378948727941,0.8211981094853702,0.453621051272059
ANWE|79C|1053|2026-06-16|3049,79C,ANWE,2026-06-16 13:53:00,2026-06-16,13.0,3.0,0.0,3.033333333333333,0,1.81031746031746,network_default,0,0.0,none,0.37777777777777777,6.713425925925922,21.109682609343796,180.0,GBT,1,0.546378948727941,0.8211981094853702,0.453621051272059
ANWE|79C|1058|2026-06-16|3104,79C,ANWE,2026-06-16 12:41:00,2026-06-16,12.0,3.0,0.0,-0.03333333333333333,1,1.81031746031746,network_default,0,0.0,none,0.368421052631579,6.368226120857696,20.646682641280286,171.0,GBT,1,0.546378948727941,0.8211981094853702,0.453621051272059
ANWE|79C|1068|2026-06-16|3105,79C,ANWE,2026-06-16 14:20:00,2026-06-16,14.0,3.0,0.0,9.533333333333333,0,1.81031746031746,network_default,1,1.0,unknown,0.3825136612021858,6.665209471766845,20.942109236102674,183.0,GBT,1,0.546378948727941,0.8211981094853702,0.453621051272059
ANWE|79C|1047|2026-06-16|2795,79C,ANWE,2026-06-16 12:53:00,2026-06-16,12.0,3.0,0.0,3.033333333333333,0,1.81031746031746,network_default,0,0.0,none,0.36627906976744184,6.331007751937981,20.59200966410119,172.0,GBT,1,0.546378948727941,0.8211981094853702,0.453621051272059
ANWE|79C|1063|2026-06-16|3053,79C,ANWE,2026-06-16 15:41:00,2026-06-16,15.0,3.0,0.0,-0.03333333333333333,1,1.81031746031746,network_default,1,1.0,unknown,0.40104166666666663,7.004079861111106,20.994494953347154,192.0,GBT,1,0.546378948727941,0.8211981094853702,0.453621051272059
ANWE|79C|1055|2026-06-16|3001,79C,ANWE,2026-06-16 14:13:00,2026-06-16,14.0,3.0,0.0,0.4,1,1.81031746031746,network_default,1,1.0,unknown,0.3846153846153846,6.699633699633695,20.99468814956231,182.0,GBT,1,0.546378948727941,0.8211981094853702,0.453621051272059
ANWE|79C|1049|2026-06-16|3106,79C,ANWE,2026-06-16 13:13:00,2026-06-16,13.0,3.0,0.0,1.5666666666666667,1,1.81031746031746,network_default,0,0.0,none,0.37356321839080464,6.3157088122605325,20.47422112345704,174.0,GBT,1,0.546378948727941,0.8211981094853702,0.453621051272059
ANWE|79C|1061|2026-06-16|3050,79C,ANWE,2026-06-16 15:21:00,2026-06-16,15.0,3.0,0.0,10.5,0,1.81031746031746,network_default,1,1.0,unknown,0.3915343915343915,6.653527336860665,20.63036754192423,189.0,GBT,1,0.546378948727941,0.8211981094853702,0.453621051272059
ANWE|79C|1051|2026-06-16|3164,79C,ANWE,2026-06-16 13:33:00,2026-06-16,13.0,3.0,0.0,2.816666666666667,0,1.81031746031746,network_default,0,0.0,none,0.3728813559322034,6.299811676082858,20.31743152945842,177.0,GBT,1,0.546378948727941,0.8211981094853702,0.453621051272059
ANWE|79C|1071|2026-06-16|3106,79C,ANWE,2026-06-16 17:03:00,2026-06-16,17.0,3.0,1.0,-0.18333333333333332,1,1.81031746031746,network_default,1,1.0,unknown,0.3980099502487562,6.840132669983412,20.55318752473092,201.0,GBT,1,0.546378948727941,0.8211981094853702,0.453621051272059
ANWE|79C|1059|2026-06-16|3018,79C,ANWE,2026-06-16 15:00:00,2026-06-16,15.0,3.0,0.0,6.116666666666666,0,1.81031746031746,network_default,1,1.0,unknown,0.39037433155080214,6.691354723707661,20.735375965591416,187.0,GBT,1,0.546378948727941,0.8211981094853702,0.453621051272059
ANWE|1|1121|2026-07-13|2790,1,ANWE,2026-07-13 17:00:00,2026-07-13,17.0,2.0,1.0,18.233333333333334,0,1.81031746031746,network_default,0,0.0,none,0.21666666666666667,1.6397222222222223,4.1780266336524825,120.0,GBT,1,0.5470957610218108,0.8199004516740075,0.4529042389781892
ANWE|110|5003|2026-07-12|3044,110,ANWE,2026-07-12 08:10:00,2026-07-12,8.0,1.0,1.0,34.983333333333334,0,1.81031746031746,network_default,0,0.0,none,0.3795620437956204,5.236253041362531,13.401079408805854,137.0,GBT,1,0.548191384171822,0.8179170259556142,0.451808615828178
ANWE|79C|1057|2026-06-15|3050,79C,ANWE,2026-06-15 14:37:00,2026-06-15,14.0,2.0,0.0,13.166666666666666,0,1.81031746031746,network_default,1,4.0,roadworks,0.4931506849315068,10.665068493150681,23.608175497959717,73.0,GBT,1,0.5524339463951129,0.8102366414863075,0.4475660536048871
ANWE|2|1025|2026-06-16|3105,2,ANWE,2026-06-16 07:04:00,2026-06-16,7.0,3.0,1.0,10.0,0,1.81031746031746,network_default,1,2.0,roadworks,0.12307692307692308,1.0205128205128207,3.9747071097007862,65.0,GBT,1,0.5538458763388232,0.8076806000564636,0.4461541236611768
ANWE|2|1085|2026-06-16|3101,2,ANWE,2026-06-16 13:06:00,2026-06-16,13.0,3.0,0.0,9.8,0,1.81031746031746,network_default,1,4.0,roadworks,0.13186813186813184,1.0472527472527473,3.873056871417743,91.0,GBT,1,0.5538458763388232,0.8076806000564636,0.4461541236611768
ANWE|79C|1080|2026-07-14|3163,79C,ANWE,2026-07-14 16:34:00,2026-07-14,16.0,3.0,1.0,-0.21666666666666667,1,1.81031746031746,network_default,0,0.0,none,0.46570397111913353,16.933995186522267,33.42001471902162,277.0,GBT,1,0.5586565798798627,0.7989716994397087,0.4413434201201373
ANWE|79C|1067|2026-06-16|3105,79C,ANWE,2026-06-16 16:21:00,2026-06-16,16.0,3.0,1.0,0.15,1,1.81031746031746,network_default,1,1.0,unknown,0.40306122448979587,6.949489795918363,20.794140152832036,196.0,GBT,1,0.5603580442552821,0.7958915087727788,0.43964195574471787
ANWE|79C|1069|2026-06-16|2795,79C,ANWE,2026-06-16 16:41:00,2026-06-16,16.0,3.0,1.0,0.05,1,1.81031746031746,network_default,1,1.0,unknown,0.4040404040404041,6.931818181818178,20.695316448514824,198.0,GBT,1,0.5603580442552821,0.7958915087727788,0.43964195574471787
ANWE|79C|1075|2026-06-16|3049,79C,ANWE,2026-06-16 17:41:00,2026-06-16,17.0,3.0,1.0,2.1666666666666665,0,1.81031746031746,network_default,1,1.0,unknown,0.4,6.8452845528455235,20.382470681883152,205.0,GBT,1,0.5603580442552821,0.7958915087727788,0.43964195574471787
ANWE|82A|1052|2026-07-14|3162,82A,ANWE,2026-07-14 17:12:00,2026-07-14,17.0,3.0,1.0,1.8166666666666667,1,1.81031746031746,network_default,0,0.0,none,0.4326923076923077,25.1253205128205,41.440170058476,208.0,GBT,1,0.5603580442552821,0.7958915087727788,0.43964195574471787
ANWE|82A|1050|2026-07-14|3104,82A,ANWE,2026-07-14 16:43:00,2026-07-14,16.0,3.0,1.0,40.15,0,1.81031746031746,network_default,0,0.0,none,0.4292682926829269,25.115365853658528,41.68803750557796,205.0,GBT,1,0.5603580442552821,0.7958915087727788,0.43964195574471787
ANWE|82A|1048|2026-07-14|3042,82A,ANWE,2026-07-14 16:15:00,2026-07-14,16.0,3.0,1.0,0.38333333333333336,1,1.81031746031746,network_default,0,0.0,none,0.427860696517413,24.39203980099502,40.87278638500148,201.0,GBT,1,0.5603580442552821,0.7958915087727788,0.43964195574471787
ANWE|82A|1058|2026-07-14|3053,82A,ANWE,2026-07-14 18:42:00,2026-07-14,18.0,3.0,1.0,37.583333333333336,0,1.81031746031746,network_default,0,0.0,none,0.4372093023255814,24.64248062015503,40.913840770711346,215.0,GBT,1,0.5603580442552821,0.7958915087727788,0.43964195574471787
ANWE|79C|1079|2026-06-16|3104,79C,ANWE,2026-06-16 18:20:00,2026-06-16,18.0,3.0,1.0,0.1,1,1.81031746031746,network_default,0,0.0,none,0.39903846153846156,6.75697115384615,20.247834970728285,208.0,GBT,1,0.5603580442552821,0.7958915087727788,0.43964195574471787
ANWE|79C|1046|2026-06-15|3044,79C,ANWE,2026-06-15 10:41:00,2026-06-15,10.0,2.0,0.0,1.1833333333333333,1,1.81031746031746,network_default,1,2.0,roadworks,0.4897959183673469,12.941836734693872,27.857526935691702,49.0,GBT,1,0.5608655660940542,0.7949727331265573,0.43913443390594575
ANWE|110|1053|2026-06-15|2968,110,ANWE,2026-06-15 17:18:00,2026-06-15,17.0,2.0,1.0,0.11666666666666667,1,1.81031746031746,network_default,0,0.0,none,0.49090909090909096,5.46060606060606,13.603758922721859,55.0,GBT,1,0.5612619345387542,0.7942551804103981,0.43873806546124583
ANWE|110|1051|2026-07-13|3089,110,ANWE,2026-07-13 16:48:00,2026-07-13,16.0,2.0,1.0,15.116666666666667,0,1.81031746031746,network_default,0,0.0,none,0.3793103448275862,5.24,13.296691172693128,145.0,GBT,1,0.5619852380522944,0.7929457714307273,0.4380147619477056
ANWE|1|1109|2026-07-14|3161,1,ANWE,2026-07-14 15:48:00,2026-07-14,15.0,3.0,0.0,15.5,0,1.81031746031746,network_default,0,0.0,none,0.2295081967213115,1.915983606557377,4.66749913744782,122.0,GBT,1,0.5620191591685815,0.7928843634416394,0.4379808408314185
ANWE|79C|1003|2026-06-15|3136,79C,ANWE,2026-06-15 06:04:00,2026-06-15,6.0,2.0,0.0,0.6333333333333333,1,1.81031746031746,network_default,0,0.0,none,0.65,28.750000000000007,38.650683705171275,20.0,GBT,1,0.5653247421755851,0.7869002088075319,0.43467525782441485
ANWE|79C|1012|2026-06-15|3136,79C,ANWE,2026-06-15 05:00:00,2026-06-15,5.0,2.0,0.0,12.2,0,1.81031746031746,network_default,0,0.0,none,0.8461538461538461,42.8371794871795,41.71535885654004,13.0,GBT,1,0.5653247421755851,0.7869002088075319,0.43467525782441485
ANWE|79C|1001|2026-06-15|3206,79C,ANWE,2026-06-15 05:14:00,2026-06-15,5.0,2.0,0.0,0.5,1,1.81031746031746,network_default,0,0.0,none,0.8,37.90444444444446,40.82652201046397,15.0,GBT,1,0.5653247421755851,0.7869002088075319,0.43467525782441485
ANWE|1|1111|2026-06-15|3178,1,ANWE,2026-06-15 16:00:00,2026-06-15,16.0,2.0,1.0,0.3,1,1.81031746031746,network_default,1,7.0,roadworks,0.3137254901960784,1.7934640522875818,3.2329691864211423,51.0,GBT,1,0.5662496725982954,0.7852257911137207,0.4337503274017046
ANWE|1|1113|2026-06-15|2795,1,ANWE,2026-06-15 16:12:00,2026-06-15,16.0,2.0,1.0,0.6833333333333333,1,1.81031746031746,network_default,1,7.0,roadworks,0.3076923076923077,1.7647435897435897,3.2078091904360027,52.0,GBT,1,0.5662496725982954,0.7852257911137207,0.4337503274017046
ANWE|82A|1004|2026-06-15|3160,82A,ANWE,2026-06-15 05:57:00,2026-06-15,5.0,2.0,0.0,0.11666666666666667,1,1.81031746031746,network_default,1,3.0,roadClosed,0.5555555555555556,55.464814814814815,56.47813414846309,18.0,GBT,1,0.568247732088227,0.7816086691323445,0.431752267911773
ANWE|82A|1002|2026-06-15|3106,82A,ANWE,2026-06-15 05:27:00,2026-06-15,5.0,2.0,0.0,0.06666666666666667,1,1.81031746031746,network_default,1,3.0,roadClosed,0.6666666666666667,66.57555555555555,55.49491749453158,15.0,GBT,1,0.568247732088227,0.7816086691323445,0.431752267911773
ANWE|82A|1009|2026-06-15|3104,82A,ANWE,2026-06-15 04:57:00,2026-06-15,4.0,2.0,0.0,4.85,0,1.81031746031746,network_default,1,3.0,roadClosed,0.6923076923076923,76.41666666666666,52.96455095068216,13.0,GBT,1,0.5697335016636127,0.7789189545280153,0.4302664983363873
ANWE|79C|5011|2026-07-12|3138,79C,ANWE,2026-07-12 09:45:00,2026-07-12,9.0,1.0,1.0,-0.016666666666666666,1,1.81031746031746,network_default,0,0.0,none,0.39917695473251025,8.895336076817554,23.28607983260831,243.0,GBT,1,0.5717775869505418,0.7752185112427096,0.4282224130494582
ANWE|1|1027|2026-06-15|3178,1,ANWE,2026-06-15 07:36:00,2026-06-15,7.0,2.0,1.0,1.3833333333333333,1,1.81031746031746,network_default,1,5.0,roadworks,0.33333333333333337,2.4055555555555554,5.657529397969478,9.0,GBT,1,0.5719237931918306,0.774953831531297,0.4280762068081694
ANWE|1|1025|2026-06-15|2795,1,ANWE,2026-06-15 07:24:00,2026-06-15,7.0,2.0,1.0,3.5,0,1.81031746031746,network_default,1,5.0,roadworks,0.25,2.26875,6.032217980962,8.0,GBT,1,0.5719237931918306,0.774953831531297,0.4280762068081694
ANWE|1|1023|2026-06-15|3178,1,ANWE,2026-06-15 07:12:00,2026-06-15,7.0,2.0,1.0,0.4,1,1.81031746031746,network_default,1,5.0,roadworks,0.2857142857142857,2.5357142857142856,6.464292437659107,7.0,GBT,1,0.5719237931918306,0.774953831531297,0.4280762068081694
ANWE|79C|1063|2026-06-15|3046,79C,ANWE,2026-06-15 15:41:00,2026-06-15,15.0,2.0,0.0,-0.48333333333333334,1,1.81031746031746,network_default,1,4.0,roadworks,0.4810126582278481,10.283333333333328,22.79777801313501,79.0,GBT,1,0.5741601302177997,0.7709053515660308,0.42583986978220034
ANWE|3C|1015|2026-06-15|3140,3C,ANWE,2026-06-15 07:25:00,2026-06-15,7.0,2.0,1.0,2.55,0,1.81031746031746,network_default,0,0.0,none,1.0,6.925000000000001,3.1937656283592397,2.0,GBT,1,0.5762056068747339,0.7672023894593111,0.4237943931252661
ANWE|79C|1005|2026-06-15|3020,79C,ANWE,2026-06-15 05:42:00,2026-06-15,5.0,2.0,0.0,5.033333333333333,0,1.81031746031746,network_default,0,0.0,none,0.7058823529411764,33.43627450980393,40.21924991500326,17.0,GBT,1,0.5769221103999338,0.7659052906172626,0.4230778896000662
ANWE|79C|1009|2026-06-15|3089,79C,ANWE,2026-06-15 06:24:00,2026-06-15,6.0,2.0,0.0,8.033333333333333,0,1.81031746031746,network_default,0,0.0,none,0.6363636363636364,26.256818181818186,37.63996021169329,22.0,GBT,1,0.5769221103999338,0.7659052906172626,0.4230778896000662
ANWE|79C|1090|2026-07-14|3137,79C,ANWE,2026-07-14 18:22:00,2026-07-14,18.0,3.0,1.0,-0.21666666666666667,1,1.81031746031746,network_default,0,0.0,none,0.4882154882154882,17.57261503928171,33.01441132692042,297.0,GBT,1,0.5771300923596143,0.765528777244222,0.4228699076403857
ANWE|79C|1070|2026-06-15|3136,79C,ANWE,2026-06-15 14:43:00,2026-06-15,14.0,2.0,0.0,-0.06666666666666667,1,1.81031746031746,network_default,1,4.0,roadworks,0.5,10.69887387387387,23.44772146262935,74.0,GBT,1,0.5785622401987751,0.7629361350052332,0.4214377598012249
ANWE|X4|1012|2026-06-15|2792,X4,ANWE,2026-06-15 10:17:00,2026-06-15,10.0,2.0,0.0,0.05,1,1.81031746031746,network_default,1,7.0,specialEvent,0.5,2.1347222222222224,2.989167803628488,12.0,GBT,1,0.5800451264938573,0.7602516400535805,0.4199548735061427
ANWE|82A|1052|2026-06-15|2788,82A,ANWE,2026-06-15 17:12:00,2026-06-15,17.0,2.0,1.0,3.35,0,1.81031746031746,network_default,1,3.0,roadClosed,0.4545454545454546,19.82348484848485,39.872563878349986,66.0,GBT,1,0.5811460237604003,0.758258666509942,0.41885397623959975
ANWE|3A|1053|2026-06-15|3104,3A,ANWE,2026-06-15 16:55:00,2026-06-15,16.0,2.0,1.0,10.166666666666666,0,1.81031746031746,network_default,1,2.0,roadworks,0.7272727272727273,7.619696969696971,8.559604151613742,11.0,GBT,1,0.5841259485613062,0.752864056612429,0.4158740514386938
ANWE|79C|5007|2026-07-12|3162,79C,ANWE,2026-07-12 08:45:00,2026-07-12,8.0,1.0,1.0,0.25,1,1.81031746031746,network_default,0,0.0,none,0.40336134453781514,9.04474789915966,23.50300928766613,238.0,GBT,1,0.5859926124626961,0.7494848023591986,0.41400738753730393
ANWE|1|1043|2026-06-15|3178,1,ANWE,2026-06-15 09:12:00,2026-06-15,9.0,2.0,1.0,0.6,1,1.81031746031746,network_default,1,5.0,roadworks,0.2941176470588235,1.8911764705882352,4.160295619366834,17.0,GBT,1,0.5861348851376418,0.7492272436516182,0.4138651148623582
ANWE|1|1049|2026-06-15|2795,1,ANWE,2026-06-15 09:48:00,2026-06-15,9.0,2.0,1.0,-0.4666666666666667,1,1.81031746031746,network_default,1,5.0,roadworks,0.25,1.6549999999999998,3.8654191121119963,20.0,GBT,1,0.5861348851376418,0.7492272436516182,0.4138651148623582
ANWE|X30|1009|2026-06-15|2794,X30,ANWE,2026-06-15 08:24:00,2026-06-15,8.0,2.0,1.0,1.2666666666666666,1,1.81031746031746,network_default,1,5.0,roadworks,0.5384615384615384,26.056410256410256,37.12417884018991,13.0,GBT,1,0.5864958192249387,0.7485738383713609,0.41350418077506135
ANWE|82A|1036|2026-06-15|3049,82A,ANWE,2026-06-15 13:12:00,2026-06-15,13.0,2.0,0.0,0.55,1,1.81031746031746,network_default,1,3.0,roadClosed,0.45999999999999996,23.949666666666673,44.258766697591525,50.0,GBT,1,0.5877274559211256,0.7463441849554859,0.41227254407887437
ANWE|1|1103|2026-06-15|3178,1,ANWE,2026-06-15 15:12:00,2026-06-15,15.0,2.0,0.0,9.016666666666667,0,1.81031746031746,network_default,1,7.0,roadworks,0.2978723404255319,1.6794326241134752,3.1308524189354685,47.0,GBT,1,0.5886681099068426,0.7446413026210253,0.4113318900931574
ANWE|1|1107|2026-06-15|3178,1,ANWE,2026-06-15 15:36:00,2026-06-15,15.0,2.0,0.0,4.516666666666667,0,1.81031746031746,network_default,1,7.0,roadworks,0.30612244897959184,1.7704081632653061,3.267974272917473,49.0,GBT,1,0.5886681099068426,0.7446413026210253,0.4113318900931574
ANWE|79C|5009|2026-07-12|3206,79C,ANWE,2026-07-12 09:15:00,2026-07-12,9.0,1.0,1.0,-0.08333333333333333,1,1.81031746031746,network_default,0,0.0,none,0.4,8.973680555555552,23.41736642580858,240.0,GBT,1,0.5887949893877038,0.7444116104814663,0.4112050106122962
ANWE|82A|1056|2026-06-15|3106,82A,ANWE,2026-06-15 18:12:00,2026-06-15,18.0,2.0,1.0,1.0333333333333334,1,1.81031746031746,network_default,1,3.0,roadClosed,0.4571428571428572,18.998095238095235,38.875698992618915,70.0,GBT,1,0.589032167561356,0.7439822426924975,0.410967832438644
ANWE|82A|1034|2026-06-15|2788,82A,ANWE,2026-06-15 12:42:00,2026-06-15,12.0,2.0,0.0,0.5833333333333334,1,1.81031746031746,network_default,1,3.0,roadClosed,0.45833333333333337,24.87048611111112,44.94970807232275,48.0,GBT,1,0.589032167561356,0.7439822426924975,0.410967832438644
ANWE|61|1501|2026-06-15|3078,61,ANWE,2026-06-15 04:31:00,2026-06-15,4.0,2.0,0.0,1.1166666666666667,1,1.81031746031746,network_default,0,0.0,none,0.6666666666666667,58.86111111111112,46.403935018327765,6.0,GBT,1,0.592095667992091,0.7384363343730479,0.407904332007909
ANWE|3A|5002|2026-07-12|3104,3A,ANWE,2026-07-12 09:00:00,2026-07-12,9.0,1.0,1.0,0.0,1,1.81031746031746,network_default,0,0.0,none,0.5217391304347826,4.544202898550725,6.836657743991289,23.0,GBT,1,0.5939581077553933,0.7350647271507522,0.40604189224460674
ANWE|X4|1009|2026-06-15|2793,X4,ANWE,2026-06-15 07:46:00,2026-06-15,7.0,2.0,1.0,-0.8666666666666667,1,1.81031746031746,network_default,1,3.0,roadClosed,0.5714285714285714,2.6000000000000005,3.765474245868148,7.0,GBT,1,0.5982129205078701,0.727362165334562,0.4017870794921299
ANWE|20A|1005|2026-07-14|3049,20A,ANWE,2026-07-14 20:35:00,2026-07-14,20.0,3.0,0.0,4.233333333333333,0,1.81031746031746,network_default,0,0.0,none,0.6666666666666667,7.492592592592593,11.69817801314207,9.0,GBT,1,0.5998372385843269,0.724421633959643,0.4001627614156731
ANWE|X4|1002|2026-06-15|2789,X4,ANWE,2026-06-15 05:17:00,2026-06-15,5.0,2.0,0.0,-0.15,1,1.81031746031746,network_default,1,3.0,roadClosed,0.5,0.6833333333333335,1.9563287612827813,2.0,GBT,1,0.6047176571490578,0.7155865270182532,0.3952823428509422
ANWE|1|1057|2026-06-15|2795,1,ANWE,2026-06-15 10:36:00,2026-06-15,10.0,2.0,0.0,-0.9666666666666667,1,1.81031746031746,network_default,1,5.0,roadworks,0.20833333333333337,1.423611111111111,3.56097987880618,24.0,GBT,1,0.6082366216804191,0.7092160840848919,0.39176337831958086
ANWE|1|1063|2026-06-15|3178,1,ANWE,2026-06-15 11:12:00,2026-06-15,11.0,2.0,0.0,5.616666666666666,0,1.81031746031746,network_default,1,5.0,roadworks,0.2222222222222222,1.3870370370370368,3.440570954075571,27.0,GBT,1,0.6082366216804191,0.7092160840848919,0.39176337831958086
ANWE|61|3522|2026-07-11|3101,61,ANWE,2026-07-11 13:21:00,2026-07-11,13.0,7.0,0.0,-18.733333333333334,0,1.81031746031746,network_default,0,0.0,none,0.2753623188405797,11.042512077294687,28.64264961434258,69.0,GBT,1,0.6106789507260644,0.7047946931697199,0.3893210492739356
ANWE|X30|1002|2026-06-15|3161,X30,ANWE,2026-06-15 05:08:00,2026-06-15,5.0,2.0,0.0,-0.8333333333333334,1,1.81031746031746,network_default,1,3.0,roadClosed,1.0,87.51666666666667,1.7054650717945232,3.0,GBT,1,0.6119129609335205,0.702560742944952,0.38808703906647946
ANWE|1|1011|2026-06-15|3178,1,ANWE,2026-06-15 05:55:00,2026-06-15,5.0,2.0,0.0,2.1166666666666667,0,1.81031746031746,network_default,1,3.0,roadClosed,1.0,16.95,0.0,1.0,GBT,1,0.6119129609335205,0.702560742944952,0.38808703906647946
ANWE|3C|5001|2026-07-12|3104,3C,ANWE,2026-07-12 09:32:00,2026-07-12,9.0,1.0,1.0,-0.06666666666666667,1,1.81031746031746,network_default,0,0.0,none,0.6,3.5166666666666657,3.3259431967711275,25.0,GBT,1,0.6164825075083457,0.6942884129948123,0.38351749249165434
ANWE|1|5013|2026-07-12|3049,1,ANWE,2026-07-12 09:40:00,2026-07-12,9.0,1.0,1.0,-0.2,1,1.81031746031746,network_default,0,0.0,none,0.2184873949579832,1.6551820728291318,4.192244514257469,119.0,GBT,1,0.6176343427497294,0.6922032255459263,0.3823656572502706
ANWE|20A|1005|2026-06-16|2788,20A,ANWE,2026-06-16 20:35:00,2026-06-16,20.0,3.0,0.0,4.55,0,1.81031746031746,network_default,0,0.0,none,0.6,4.163333333333333,4.086723082807979,5.0,GBT,1,0.6177664034112693,0.6919641538245195,0.3822335965887307
ANWE|20|1001|2026-07-14|3049,20,ANWE,2026-07-14 19:30:00,2026-07-14,19.0,3.0,0.0,-0.2833333333333333,1,1.81031746031746,network_default,0,0.0,none,0.6666666666666667,16.8,23.37239349698224,6.0,GBT,1,0.6177664034112693,0.6919641538245195,0.3822335965887307
ANWE|20A|1003|2026-06-15|3159,20A,ANWE,2026-06-15 18:20:00,2026-06-15,18.0,2.0,1.0,10.283333333333333,0,1.81031746031746,network_default,0,0.0,none,0.0,0.3333333333333333,0.0,1.0,GBT,1,0.6181155887581793,0.6913320174941214,0.3818844112418207
ANWE|X30|1001|2026-06-15|3054,X30,ANWE,2026-06-15 05:10:00,2026-06-15,5.0,2.0,0.0,2.2333333333333334,0,1.81031746031746,network_default,1,3.0,roadClosed,0.75,65.42916666666667,44.19694219144661,4.0,GBT,1,0.6182586878767939,0.6910729626611373,0.38174131212320606
ANWE|X30|1003|2026-06-15|2794,X30,ANWE,2026-06-15 05:58:00,2026-06-15,5.0,2.0,0.0,1.1333333333333333,1,1.81031746031746,network_default,1,3.0,roadClosed,0.6666666666666667,44.177777777777784,47.49777031803899,6.0,GBT,1,0.6182586878767939,0.6910729626611373,0.38174131212320606
ANWE|1|1015|2026-06-15|3178,1,ANWE,2026-06-15 06:19:00,2026-06-15,6.0,2.0,0.0,0.45,1,1.81031746031746,network_default,1,3.0,roadClosed,0.6666666666666667,6.25,9.346003305037815,3.0,GBT,1,0.6184922121170886,0.6906502096515245,0.3815077878829114
ANWE|79C|1035|2026-06-15|3050,79C,ANWE,2026-06-15 10:53:00,2026-06-15,10.0,2.0,0.0,-0.5666666666666667,1,1.81031746031746,network_default,1,2.0,roadworks,0.48,12.70666666666666,27.62190194610395,50.0,GBT,1,0.6196943365018359,0.6884739828883429,0.3803056634981641
ANWE|79C|1051|2026-06-15|3001,79C,ANWE,2026-06-15 13:33:00,2026-06-15,13.0,2.0,0.0,6.983333333333333,0,1.81031746031746,network_default,1,4.0,roadworks,0.4776119402985075,10.942537313432831,24.548730874980883,67.0,GBT,1,0.6196943365018359,0.6884739828883429,0.3803056634981641
ANWE|79C|1027|2026-06-15|3020,79C,ANWE,2026-06-15 09:33:00,2026-06-15,9.0,2.0,1.0,-0.4666666666666667,1,1.81031746031746,network_default,1,2.0,roadworks,0.5238095238095238,14.945634920634916,29.643319364072173,42.0,GBT,1,0.6196943365018359,0.6884739828883429,0.3803056634981641
ANWE|79C|1039|2026-06-15|3042,79C,ANWE,2026-06-15 11:33:00,2026-06-15,11.0,2.0,0.0,-0.6833333333333333,1,1.81031746031746,network_default,1,4.0,roadworks,0.4629629629629629,12.620370370370365,27.069156070007384,54.0,GBT,1,0.6196943365018359,0.6884739828883429,0.3803056634981641
ANWE|1|1071|2026-06-15|3178,1,ANWE,2026-06-15 12:00:00,2026-06-15,12.0,2.0,0.0,2.316666666666667,0,1.81031746031746,network_default,1,7.0,roadworks,0.22580645161290325,1.48010752688172,3.3010139277221366,31.0,GBT,1,0.6197212108662213,0.6884253317572612,0.38027878913377866
ANWE|1|1081|2026-06-15|2795,1,ANWE,2026-06-15 13:00:00,2026-06-15,13.0,2.0,0.0,-0.13333333333333333,1,1.81031746031746,network_default,1,7.0,roadworks,0.25,1.4736111111111112,3.111732470546587,36.0,GBT,1,0.6197212108662213,0.6884253317572612,0.38027878913377866
ANWE|1|1075|2026-06-15|3178,1,ANWE,2026-06-15 12:24:00,2026-06-15,12.0,2.0,0.0,3.3333333333333335,0,1.81031746031746,network_default,1,7.0,roadworks,0.24242424242424243,1.4818181818181817,3.2025824096983184,33.0,GBT,1,0.6197212108662213,0.6884253317572612,0.38027878913377866
ANWE|1|1083|2026-06-15|3178,1,ANWE,2026-06-15 13:12:00,2026-06-15,13.0,2.0,0.0,2.8333333333333335,0,1.81031746031746,network_default,1,7.0,roadworks,0.2432432432432432,1.4301801801801803,3.079561852147347,37.0,GBT,1,0.6197212108662213,0.6884253317572612,0.38027878913377866
ANWE|3A|1049|2026-07-14|2789,3A,ANWE,2026-07-14 15:55:00,2026-07-14,15.0,3.0,0.0,8.35,0,1.81031746031746,network_default,0,0.0,none,0.52,5.224000000000001,7.909141277075579,25.0,GBT,1,0.620073574641484,0.6877874414625197,0.37992642535851595
ANWE|82A|1006|2026-06-15|3053,82A,ANWE,2026-06-15 06:27:00,2026-06-15,6.0,2.0,0.0,-0.06666666666666667,1,1.81031746031746,network_default,1,3.0,roadClosed,0.47619047619047616,47.55079365079365,55.730537827665415,21.0,GBT,1,0.6224356935688087,0.6835112563250375,0.3775643064311913
ANWE|110|1057|2026-06-15|3077,110,ANWE,2026-06-15 18:52:00,2026-06-15,18.0,2.0,1.0,5.716666666666667,0,1.81031746031746,network_default,0,0.0,none,0.4833333333333333,5.185833333333333,13.063484286526753,60.0,GBT,1,0.6234963732025174,0.6815910894643316,0.3765036267974826
ANWE|82A|1035|2026-06-15|3049,82A,ANWE,2026-06-15 10:57:00,2026-06-15,10.0,2.0,0.0,3.033333333333333,0,1.81031746031746,network_default,1,3.0,roadClosed,0.3902439024390244,28.4288617886179,47.7760799959896,41.0,GBT,1,0.6249961416507162,0.678876032456124,0.37500385834928385
ANWE|82A|1033|2026-06-15|2788,82A,ANWE,2026-06-15 10:27:00,2026-06-15,10.0,2.0,0.0,0.5333333333333333,1,1.81031746031746,network_default,1,3.0,roadClosed,0.3846153846153846,29.732051282051298,48.64804474061645,39.0,GBT,1,0.6249961416507162,0.678876032456124,0.37500385834928385
ANWE|82A|1054|2026-06-15|3049,82A,ANWE,2026-06-15 17:42:00,2026-06-15,17.0,2.0,1.0,1.0166666666666666,1,1.81031746031746,network_default,1,3.0,roadClosed,0.4558823529411765,19.30563725490196,39.38761102480379,68.0,GBT,1,0.6260260648342251,0.6770115445342322,0.37397393516577493
ANWE|110|1042|2026-06-15|3177,110,ANWE,2026-06-15 15:25:00,2026-06-15,15.0,2.0,0.0,8.0,0,1.81031746031746,network_default,0,0.0,none,0.5,5.8329861111111105,14.486749260347908,48.0,GBT,1,0.6265963511951711,0.6759791451776307,0.3734036488048289
ANWE|110|1030|2026-06-15|3077,110,ANWE,2026-06-15 12:25:00,2026-06-15,12.0,2.0,0.0,0.25,1,1.81031746031746,network_default,0,0.0,none,0.5277777777777778,7.252314814814816,16.486969435138853,36.0,GBT,1,0.6265963511951711,0.6759791451776307,0.3734036488048289
ANWE|110|1040|2026-06-15|3077,110,ANWE,2026-06-15 14:55:00,2026-06-15,14.0,2.0,0.0,2.966666666666667,0,1.81031746031746,network_default,0,0.0,none,0.5,6.014130434782608,14.77542377549868,46.0,GBT,1,0.6265963511951711,0.6759791451776307,0.3734036488048289
ANWE|110|1032|2026-06-15|3177,110,ANWE,2026-06-15 13:00:00,2026-06-15,13.0,2.0,0.0,-0.16666666666666666,1,1.81031746031746,network_default,0,0.0,none,0.5263157894736843,6.942105263157895,16.092623576850908,38.0,GBT,1,0.6265963511951711,0.6759791451776307,0.3734036488048289
ANWE|110|1026|2026-06-15|3163,110,ANWE,2026-06-15 11:25:00,2026-06-15,11.0,2.0,0.0,7.3,0,1.81031746031746,network_default,0,0.0,none,0.5161290322580645,8.019354838709678,17.65183659355162,31.0,GBT,1,0.6265963511951711,0.6759791451776307,0.3734036488048289
ANWE|20|1001|2026-06-15|3159,20,ANWE,2026-06-15 19:30:00,2026-06-15,19.0,2.0,0.0,0.35,1,1.81031746031746,network_default,0,0.0,none,1.0,47.75,0.0,1.0,GBT,1,0.6277605793035772,0.6738715227051907,0.3722394206964228
ANWE|110|1063|2026-06-15|2968,110,ANWE,2026-06-15 22:02:00,2026-06-15,22.0,2.0,0.0,3.316666666666667,0,1.81031746031746,network_default,0,0.0,none,0.49230769230769234,5.035384615384615,12.581754008123834,65.0,GBT,1,0.6277753069645822,0.6738448609633237,0.37222469303541783
ANWE|1|1017|2026-06-15|2795,1,ANWE,2026-06-15 06:31:00,2026-06-15,6.0,2.0,0.0,0.9166666666666666,1,1.81031746031746,network_default,1,3.0,roadClosed,0.5,4.8,8.163446076985617,4.0,GBT,1,0.6310686871774529,0.6678827972604998,0.3689313128225471
ANWE|1|1013|2026-06-15|2795,1,ANWE,2026-06-15 06:07:00,2026-06-15,6.0,2.0,0.0,-0.31666666666666665,1,1.81031746031746,network_default,1,3.0,roadClosed,1.0,9.533333333333333,10.488750587600455,2.0,GBT,1,0.6310686871774529,0.6678827972604998,0.3689313128225471
ANWE|79C|1059|2026-06-15|3164,79C,ANWE,2026-06-15 15:00:00,2026-06-15,15.0,2.0,0.0,0.43333333333333335,1,1.81031746031746,network_default,1,4.0,roadworks,0.4933333333333333,10.555333333333328,23.32190520653195,75.0,GBT,1,0.6324847974682942,0.6653191880752546,0.3675152025317058
ANWE|79C|1055|2026-06-15|3203,79C,ANWE,2026-06-15 14:13:00,2026-06-15,14.0,2.0,0.0,2.4,0,1.81031746031746,network_default,1,4.0,roadworks,0.49295774647887325,10.915727699530512,23.89419599568792,71.0,GBT,1,0.6324847974682942,0.6653191880752546,0.3675152025317058
ANWE|X4|1028|2026-06-15|2793,X4,ANWE,2026-06-15 18:27:00,2026-06-15,18.0,2.0,1.0,3.5,0,1.81031746031746,network_default,1,7.0,specialEvent,0.3571428571428571,1.5803571428571428,2.419719457820708,28.0,GBT,1,0.6332919056007563,0.6638580661306942,0.3667080943992437
ANWE|79C|1013|2026-06-15|3050,79C,ANWE,2026-06-15 07:05:00,2026-06-15,7.0,2.0,1.0,0.11666666666666667,1,1.81031746031746,network_default,1,2.0,roadworks,0.5769230769230769,22.535897435897432,35.65501544657814,26.0,GBT,1,0.6356345195201398,0.6596171912496516,0.36436548047986017
ANWE|79C|1015|2026-06-15|3164,79C,ANWE,2026-06-15 07:29:00,2026-06-15,7.0,2.0,1.0,1.2333333333333334,1,1.81031746031746,network_default,1,2.0,roadworks,0.5517241379310345,20.85459770114942,34.16527055700231,29.0,GBT,1,0.6356345195201398,0.6596171912496516,0.36436548047986017
ANWE|79C|1021|2026-06-15|3206,79C,ANWE,2026-06-15 08:33:00,2026-06-15,8.0,2.0,1.0,-0.4,1,1.81031746031746,network_default,1,2.0,roadworks,0.5555555555555556,17.146759259259255,31.51441867519732,36.0,GBT,1,0.6356345195201398,0.6596171912496516,0.36436548047986017
ANWE|61|5505|2026-07-12|2792,61,ANWE,2026-07-12 09:25:00,2026-07-12,9.0,1.0,1.0,2.216666666666667,0,1.81031746031746,network_default,0,0.0,none,0.3580246913580247,15.926131687242798,33.4089154495589,81.0,GBT,1,0.6381077641888536,0.6551398332422419,0.3618922358111464
ANWE|79C|1029|2026-06-16|3164,79C,ANWE,2026-06-16 09:53:00,2026-06-16,9.0,3.0,1.0,8.233333333333333,0,1.81031746031746,network_default,0,0.0,none,0.38961038961038963,6.945779220779215,21.672574572591333,154.0,GBT,1,0.6399761217353718,0.6517575129536642,0.3600238782646282
ANWE|1|1113|2026-07-14|3161,1,ANWE,2026-07-14 16:12:00,2026-07-14,16.0,3.0,1.0,-0.06666666666666667,1,1.81031746031746,network_default,0,0.0,none,0.248,2.0814666666666666,4.794237139431459,125.0,GBT,1,0.6431419330619468,0.6460263894330946,0.3568580669380532
ANWE|82A|5010|2026-07-12|3052,82A,ANWE,2026-07-12 08:12:00,2026-07-12,8.0,1.0,1.0,33.0,0,1.81031746031746,network_default,0,0.0,none,0.34705882352941175,16.921274509803915,35.49251905151877,170.0,GBT,1,0.6455675585778886,0.6416352372093936,0.3544324414221114
ANWE|79C|1090|2026-06-16|3042,79C,ANWE,2026-06-16 18:22:00,2026-06-16,18.0,3.0,1.0,2.65,0,1.81031746031746,network_default,0,0.0,none,0.3971291866028708,6.725119617224876,20.20435158496958,209.0,GBT,1,0.6457946300204738,0.6412241658121423,0.35420536997952623
ANWE|79C|1076|2026-06-16|3049,79C,ANWE,2026-06-16 15:51:00,2026-06-16,15.0,3.0,0.0,12.716666666666667,0,1.81031746031746,network_default,1,1.0,unknown,0.39896373056994816,6.967616580310876,20.945876792119478,193.0,GBT,1,0.6457946300204738,0.6412241658121423,0.35420536997952623
ANWE|79C|1062|2026-06-15|3042,79C,ANWE,2026-06-15 13:16:00,2026-06-15,13.0,2.0,0.0,6.55,0,1.81031746031746,network_default,1,4.0,roadworks,0.4696969696969697,11.009090909090906,24.730754959568877,66.0,GBT,1,0.6469436690458921,0.6391440404018414,0.35305633095410793
ANWE|79C|1064|2026-06-15|3046,79C,ANWE,2026-06-15 13:36:00,2026-06-15,13.0,2.0,0.0,14.033333333333333,0,1.81031746031746,network_default,1,4.0,roadworks,0.4852941176470589,10.884313725490193,24.369572769502966,68.0,GBT,1,0.6469436690458921,0.6391440404018414,0.35305633095410793
ANWE|79C|1054|2026-06-15|3089,79C,ANWE,2026-06-15 12:01:00,2026-06-15,12.0,2.0,0.0,1.6,1,1.81031746031746,network_default,1,4.0,roadworks,0.4736842105263158,12.18274853801169,26.418632187076497,57.0,GBT,1,0.6469436690458921,0.6391440404018414,0.35305633095410793
ANWE|79C|1056|2026-06-15|3203,79C,ANWE,2026-06-15 12:21:00,2026-06-15,12.0,2.0,0.0,1.5333333333333334,1,1.81031746031746,network_default,1,4.0,roadworks,0.47457627118644063,11.913276836158188,26.004257642047662,59.0,GBT,1,0.6469436690458921,0.6391440404018414,0.35305633095410793
ANWE|79C|1050|2026-06-15|3020,79C,ANWE,2026-06-15 11:21:00,2026-06-15,11.0,2.0,0.0,1.4666666666666666,1,1.81031746031746,network_default,1,4.0,roadworks,0.4716981132075472,12.830817610062885,27.283562879112527,53.0,GBT,1,0.6469436690458921,0.6391440404018414,0.35305633095410793
ANWE|79C|1060|2026-06-15|3164,79C,ANWE,2026-06-15 12:56:00,2026-06-15,12.0,2.0,0.0,1.2,1,1.81031746031746,network_default,1,4.0,roadworks,0.46031746031746035,11.300264550264545,25.27323294895857,63.0,GBT,1,0.6469436690458921,0.6391440404018414,0.35305633095410793
ANWE|2|5009|2026-07-12|3049,2,ANWE,2026-07-12 09:18:00,2026-07-12,9.0,1.0,1.0,3.85,0,1.81031746031746,network_default,0,0.0,none,0.14912280701754388,1.1165204678362575,3.7563309362103006,114.0,GBT,1,0.6478327236231438,0.6375345693774673,0.3521672763768562
ANWE|79C|1074|2026-07-14|3050,79C,ANWE,2026-07-14 15:31:00,2026-07-14,15.0,3.0,0.0,31.916666666666668,0,1.81031746031746,network_default,0,0.0,none,0.45353159851301117,16.359851301115242,33.31091629639102,269.0,GBT,1,0.6515234074802358,0.6308532599504618,0.34847659251976415
ANWE|79C|1067|2026-06-15|3044,79C,ANWE,2026-06-15 16:21:00,2026-06-15,16.0,2.0,1.0,-0.65,1,1.81031746031746,network_default,1,4.0,roadworks,0.4698795180722891,9.89216867469879,22.321993896147735,83.0,GBT,1,0.6527675621650749,0.6286009450011619,0.3472324378349251
ANWE|79C|1061|2026-06-15|3042,79C,ANWE,2026-06-15 15:21:00,2026-06-15,15.0,2.0,0.0,1.6833333333333333,1,1.81031746031746,network_default,1,4.0,roadworks,0.49350649350649356,10.5047619047619,23.05327906950131,77.0,GBT,1,0.6527675621650749,0.6286009450011619,0.3472324378349251
ANWE|79C|1065|2026-06-15|3206,79C,ANWE,2026-06-15 16:01:00,2026-06-15,16.0,2.0,1.0,-0.55,1,1.81031746031746,network_default,1,4.0,roadworks,0.4814814814814815,10.13786008230452,22.542975010143532,81.0,GBT,1,0.6527675621650749,0.6286009450011619,0.3472324378349251
ANWE|3A|1017|2026-06-15|3159,3A,ANWE,2026-06-15 07:55:00,2026-06-15,7.0,2.0,1.0,0.16666666666666666,1,1.81031746031746,network_default,1,2.0,roadworks,0.5,14.016666666666667,20.293964620053913,2.0,GBT,1,0.652987642786109,0.6282025292102265,0.347012357213891
ANWE|110|1004|2026-06-15|3177,110,ANWE,2026-06-15 05:30:00,2026-06-15,5.0,2.0,0.0,-0.35,1,1.81031746031746,network_default,0,0.0,none,0.6666666666666667,22.737037037037037,28.33058170189771,9.0,GBT,1,0.653015810858766,0.6281515360564719,0.34698418914123397
ANWE|3A|1053|2026-06-16|2793,3A,ANWE,2026-06-16 16:55:00,2026-06-16,16.0,3.0,1.0,-0.15,1,1.81031746031746,network_default,0,0.0,none,0.5454545454545454,4.757575757575759,6.918713078932431,22.0,GBT,1,0.6543111611497123,0.6258065408075445,0.34568883885028767
ANWE|X4|1018|2026-06-15|2792,X4,ANWE,2026-06-15 13:18:00,2026-06-15,13.0,2.0,0.0,4.483333333333333,0,1.81031746031746,network_default,1,7.0,specialEvent,0.38888888888888884,1.801851851851852,2.5803549490400703,18.0,GBT,1,0.6543603506803403,0.625717492141384,0.34563964931965974
ANWE|61|1503|2026-06-15|2791,61,ANWE,2026-06-15 05:31:00,2026-06-15,5.0,2.0,0.0,1.2333333333333334,1,1.81031746031746,network_default,0,0.0,none,0.5,44.42708333333334,47.4594772323365,8.0,GBT,1,0.6553257626991248,0.623969789907378,0.3446742373008752
ANWE|79C|1007|2026-06-15|3001,79C,ANWE,2026-06-15 06:02:00,2026-06-15,6.0,2.0,0.0,0.0,1,1.81031746031746,network_default,0,0.0,none,0.6842105263157895,30.26315789473685,39.09643765897133,19.0,GBT,1,0.6553257626991248,0.623969789907378,0.3446742373008752
ANWE|61|1502|2026-07-15|3045,61,ANWE,2026-07-15 03:26:00,2026-07-15,3.0,4.0,0.0,1.2333333333333334,1,1.81031746031746,network_default,0,0.0,none,0.47619047619047616,26.827777777777772,42.83133193135891,105.0,GBT,1,0.6573161477172165,0.6203665611563723,0.34268385228278353
ANWE|20|1003|2026-06-16|2788,20,ANWE,2026-06-16 21:45:00,2026-06-16,21.0,3.0,0.0,3.566666666666667,0,1.81031746031746,network_default,0,0.0,none,0.5,12.783333333333333,23.33236902769293,4.0,GBT,1,0.6573428407758495,0.6203182382462598,0.3426571592241505
ANWE|79C|1068|2026-06-15|3044,79C,ANWE,2026-06-15 14:20:00,2026-06-15,14.0,2.0,0.0,1.1333333333333333,1,1.81031746031746,network_default,1,4.0,roadworks,0.5,10.7974537037037,23.74654684717918,72.0,GBT,1,0.6593215002024857,0.6167362365381984,0.3406784997975143
ANWE|3C|1043|2026-06-16|2789,3C,ANWE,2026-06-16 14:25:00,2026-06-16,14.0,3.0,0.0,10.383333333333333,0,1.81031746031746,network_default,0,0.0,none,0.5909090909090908,3.1780303030303028,3.037474873559221,22.0,GBT,1,0.6595643387727961,0.6162966216343271,0.3404356612272039
ANWE|3C|1039|2026-06-16|2789,3C,ANWE,2026-06-16 13:25:00,2026-06-16,13.0,3.0,0.0,7.45,0,1.81031746031746,network_default,0,0.0,none,0.5714285714285714,2.9746031746031742,2.954932876882029,21.0,GBT,1,0.6595643387727961,0.6162966216343271,0.3404356612272039
ANWE|3C|1027|2026-06-16|2789,3C,ANWE,2026-06-16 10:25:00,2026-06-16,10.0,3.0,0.0,6.466666666666667,0,1.81031746031746,network_default,0,0.0,none,0.5,2.5972222222222223,2.939455787522136,18.0,GBT,1,0.6595643387727961,0.6162966216343271,0.3404356612272039
ANWE|3A|1025|2026-06-16|2793,3A,ANWE,2026-06-16 09:55:00,2026-06-16,9.0,3.0,1.0,0.48333333333333334,1,1.81031746031746,network_default,0,0.0,none,0.6666666666666667,6.436666666666667,7.834187390118522,15.0,GBT,1,0.6595643387727961,0.6162966216343271,0.3404356612272039
ANWE|3A|1041|2026-06-16|2793,3A,ANWE,2026-06-16 13:55:00,2026-06-16,13.0,3.0,0.0,3.0166666666666666,0,1.81031746031746,network_default,0,0.0,none,0.5263157894736843,5.114035087719299,7.39419663821746,19.0,GBT,1,0.6595643387727961,0.6162966216343271,0.3404356612272039
ANWE|3A|1029|2026-06-16|2793,3A,ANWE,2026-06-16 10:55:00,2026-06-16,10.0,3.0,0.0,0.13333333333333333,1,1.81031746031746,network_default,0,0.0,none,0.625,6.064583333333334,7.713494368337243,16.0,GBT,1,0.6595643387727961,0.6162966216343271,0.3404356612272039
ANWE|3A|1045|2026-06-16|2793,3A,ANWE,2026-06-16 14:55:00,2026-06-16,14.0,3.0,0.0,3.466666666666667,0,1.81031746031746,network_default,0,0.0,none,0.55,5.009166666666667,7.212246884082592,20.0,GBT,1,0.6595643387727961,0.6162966216343271,0.3404356612272039
ANWE|3C|1035|2026-06-16|2789,3C,ANWE,2026-06-16 12:25:00,2026-06-16,12.0,3.0,0.0,2.683333333333333,0,1.81031746031746,network_default,0,0.0,none,0.55,2.9891666666666667,3.030923830947562,20.0,GBT,1,0.6595643387727961,0.6162966216343271,0.3404356612272039
ANWE|3A|1033|2026-06-16|2793,3A,ANWE,2026-06-16 11:55:00,2026-06-16,11.0,3.0,0.0,0.21666666666666667,1,1.81031746031746,network_default,0,0.0,none,0.5882352941176471,5.715686274509805,7.60583764879775,17.0,GBT,1,0.6595643387727961,0.6162966216343271,0.3404356612272039
ANWE|3A|1049|2026-06-16|2793,3A,ANWE,2026-06-16 15:55:00,2026-06-16,15.0,3.0,0.0,1.0166666666666666,1,1.81031746031746,network_default,0,0.0,none,0.5714285714285714,4.935714285714287,7.037682868581829,21.0,GBT,1,0.6595643387727961,0.6162966216343271,0.3404356612272039
ANWE|3C|1031|2026-06-16|2789,3C,ANWE,2026-06-16 11:25:00,2026-06-16,11.0,3.0,0.0,6.566666666666666,0,1.81031746031746,network_default,0,0.0,none,0.5263157894736843,2.800877192982456,2.9913892561168685,19.0,GBT,1,0.6595643387727961,0.6162966216343271,0.3404356612272039
ANWE|3A|1037|2026-06-16|2793,3A,ANWE,2026-06-16 12:55:00,2026-06-16,12.0,3.0,0.0,-0.21666666666666667,1,1.81031746031746,network_default,0,0.0,none,0.5555555555555556,5.4101851851851865,7.491719042519894,18.0,GBT,1,0.6595643387727961,0.6162966216343271,0.3404356612272039
ANWE|3C|1023|2026-06-16|2789,3C,ANWE,2026-06-16 09:25:00,2026-06-16,9.0,3.0,1.0,1.1,1,1.81031746031746,network_default,0,0.0,none,0.5294117647058824,2.6852941176470586,3.0053417856154083,17.0,GBT,1,0.6595643387727961,0.6162966216343271,0.3404356612272039
ANWE|61|1529|2026-07-14|3045,61,ANWE,2026-07-14 17:51:00,2026-07-14,17.0,3.0,1.0,-0.05,1,1.81031746031746,network_default,0,0.0,none,0.4807692307692307,27.086217948717945,42.95640488719112,104.0,GBT,1,0.6601347080325841,0.6152640722045044,0.3398652919674159
ANWE|61|1530|2026-07-14|3046,61,ANWE,2026-07-14 17:21:00,2026-07-14,17.0,3.0,1.0,9.483333333333333,0,1.81031746031746,network_default,0,0.0,none,0.47058823529411764,27.1516339869281,43.33055738187803,102.0,GBT,1,0.6601347080325841,0.6152640722045044,0.3398652919674159
ANWE|61|1527|2026-07-14|3052,61,ANWE,2026-07-14 17:01:00,2026-07-14,17.0,3.0,1.0,-0.26666666666666666,1,1.81031746031746,network_default,0,0.0,none,0.47,27.495166666666663,43.67228729183745,100.0,GBT,1,0.6601347080325841,0.6152640722045044,0.3398652919674159
ANWE|1|1117|2026-06-15|2795,1,ANWE,2026-06-15 16:36:00,2026-06-15,16.0,2.0,1.0,-0.9,1,1.81031746031746,network_default,1,7.0,roadworks,0.2962962962962963,1.69320987654321,3.1724682349003865,54.0,GBT,1,0.6607526718456412,0.6141453615238828,0.33924732815435876
ANWE|1|1115|2026-06-15|3178,1,ANWE,2026-06-15 16:24:00,2026-06-15,16.0,2.0,1.0,-1.0166666666666666,1,1.81031746031746,network_default,1,7.0,roadworks,0.30188679245283023,1.7443396226415095,3.180286069008402,53.0,GBT,1,0.6607526718456412,0.6141453615238828,0.33924732815435876
ANWE|79C|1086|2026-06-15|3046,79C,ANWE,2026-06-15 17:32:00,2026-06-15,17.0,2.0,1.0,0.9333333333333333,1,1.81031746031746,network_default,1,4.0,roadworks,0.47777777777777775,8.165370370370367,25.186407569674927,90.0,GBT,1,0.6668487819141609,0.6031094670268246,0.33315121808583914
ANWE|79C|1092|2026-06-15|3020,79C,ANWE,2026-06-15 18:52:00,2026-06-15,18.0,2.0,1.0,3.1333333333333333,0,1.81031746031746,network_default,1,4.0,roadworks,0.4742268041237113,7.815120274914086,24.306624668844826,97.0,GBT,1,0.6668487819141609,0.6031094670268246,0.33315121808583914
ANWE|79C|1091|2026-07-14|3044,79C,ANWE,2026-07-14 20:47:00,2026-07-14,20.0,3.0,0.0,-0.3,1,1.81031746031746,network_default,0,0.0,none,0.48562300319488816,17.30266240681576,32.47483405465645,313.0,GBT,1,0.6668725292162665,0.6030664768711873,0.3331274707837335
ANWE|79C|1087|2026-07-14|3001,79C,ANWE,2026-07-14 19:47:00,2026-07-14,19.0,3.0,0.0,0.13333333333333333,1,1.81031746031746,network_default,0,0.0,none,0.4901960784313726,17.33529411764706,32.61050064109064,306.0,GBT,1,0.6668725292162665,0.6030664768711873,0.3331274707837335
ANWE|110|1041|2026-06-15|3177,110,ANWE,2026-06-15 14:15:00,2026-06-15,14.0,2.0,0.0,0.2,1,1.81031746031746,network_default,0,0.0,none,0.4883720930232558,6.180232558139535,15.257206318773555,43.0,GBT,1,0.6672751663398766,0.602337575856144,0.3327248336601234
ANWE|110|1051|2026-06-15|3177,110,ANWE,2026-06-15 16:48:00,2026-06-15,16.0,2.0,1.0,-0.1,1,1.81031746031746,network_default,0,0.0,none,0.5094339622641509,5.661949685534591,13.821787882575974,53.0,GBT,1,0.6672751663398766,0.602337575856144,0.3327248336601234
ANWE|110|1043|2026-06-15|2968,110,ANWE,2026-06-15 14:45:00,2026-06-15,14.0,2.0,0.0,2.966666666666667,0,1.81031746031746,network_default,0,0.0,none,0.48888888888888893,6.081851851851852,14.935161558738965,45.0,GBT,1,0.6672751663398766,0.602337575856144,0.3327248336601234
ANWE|110|1045|2026-06-15|3163,110,ANWE,2026-06-15 15:15:00,2026-06-15,15.0,2.0,0.0,0.36666666666666664,1,1.81031746031746,network_default,0,0.0,none,0.5106382978723405,5.949290780141843,14.620697871488815,47.0,GBT,1,0.6672751663398766,0.602337575856144,0.3327248336601234
ANWE|110|1017|2026-06-15|3018,110,ANWE,2026-06-15 08:15:00,2026-06-15,8.0,2.0,1.0,5.083333333333333,0,1.81031746031746,network_default,0,0.0,none,0.5,12.010185185185186,22.416946305485848,18.0,GBT,1,0.6672751663398766,0.602337575856144,0.3327248336601234
ANWE|61|1502|2026-06-15|3101,61,ANWE,2026-06-15 03:26:00,2026-06-15,3.0,2.0,0.0,1.1,1,1.81031746031746,network_default,0,0.0,none,1.0,87.77083333333334,15.67752800218387,4.0,GBT,1,0.6675607329757636,0.6018206095891137,0.33243926702423643
ANWE|110|1007|2026-06-15|3018,110,ANWE,2026-06-15 05:30:00,2026-06-15,5.0,2.0,0.0,2.15,0,1.81031746031746,network_default,0,0.0,none,0.625,25.310416666666665,29.14047386817697,8.0,GBT,1,0.6679288404747568,0.6011542181564125,0.33207115952524324
ANWE|110|1009|2026-06-15|3077,110,ANWE,2026-06-15 05:59:00,2026-06-15,5.0,2.0,0.0,5.733333333333333,0,1.81031746031746,network_default,0,0.0,none,0.6,20.428333333333335,27.690120636504954,10.0,GBT,1,0.6679288404747568,0.6011542181564125,0.33207115952524324
ANWE|110|1003|2026-06-15|3177,110,ANWE,2026-06-15 04:20:00,2026-06-15,4.0,2.0,0.0,-0.6166666666666667,1,1.81031746031746,network_default,0,0.0,none,0.8,40.376666666666665,26.984024594810414,5.0,GBT,1,0.6679288404747568,0.6011542181564125,0.33207115952524324
ANWE|110|1005|2026-06-15|2968,110,ANWE,2026-06-15 04:50:00,2026-06-15,4.0,2.0,0.0,2.033333333333333,0,1.81031746031746,network_default,0,0.0,none,0.6666666666666667,33.544444444444444,29.369808130623355,6.0,GBT,1,0.6679288404747568,0.6011542181564125,0.33207115952524324
ANWE|2|1113|2026-07-14|3077,2,ANWE,2026-07-14 15:54:00,2026-07-14,15.0,3.0,0.0,9.366666666666667,0,1.81031746031746,network_default,0,0.0,none,0.19512195121951215,4.955962059620597,23.094892070639098,123.0,GBT,1,0.6687467350140002,0.5996735693913219,0.33125326498599983
ANWE|20|1003|2026-07-14|3049,20,ANWE,2026-07-14 21:45:00,2026-07-14,21.0,3.0,0.0,3.0833333333333335,0,1.81031746031746,network_default,0,0.0,none,0.625,12.922916666666667,21.03421614912085,8.0,GBT,1,0.6699679190232721,0.5974628386570764,0.33003208097672787
ANWE|79C|1007|0001-01-01|3164,79C,ANWE,2026-06-16 06:02:00,2026-06-16,6.0,3.0,0.0,13.583333333333334,0,1.81031746031746,network_default,0,0.0,none,0.40800000000000003,6.6721333333333295,21.76282989699289,125.0,GBT,1,0.6700850291592115,0.5972508321332051,0.32991497084078847
ANWE|79C|1083|2026-06-15|3042,79C,ANWE,2026-06-15 19:00:00,2026-06-15,19.0,2.0,0.0,7.95,0,1.81031746031746,network_default,1,4.0,roadworks,0.47959183673469385,7.767346938775506,24.185632552897516,98.0,GBT,1,0.6701109899428529,0.5972038348732956,0.3298890100571471
ANWE|110|1042|2026-07-14|3203,110,ANWE,2026-07-14 15:25:00,2026-07-14,15.0,3.0,0.0,38.35,0,1.81031746031746,network_default,0,0.0,none,0.4078947368421053,7.3901315789473685,16.9476517694239,152.0,GBT,1,0.6720613665477061,0.5936730340513352,0.3279386334522939
ANWE|X4|1022|2026-06-15|2793,X4,ANWE,2026-06-15 15:25:00,2026-06-15,15.0,2.0,0.0,0.4166666666666667,1,1.81031746031746,network_default,1,7.0,specialEvent,0.36363636363636365,1.6621212121212119,2.4982860887883476,22.0,GBT,1,0.6742275053983786,0.5897516350684907,0.3257724946016214
ANWE|3C|1019|2026-06-16|2789,3C,ANWE,2026-06-16 08:25:00,2026-06-16,8.0,3.0,1.0,2.533333333333333,0,1.81031746031746,network_default,0,0.0,none,0.5,2.6947916666666667,3.103640149232176,16.0,GBT,1,0.6747106061816962,0.5888770692853579,0.3252893938183038
ANWE|3C|1015|2026-06-16|2789,3C,ANWE,2026-06-16 07:25:00,2026-06-16,7.0,3.0,1.0,1.9666666666666666,1,1.81031746031746,network_default,0,0.0,none,0.5333333333333333,2.743333333333333,3.206279800443211,15.0,GBT,1,0.6747106061816962,0.5888770692853579,0.3252893938183038
ANWE|110|1011|2026-06-15|3177,110,ANWE,2026-06-15 06:43:00,2026-06-15,6.0,2.0,0.0,-0.9,1,1.81031746031746,network_default,0,0.0,none,0.5833333333333333,17.477777777777778,26.00897022157033,12.0,GBT,1,0.6750453654098238,0.588271048809676,0.32495463459017615
ANWE|X4|1020|2026-06-15|2789,X4,ANWE,2026-06-15 14:23:00,2026-06-15,14.0,2.0,0.0,-0.06666666666666667,1,1.81031746031746,network_default,1,7.0,specialEvent,0.4,1.8483333333333334,2.5485398869854,20.0,GBT,1,0.675409655951659,0.5876115672811633,0.324590344048341
ANWE|110|1046|2026-06-15|3163,110,ANWE,2026-06-15 16:30:00,2026-06-15,16.0,2.0,1.0,0.5333333333333333,1,1.81031746031746,network_default,0,0.0,none,0.5192307692307692,5.760576923076922,13.937793258771276,52.0,GBT,1,0.6756364022014665,0.5872010845860753,0.3243635977985335
ANWE|82A|1054|2026-06-16|3043,82A,ANWE,2026-06-16 17:42:00,2026-06-16,17.0,3.0,1.0,2.05,0,1.81031746031746,network_default,0,0.0,none,0.30612244897959184,11.89659863945578,29.944189203291586,147.0,GBT,1,0.6760725156442022,0.5864115808060116,0.32392748435579777
ANWE|3C|1047|2026-06-16|2789,3C,ANWE,2026-06-16 15:25:00,2026-06-16,15.0,3.0,0.0,7.116666666666666,0,1.81031746031746,network_default,0,0.0,none,0.6086956521739131,3.491304347826086,3.3262761262120915,23.0,GBT,1,0.6772432197017518,0.5842922348097651,0.32275678029824817
ANWE|82A|5021|2026-07-12|3051,82A,ANWE,2026-07-12 08:56:00,2026-07-12,8.0,1.0,1.0,0.3333333333333333,1,1.81031746031746,network_default,0,0.0,none,0.3620689655172413,17.13122605363984,35.199550624850005,174.0,GBT,1,0.6775807534578613,0.5836811915576335,0.3224192465421387
ANWE|110|1057|2026-07-14|2968,110,ANWE,2026-07-14 18:52:00,2026-07-14,18.0,3.0,1.0,0.36666666666666664,1,1.81031746031746,network_default,0,0.0,none,0.42690058479532167,7.94795321637427,17.099142967718535,171.0,GBT,1,0.6776225388006306,0.5836055468220329,0.3223774611993694
ANWE|79C|1035|2026-06-16|3104,79C,ANWE,2026-06-16 10:53:00,2026-06-16,10.0,3.0,0.0,0.21666666666666667,1,1.81031746031746,network_default,0,0.0,none,0.38125,6.743020833333328,21.292764464954054,160.0,GBT,1,0.6784499144269778,0.5821077342794155,0.3215500855730222
ANWE|79C|1043|2026-06-16|3077,79C,ANWE,2026-06-16 12:13:00,2026-06-16,12.0,3.0,0.0,-0.4,1,1.81031746031746,network_default,0,0.0,none,0.375,6.47926587301587,20.814163675353463,168.0,GBT,1,0.6784499144269778,0.5821077342794155,0.3215500855730222
ANWE|79C|1027|2026-06-16|3106,79C,ANWE,2026-06-16 09:33:00,2026-06-16,9.0,3.0,1.0,2.35,0,1.81031746031746,network_default,0,0.0,none,0.3841059602649006,6.623730684326705,21.309056971772463,151.0,GBT,1,0.6784499144269778,0.5821077342794155,0.3215500855730222
ANWE|79C|1025|2026-06-16|2795,79C,ANWE,2026-06-16 09:13:00,2026-06-16,9.0,3.0,1.0,2.5833333333333335,0,1.81031746031746,network_default,0,0.0,none,0.3783783783783784,6.335923423423417,21.05909222891176,148.0,GBT,1,0.6784499144269778,0.5821077342794155,0.3215500855730222
ANWE|79C|1041|2026-06-16|3053,79C,ANWE,2026-06-16 11:53:00,2026-06-16,11.0,3.0,0.0,0.13333333333333333,1,1.81031746031746,network_default,0,0.0,none,0.37951807228915657,6.553714859437747,20.92873464707385,166.0,GBT,1,0.6784499144269778,0.5821077342794155,0.3215500855730222
ANWE|79C|1045|2026-06-16|3105,79C,ANWE,2026-06-16 12:33:00,2026-06-16,12.0,3.0,0.0,-0.16666666666666666,1,1.81031746031746,network_default,0,0.0,none,0.37058823529411766,6.406666666666664,20.70153921422907,170.0,GBT,1,0.6784499144269778,0.5821077342794155,0.3215500855730222
ANWE|79C|1033|2026-06-16|3001,79C,ANWE,2026-06-16 10:33:00,2026-06-16,10.0,3.0,0.0,-0.016666666666666666,1,1.81031746031746,network_default,0,0.0,none,0.38607594936708856,6.82183544303797,21.416200760081207,158.0,GBT,1,0.6784499144269778,0.5821077342794155,0.3215500855730222
ANWE|79C|1037|2026-06-16|3018,79C,ANWE,2026-06-16 11:13:00,2026-06-16,11.0,3.0,0.0,5.9,0,1.81031746031746,network_default,0,0.0,none,0.3765432098765432,6.663580246913576,21.172100769842324,162.0,GBT,1,0.6784499144269778,0.5821077342794155,0.3215500855730222
ANWE|79C|1031|2026-06-16|3049,79C,ANWE,2026-06-16 10:13:00,2026-06-16,10.0,3.0,0.0,-0.016666666666666666,1,1.81031746031746,network_default,0,0.0,none,0.3910256410256411,6.9101495726495665,21.539535923299354,156.0,GBT,1,0.6784499144269778,0.5821077342794155,0.3215500855730222
ANWE|79C|1039|2026-06-16|3050,79C,ANWE,2026-06-16 11:33:00,2026-06-16,11.0,3.0,0.0,0.16666666666666666,1,1.81031746031746,network_default,0,0.0,none,0.3780487804878049,6.620325203252029,21.04769084420293,164.0,GBT,1,0.6784499144269778,0.5821077342794155,0.3215500855730222
ANWE|1|1047|2026-06-15|3178,1,ANWE,2026-06-15 09:36:00,2026-06-15,9.0,2.0,1.0,-0.3333333333333333,1,1.81031746031746,network_default,1,5.0,roadworks,0.26315789473684215,1.7596491228070175,3.942124966659673,19.0,GBT,1,0.6787632480221562,0.5815405010011601,0.32123675197784385
ANWE|1|1039|2026-06-15|3178,1,ANWE,2026-06-15 08:48:00,2026-06-15,8.0,2.0,1.0,2.2,0,1.81031746031746,network_default,1,5.0,roadworks,0.2666666666666667,2.02,4.404233172899663,15.0,GBT,1,0.6787632480221562,0.5815405010011601,0.32123675197784385
ANWE|1|1041|2026-06-15|2795,1,ANWE,2026-06-15 09:00:00,2026-06-15,9.0,2.0,1.0,-0.35,1,1.81031746031746,network_default,1,5.0,roadworks,0.3125,2.03125,4.2551314337536645,16.0,GBT,1,0.6787632480221562,0.5815405010011601,0.32123675197784385
ANWE|1|1045|2026-06-15|2795,1,ANWE,2026-06-15 09:24:00,2026-06-15,9.0,2.0,1.0,0.6833333333333333,1,1.81031746031746,network_default,1,5.0,roadworks,0.2777777777777778,1.8194444444444444,4.047537175807342,18.0,GBT,1,0.6787632480221562,0.5815405010011601,0.32123675197784385
ANWE|79C|1074|2026-06-15|3001,79C,ANWE,2026-06-15 15:31:00,2026-06-15,15.0,2.0,0.0,1.8333333333333333,1,1.81031746031746,network_default,1,4.0,roadworks,0.4871794871794872,10.39166666666666,22.92486295772761,78.0,GBT,1,0.6788751538851665,0.5813379158634405,0.3211248461148335
ANWE|X4|1013|2026-06-15|2789,X4,ANWE,2026-06-15 09:46:00,2026-06-15,9.0,2.0,1.0,1.4666666666666666,1,1.81031746031746,network_default,1,7.0,specialEvent,0.5454545454545454,2.1954545454545458,3.127291079344789,11.0,GBT,1,0.6790986534457726,0.5809333107065021,0.3209013465542274
ANWE|X4|1015|2026-06-15|2793,X4,ANWE,2026-06-15 10:46:00,2026-06-15,10.0,2.0,0.0,1.4,1,1.81031746031746,network_default,1,7.0,specialEvent,0.46153846153846156,1.9743589743589745,2.919733430442461,13.0,GBT,1,0.6790986534457726,0.5809333107065021,0.3209013465542274
ANWE|82A|5023|2026-07-12|3038,82A,ANWE,2026-07-12 09:25:00,2026-07-12,9.0,1.0,1.0,0.9833333333333333,1,1.81031746031746,network_default,0,0.0,none,0.3579545454545454,16.937405303030296,35.044771239955644,176.0,GBT,1,0.6791247131679605,0.5808861343364142,0.3208752868320395
ANWE|110|1027|2026-06-15|3018,110,ANWE,2026-06-15 10:45:00,2026-06-15,10.0,2.0,0.0,-0.05,1,1.81031746031746,network_default,0,0.0,none,0.5357142857142857,8.508333333333335,18.46528301853867,28.0,GBT,1,0.6802433677351365,0.5788610144413917,0.3197566322648635
ANWE|110|1033|2026-06-15|2968,110,ANWE,2026-06-15 12:15:00,2026-06-15,12.0,2.0,0.0,0.16666666666666666,1,1.81031746031746,network_default,0,0.0,none,0.5294117647058824,7.6039215686274515,16.909374234939364,34.0,GBT,1,0.6802433677351365,0.5788610144413917,0.3197566322648635
ANWE|110|1022|2026-06-15|3177,110,ANWE,2026-06-15 10:25:00,2026-06-15,10.0,2.0,0.0,5.05,0,1.81031746031746,network_default,0,0.0,none,0.5185185185185186,8.63641975308642,18.80435428584638,27.0,GBT,1,0.6802433677351365,0.5788610144413917,0.3197566322648635
ANWE|110|1024|2026-06-15|2968,110,ANWE,2026-06-15 10:55:00,2026-06-15,10.0,2.0,0.0,10.4,0,1.81031746031746,network_default,0,0.0,none,0.5172413793103448,8.213218390804597,18.20205998464814,29.0,GBT,1,0.6802433677351365,0.5788610144413917,0.3197566322648635
ANWE|110|1054|2026-06-15|2968,110,ANWE,2026-06-15 18:45:00,2026-06-15,18.0,2.0,1.0,0.5666666666666667,1,1.81031746031746,network_default,0,0.0,none,0.4915254237288136,5.2641242937853105,13.161414569232742,59.0,GBT,1,0.6802433677351365,0.5788610144413917,0.3197566322648635
ANWE|110|1044|2026-06-15|2968,110,ANWE,2026-06-15 15:55:00,2026-06-15,15.0,2.0,0.0,0.95,1,1.81031746031746,network_default,0,0.0,none,0.52,5.920333333333333,14.19460482046155,50.0,GBT,1,0.6802433677351365,0.5788610144413917,0.3197566322648635
ANWE|110|1018|2026-06-15|3018,110,ANWE,2026-06-15 09:25:00,2026-06-15,9.0,2.0,1.0,-0.1,1,1.81031746031746,network_default,0,0.0,none,0.5652173913043479,9.936231884057971,20.126981144831227,23.0,GBT,1,0.6802433677351365,0.5788610144413917,0.3197566322648635
ANWE|110|1034|2026-06-15|2968,110,ANWE,2026-06-15 13:30:00,2026-06-15,13.0,2.0,0.0,-0.31666666666666665,1,1.81031746031746,network_default,0,0.0,none,0.5,6.595416666666667,15.749148662153807,40.0,GBT,1,0.6802433677351365,0.5788610144413917,0.3197566322648635
ANWE|110|1012|2026-06-15|3177,110,ANWE,2026-06-15 07:55:00,2026-06-15,7.0,2.0,1.0,5.066666666666666,0,1.81031746031746,network_default,0,0.0,none,0.47058823529411764,12.418627450980393,23.037717324555917,17.0,GBT,1,0.6802433677351365,0.5788610144413917,0.3197566322648635
ANWE|110|1038|2026-06-15|3018,110,ANWE,2026-06-15 14:25:00,2026-06-15,14.0,2.0,0.0,7.733333333333333,0,1.81031746031746,network_default,0,0.0,none,0.4772727272727273,6.0443181818181815,15.105681094644439,44.0,GBT,1,0.6802433677351365,0.5788610144413917,0.3197566322648635
ANWE|110|1049|2026-06-15|3077,110,ANWE,2026-06-15 16:18:00,2026-06-15,16.0,2.0,1.0,2.5833333333333335,0,1.81031746031746,network_default,0,0.0,none,0.5098039215686274,5.822875816993464,14.069167218813513,51.0,GBT,1,0.6802433677351365,0.5788610144413917,0.3197566322648635
ANWE|110|1019|2026-06-15|3077,110,ANWE,2026-06-15 08:45:00,2026-06-15,8.0,2.0,1.0,-0.03333333333333333,1,1.81031746031746,network_default,0,0.0,none,0.55,11.179166666666667,21.36273801019892,20.0,GBT,1,0.6802433677351365,0.5788610144413917,0.3197566322648635
ANWE|110|1036|2026-06-15|3163,110,ANWE,2026-06-15 14:00:00,2026-06-15,14.0,2.0,0.0,-0.15,1,1.81031746031746,network_default,0,0.0,none,0.5,6.330952380952381,15.409715449551932,42.0,GBT,1,0.6802433677351365,0.5788610144413917,0.3197566322648635
ANWE|110|1023|2026-06-15|2968,110,ANWE,2026-06-15 09:45:00,2026-06-15,9.0,2.0,1.0,-0.05,1,1.81031746031746,network_default,0,0.0,none,0.5416666666666667,9.518055555555556,19.790892916479592,24.0,GBT,1,0.6802433677351365,0.5788610144413917,0.3197566322648635
ANWE|110|1039|2026-06-15|3077,110,ANWE,2026-06-15 13:45:00,2026-06-15,13.0,2.0,0.0,2.4,0,1.81031746031746,network_default,0,0.0,none,0.4878048780487805,6.426829268292683,15.588459886709988,41.0,GBT,1,0.6802433677351365,0.5788610144413917,0.3197566322648635
ANWE|110|1037|2026-06-15|3018,110,ANWE,2026-06-15 13:15:00,2026-06-15,13.0,2.0,0.0,0.18333333333333332,1,1.81031746031746,network_default,0,0.0,none,0.5128205128205128,6.75982905982906,15.92021441032109,39.0,GBT,1,0.6802433677351365,0.5788610144413917,0.3197566322648635
ANWE|110|1025|2026-06-15|3163,110,ANWE,2026-06-15 10:15:00,2026-06-15,10.0,2.0,0.0,-0.16666666666666666,1,1.81031746031746,network_default,0,0.0,none,0.5384615384615384,8.975,19.09263979769284,26.0,GBT,1,0.6802433677351365,0.5788610144413917,0.3197566322648635
ANWE|110|1050|2026-06-15|3077,110,ANWE,2026-06-15 17:35:00,2026-06-15,17.0,2.0,1.0,0.35,1,1.81031746031746,network_default,0,0.0,none,0.4821428571428571,5.365178571428571,13.498423879855741,56.0,GBT,1,0.6802433677351365,0.5788610144413917,0.3197566322648635
ANWE|110|1029|2026-06-15|3077,110,ANWE,2026-06-15 11:15:00,2026-06-15,11.0,2.0,0.0,0.016666666666666666,1,1.81031746031746,network_default,0,0.0,none,0.5333333333333333,8.286111111111111,17.8899338567025,30.0,GBT,1,0.6802433677351365,0.5788610144413917,0.3197566322648635
ANWE|110|1028|2026-06-15|3018,110,ANWE,2026-06-15 11:55:00,2026-06-15,11.0,2.0,0.0,0.0,1,1.81031746031746,network_default,0,0.0,none,0.5454545454545454,7.8343434343434355,17.117258458709326,33.0,GBT,1,0.6802433677351365,0.5788610144413917,0.3197566322648635
ANWE|110|1015|2026-06-15|3163,110,ANWE,2026-06-15 07:45:00,2026-06-15,7.0,2.0,1.0,0.18333333333333332,1,1.81031746031746,network_default,0,0.0,none,0.5,13.183333333333334,23.56936413919404,16.0,GBT,1,0.6802433677351365,0.5788610144413917,0.3197566322648635
ANWE|79C|1011|2026-06-15|3203,79C,ANWE,2026-06-15 06:45:00,2026-06-15,6.0,2.0,0.0,-0.45,1,1.81031746031746,network_default,1,2.0,roadworks,0.625,24.461805555555557,36.48985911643615,24.0,GBT,1,0.6809298471112424,0.5776182688406793,0.3190701528887576
ANWE|1|1095|2026-06-15|3178,1,ANWE,2026-06-15 14:24:00,2026-06-15,14.0,2.0,0.0,4.066666666666666,0,1.81031746031746,network_default,1,7.0,roadworks,0.2790697674418605,1.516279069767442,2.9574976203260137,43.0,GBT,1,0.6810380363438044,0.5774224119839539,0.31896196365619556
ANWE|1|1077|2026-06-15|2795,1,ANWE,2026-06-15 12:36:00,2026-06-15,12.0,2.0,0.0,-1.1666666666666667,1,1.81031746031746,network_default,1,7.0,roadworks,0.2647058823529411,1.5362745098039217,3.1696303796988197,34.0,GBT,1,0.6810380363438044,0.5774224119839539,0.31896196365619556
ANWE|1|1109|2026-06-15|2795,1,ANWE,2026-06-15 15:48:00,2026-06-15,15.0,2.0,0.0,0.2,1,1.81031746031746,network_default,1,7.0,roadworks,0.31999999999999995,1.8253333333333333,3.2576897340950253,50.0,GBT,1,0.6810380363438044,0.5774224119839539,0.31896196365619556
ANWE|1|1097|2026-06-15|2795,1,ANWE,2026-06-15 14:36:00,2026-06-15,14.0,2.0,0.0,-0.5666666666666667,1,1.81031746031746,network_default,1,7.0,roadworks,0.2954545454545454,1.5742424242424242,2.9480853825945896,44.0,GBT,1,0.6810380363438044,0.5774224119839539,0.31896196365619556
ANWE|1|1105|2026-06-15|2795,1,ANWE,2026-06-15 15:24:00,2026-06-15,15.0,2.0,0.0,-1.2,1,1.81031746031746,network_default,1,7.0,roadworks,0.3125,1.8322916666666667,3.273414304457784,48.0,GBT,1,0.6810380363438044,0.5774224119839539,0.31896196365619556
ANWE|1|1099|2026-06-15|3178,1,ANWE,2026-06-15 14:48:00,2026-06-15,14.0,2.0,0.0,10.016666666666667,0,1.81031746031746,network_default,1,7.0,roadworks,0.28888888888888886,1.5266666666666668,2.9318143449978806,45.0,GBT,1,0.6810380363438044,0.5774224119839539,0.31896196365619556
ANWE|1|1087|2026-06-15|3178,1,ANWE,2026-06-15 13:36:00,2026-06-15,13.0,2.0,0.0,3.8666666666666667,0,1.81031746031746,network_default,1,7.0,roadworks,0.2564102564102564,1.4500000000000002,3.0077264052195587,39.0,GBT,1,0.6810380363438044,0.5774224119839539,0.31896196365619556
ANWE|1|1101|2026-06-15|2795,1,ANWE,2026-06-15 15:00:00,2026-06-15,15.0,2.0,0.0,0.21666666666666667,1,1.81031746031746,network_default,1,7.0,roadworks,0.30434782608695654,1.711231884057971,3.1577653732413835,46.0,GBT,1,0.6810380363438044,0.5774224119839539,0.31896196365619556
ANWE|1|1091|2026-06-15|3178,1,ANWE,2026-06-15 14:00:00,2026-06-15,14.0,2.0,0.0,5.016666666666667,0,1.81031746031746,network_default,1,7.0,roadworks,0.2682926829268293,1.4609756097560977,2.9726545604057923,41.0,GBT,1,0.6810380363438044,0.5774224119839539,0.31896196365619556
ANWE|1|1089|2026-06-15|2795,1,ANWE,2026-06-15 13:48:00,2026-06-15,13.0,2.0,0.0,-0.5166666666666667,1,1.81031746031746,network_default,1,7.0,roadworks,0.275,1.5104166666666667,2.9934036870931946,40.0,GBT,1,0.6810380363438044,0.5774224119839539,0.31896196365619556
ANWE|1|1085|2026-06-15|2795,1,ANWE,2026-06-15 13:24:00,2026-06-15,13.0,2.0,0.0,0.8,1,1.81031746031746,network_default,1,7.0,roadworks,0.26315789473684215,1.467105263157895,3.0461773584495546,38.0,GBT,1,0.6810380363438044,0.5774224119839539,0.31896196365619556
ANWE|1|1093|2026-06-15|2795,1,ANWE,2026-06-15 14:12:00,2026-06-15,14.0,2.0,0.0,0.2833333333333333,1,1.81031746031746,network_default,1,7.0,roadworks,0.2857142857142857,1.5456349206349207,2.9869999712480584,42.0,GBT,1,0.6810380363438044,0.5774224119839539,0.31896196365619556
ANWE|1|1073|2026-06-16|3163,1,ANWE,2026-06-16 12:12:00,2026-06-16,12.0,3.0,0.0,0.13333333333333333,1,1.81031746031746,network_default,1,2.0,roadworks,0.25555555555555554,1.7946296296296298,4.190434702374865,90.0,GBT,1,0.6814085736089668,0.5767516219031323,0.3185914263910332
ANWE|82A|1008|2026-06-15|3138,82A,ANWE,2026-06-15 06:12:00,2026-06-15,6.0,2.0,0.0,0.016666666666666666,1,1.81031746031746,network_default,1,3.0,roadClosed,0.5263157894736843,52.55175438596491,56.336508209552385,19.0,GBT,1,0.682310300645997,0.5751192097035562,0.31768969935400304
ANWE|82A|1010|2026-06-15|3162,82A,ANWE,2026-06-15 06:42:00,2026-06-15,6.0,2.0,0.0,-0.38333333333333336,1,1.81031746031746,network_default,1,3.0,roadClosed,0.4545454545454546,45.38636363636363,55.32682755700752,22.0,GBT,1,0.683476890189881,0.5730073122832392,0.316523109810119
ANWE|X30|1005|2026-06-15|3161,X30,ANWE,2026-06-15 05:59:00,2026-06-15,5.0,2.0,0.0,0.4,1,1.81031746031746,network_default,1,3.0,roadClosed,0.5714285714285714,38.02857142857143,46.31113248521885,7.0,GBT,1,0.683476890189881,0.5730073122832392,0.316523109810119
ANWE|79C|1086|2026-06-16|3053,79C,ANWE,2026-06-16 17:32:00,2026-06-16,17.0,3.0,1.0,-0.06666666666666667,1,1.81031746031746,network_default,1,1.0,unknown,0.4019607843137255,6.879166666666662,20.42682402908394,204.0,GBT,1,0.6839536967939517,0.5721441409626954,0.3160463032060483
ANWE|79C|1070|2026-06-16|2795,79C,ANWE,2026-06-16 14:43:00,2026-06-16,14.0,3.0,0.0,5.616666666666666,0,1.81031746031746,network_default,1,1.0,unknown,0.3870967741935484,6.697132616487452,20.79119105215722,186.0,GBT,1,0.6839536967939517,0.5721441409626954,0.3160463032060483
ANWE|79C|1060|2026-06-16|3018,79C,ANWE,2026-06-16 12:56:00,2026-06-16,12.0,3.0,0.0,6.966666666666667,0,1.81031746031746,network_default,0,0.0,none,0.36994219653179194,6.311946050096335,20.533592612683137,173.0,GBT,1,0.6839536967939517,0.5721441409626954,0.3160463032060483
ANWE|79C|1064|2026-06-16|3053,79C,ANWE,2026-06-16 13:36:00,2026-06-16,13.0,3.0,0.0,0.016666666666666666,1,1.81031746031746,network_default,0,0.0,none,0.3764044943820225,6.2802434456928795,20.261638401484884,178.0,GBT,1,0.6839536967939517,0.5721441409626954,0.3160463032060483
ANWE|X30|1017|2026-06-15|3161,X30,ANWE,2026-06-15 12:32:00,2026-06-15,12.0,2.0,0.0,2.7333333333333334,0,1.81031746031746,network_default,1,9.0,roadworks,0.4285714285714286,16.567460317460316,31.33350863257279,21.0,GBT,1,0.6863210745492092,0.5678584356771855,0.3136789254507908
ANWE|20A|1001|2026-06-16|2788,20A,ANWE,2026-06-16 17:50:00,2026-06-16,17.0,3.0,1.0,4.75,0,1.81031746031746,network_default,0,0.0,none,0.33333333333333337,3.6944444444444446,5.706534590891133,3.0,GBT,1,0.6881816195524246,0.5644902585721582,0.31181838044757537
ANWE|X4|1016|2026-06-15|2793,X4,ANWE,2026-06-15 12:18:00,2026-06-15,12.0,2.0,0.0,-0.43333333333333335,1,1.81031746031746,network_default,1,7.0,specialEvent,0.4375,1.9604166666666667,2.6795582485565426,16.0,GBT,1,0.6889553695826984,0.5630895253824324,0.31104463041730157
ANWE|1|1031|2026-06-15|3178,1,ANWE,2026-06-15 08:00:00,2026-06-15,8.0,2.0,1.0,-0.016666666666666666,1,1.81031746031746,network_default,1,5.0,roadworks,0.36363636363636365,2.4969696969696966,5.110049022279631,11.0,GBT,1,0.6889904217983085,0.5630260697444907,0.3110095782016915
ANWE|79C|1047|2026-06-15|3136,79C,ANWE,2026-06-15 12:53:00,2026-06-15,12.0,2.0,0.0,6.916666666666667,0,1.81031746031746,network_default,1,4.0,roadworks,0.4516129032258065,11.37096774193548,25.47326627062946,62.0,GBT,1,0.689063614597593,0.5628935675419764,0.310936385402407
ANWE|79C|1052|2026-06-15|3001,79C,ANWE,2026-06-15 11:41:00,2026-06-15,11.0,2.0,0.0,3.9833333333333334,0,1.81031746031746,network_default,1,4.0,roadworks,0.4545454545454546,12.378484848484844,26.877275513337054,55.0,GBT,1,0.6896590294252134,0.5618156776834033,0.3103409705747866
ANWE|3C|1051|2026-06-15|3041,3C,ANWE,2026-06-15 16:25:00,2026-06-15,16.0,2.0,1.0,0.6833333333333333,1,1.81031746031746,network_default,0,0.0,none,0.6666666666666667,3.369444444444445,3.304074874213775,12.0,GBT,1,0.6911793142360896,0.5590634795456187,0.3088206857639104
ANWE|X4|1014|2026-06-15|2789,X4,ANWE,2026-06-15 11:17:00,2026-06-15,11.0,2.0,0.0,0.5666666666666667,1,1.81031746031746,network_default,1,7.0,specialEvent,0.4285714285714286,1.9333333333333333,2.809385977869465,14.0,GBT,1,0.6912257333263923,0.5589794462559518,0.30877426667360774
ANWE|82A|1056|2026-06-16|3045,82A,ANWE,2026-06-16 18:12:00,2026-06-16,18.0,3.0,1.0,0.36666666666666664,1,1.81031746031746,network_default,0,0.0,none,0.31543624161073824,11.764317673378073,29.76293546347379,149.0,GBT,1,0.6914516301892425,0.558570501220903,0.3085483698107575
ANWE|2|1027|2026-06-15|3105,2,ANWE,2026-06-15 07:18:00,2026-06-15,7.0,2.0,1.0,-0.5,1,1.81031746031746,network_default,0,0.0,none,0.4,5.053333333333333,9.047040304519756,10.0,GBT,1,0.692052700044415,0.5574823739672138,0.307947299955585
ANWE|X30|1024|2026-06-15|2794,X30,ANWE,2026-06-15 16:27:00,2026-06-15,16.0,2.0,1.0,5.933333333333334,0,1.81031746031746,network_default,1,9.0,roadworks,0.3571428571428571,12.702976190476193,27.8180153212075,28.0,GBT,1,0.692381778051802,0.5568866383046346,0.307618221948198
ANWE|79C|1021|2026-06-16|3077,79C,ANWE,2026-06-16 08:33:00,2026-06-16,8.0,3.0,1.0,-0.1,1,1.81031746031746,network_default,0,0.0,none,0.38888888888888884,6.517476851851846,21.322773950103183,144.0,GBT,1,0.6931468544632319,0.555501607118546,0.3068531455367681
ANWE|79C|1019|2026-06-16|3053,79C,ANWE,2026-06-16 08:13:00,2026-06-16,8.0,3.0,1.0,-0.06666666666666667,1,1.81031746031746,network_default,0,0.0,none,0.3943661971830986,6.6063380281690085,21.460105722886997,142.0,GBT,1,0.6931468544632319,0.555501607118546,0.3068531455367681
ANWE|79C|1082|2026-06-15|3164,79C,ANWE,2026-06-15 16:55:00,2026-06-15,16.0,2.0,1.0,0.5666666666666667,1,1.81031746031746,network_default,1,4.0,roadworks,0.4651162790697675,8.217635658914723,25.74136397534997,86.0,GBT,1,0.6959016469873527,0.5505145581125781,0.3040983530126473
ANWE|79C|1088|2026-06-15|3206,79C,ANWE,2026-06-15 17:52:00,2026-06-15,17.0,2.0,1.0,0.9666666666666667,1,1.81031746031746,network_default,1,4.0,roadworks,0.4782608695652174,8.128985507246371,24.922931130811868,92.0,GBT,1,0.6959016469873527,0.5505145581125781,0.3040983530126473
ANWE|79C|1084|2026-06-16|3050,79C,ANWE,2026-06-16 17:15:00,2026-06-16,17.0,3.0,1.0,9.1,0,1.81031746031746,network_default,1,1.0,unknown,0.39603960396039606,6.805363036303627,20.507951176950176,202.0,GBT,1,0.6972259493962019,0.548117150339098,0.30277405060379814
ANWE|79C|1078|2026-06-16|3001,79C,ANWE,2026-06-16 16:12:00,2026-06-16,16.0,3.0,1.0,0.75,1,1.81031746031746,network_default,1,1.0,unknown,0.40512820512820513,6.981282051282047,20.842888085461208,195.0,GBT,1,0.6972259493962019,0.548117150339098,0.30277405060379814
ANWE|79C|1092|2026-06-16|3106,79C,ANWE,2026-06-16 18:52:00,2026-06-16,18.0,3.0,1.0,0.06666666666666667,1,1.81031746031746,network_default,0,0.0,none,0.3981042654028436,6.678672985781986,20.113702932032545,211.0,GBT,1,0.6972259493962019,0.548117150339098,0.30277405060379814
ANWE|82A|1061|2026-06-15|3138,82A,ANWE,2026-06-15 17:27:00,2026-06-15,17.0,2.0,1.0,1.0833333333333333,1,1.81031746031746,network_default,1,3.0,roadClosed,0.4626865671641791,19.577611940298507,39.62049383317303,67.0,GBT,1,0.697966002656612,0.5467774190002126,0.302033997343388
ANWE|82A|1055|2026-06-15|3106,82A,ANWE,2026-06-15 15:57:00,2026-06-15,15.0,2.0,0.0,1.0333333333333334,1,1.81031746031746,network_default,1,3.0,roadClosed,0.4590163934426229,20.99180327868853,41.19858542417747,61.0,GBT,1,0.697966002656612,0.5467774190002126,0.302033997343388
ANWE|1|1059|2026-06-15|3178,1,ANWE,2026-06-15 10:48:00,2026-06-15,10.0,2.0,0.0,4.3,0,1.81031746031746,network_default,1,5.0,roadworks,0.19999999999999996,1.3279999999999998,3.5186300469653533,25.0,GBT,1,0.6984631346330292,0.5458774523032224,0.3015368653669708
ANWE|1|1065|2026-06-15|2795,1,ANWE,2026-06-15 11:24:00,2026-06-15,11.0,2.0,0.0,1.1666666666666667,1,1.81031746031746,network_default,1,7.0,roadworks,0.25,1.538095238095238,3.4695852420585718,28.0,GBT,1,0.6984631346330292,0.5458774523032224,0.3015368653669708
ANWE|1|1061|2026-06-15|2795,1,ANWE,2026-06-15 11:00:00,2026-06-15,11.0,2.0,0.0,-0.05,1,1.81031746031746,network_default,1,5.0,roadworks,0.23076923076923073,1.442307692307692,3.496462436899554,26.0,GBT,1,0.6984631346330292,0.5458774523032224,0.3015368653669708
ANWE|1|1069|2026-06-15|2795,1,ANWE,2026-06-15 11:48:00,2026-06-15,11.0,2.0,0.0,0.18333333333333332,1,1.81031746031746,network_default,1,7.0,roadworks,0.23333333333333328,1.5233333333333332,3.3485102766449635,30.0,GBT,1,0.6984631346330292,0.5458774523032224,0.3015368653669708
ANWE|1|1055|2026-06-15|3178,1,ANWE,2026-06-15 10:24:00,2026-06-15,10.0,2.0,0.0,1.0666666666666667,1,1.81031746031746,network_default,1,5.0,roadworks,0.21739130434782605,1.4391304347826084,3.640181927048621,23.0,GBT,1,0.6984631346330292,0.5458774523032224,0.3015368653669708
ANWE|1|1053|2026-06-15|2795,1,ANWE,2026-06-15 10:12:00,2026-06-15,10.0,2.0,0.0,0.5166666666666667,1,1.81031746031746,network_default,1,5.0,roadworks,0.2272727272727273,1.4810606060606057,3.720155652766168,22.0,GBT,1,0.6984631346330292,0.5458774523032224,0.3015368653669708
ANWE|1|1051|2026-06-15|3178,1,ANWE,2026-06-15 10:00:00,2026-06-15,10.0,2.0,0.0,-0.05,1,1.81031746031746,network_default,1,5.0,roadworks,0.23809523809523814,1.5539682539682536,3.79588558237697,21.0,GBT,1,0.6984631346330292,0.5458774523032224,0.3015368653669708
ANWE|1|1067|2026-06-15|3178,1,ANWE,2026-06-15 11:36:00,2026-06-15,11.0,2.0,0.0,1.4666666666666666,1,1.81031746031746,network_default,1,7.0,roadworks,0.24137931034482762,1.5252873563218388,3.4077631397821992,29.0,GBT,1,0.6984631346330292,0.5458774523032224,0.3015368653669708
ANWE|82A|1049|2026-06-15|3045,82A,ANWE,2026-06-15 14:27:00,2026-06-15,14.0,2.0,0.0,0.9166666666666666,1,1.81031746031746,network_default,1,3.0,roadClosed,0.4363636363636364,21.865454545454547,42.6830877030916,55.0,GBT,1,0.7002240990597457,0.5426895476545397,0.2997759009402543
ANWE|20A|1005|2026-06-15|3159,20A,ANWE,2026-06-15 20:35:00,2026-06-15,20.0,2.0,0.0,0.4666666666666667,1,1.81031746031746,network_default,0,0.0,none,0.5,5.308333333333334,7.035712472806147,2.0,GBT,1,0.7002571806742213,0.542629659430239,0.29974281932577873
ANWE|110|1059|2026-06-15|2968,110,ANWE,2026-06-15 19:55:00,2026-06-15,19.0,2.0,0.0,-0.95,1,1.81031746031746,network_default,0,0.0,none,0.5,5.198924731182794,12.847767367499948,62.0,GBT,1,0.7028872657103524,0.5378683705672112,0.2971127342896476
ANWE|110|1061|2026-06-15|3077,110,ANWE,2026-06-15 20:57:00,2026-06-15,20.0,2.0,0.0,5.8,0,1.81031746031746,network_default,0,0.0,none,0.4920634920634921,5.10132275132275,12.767260191988022,63.0,GBT,1,0.7028872657103524,0.5378683705672112,0.2971127342896476
ANWE|61|1504|2026-06-15|2790,61,ANWE,2026-06-15 04:21:00,2026-06-15,4.0,2.0,0.0,0.9833333333333333,1,1.81031746031746,network_default,0,0.0,none,0.8,70.43666666666668,41.06951829926099,5.0,GBT,1,0.7029826562606301,0.5376956833884943,0.29701734373936994
ANWE|61|1506|2026-06-15|3137,61,ANWE,2026-06-15 05:11:00,2026-06-15,5.0,2.0,0.0,1.1333333333333333,1,1.81031746031746,network_default,0,0.0,none,0.5714285714285714,50.611904761904775,47.65273855785722,7.0,GBT,1,0.7029826562606301,0.5376956833884943,0.29701734373936994
ANWE|2|1025|2026-06-15|3043,2,ANWE,2026-06-15 07:04:00,2026-06-15,7.0,2.0,1.0,1.2166666666666666,1,1.81031746031746,network_default,0,0.0,none,0.375,4.385416666666666,9.517496158912838,8.0,GBT,1,0.7033672540730964,0.5369994392533866,0.2966327459269036
ANWE|110|1013|2026-06-15|2968,110,ANWE,2026-06-15 07:15:00,2026-06-15,7.0,2.0,1.0,2.4,0,1.81031746031746,network_default,0,0.0,none,0.5,14.889285714285714,24.81328704505842,14.0,GBT,1,0.7042969889817328,0.5353163239148154,0.29570301101826724
ANWE|110|1001|2026-06-15|3077,110,ANWE,2026-06-15 03:57:00,2026-06-15,3.0,2.0,0.0,0.11666666666666667,1,1.81031746031746,network_default,0,0.0,none,1.0,50.44166666666666,17.189782171717916,4.0,GBT,1,0.7045026630257258,0.5349439886018407,0.29549733697427416
ANWE|3C|1011|2026-06-15|3140,3C,ANWE,2026-06-15 06:25:00,2026-06-15,6.0,2.0,0.0,9.183333333333334,0,1.81031746031746,network_default,0,0.0,none,1.0,4.666666666666667,0.0,1.0,GBT,1,0.7045026630257258,0.5349439886018407,0.29549733697427416
ANWE|79C|1044|2026-06-15|3206,79C,ANWE,2026-06-15 10:21:00,2026-06-15,10.0,2.0,0.0,-1.4666666666666666,1,1.81031746031746,network_default,1,2.0,roadworks,0.5106382978723405,13.490780141843969,28.322085748856615,47.0,GBT,1,0.7055393571799504,0.5330672430734389,0.2944606428200496
ANWE|79C|1038|2026-06-15|3164,79C,ANWE,2026-06-15 09:20:00,2026-06-15,9.0,2.0,1.0,-0.11666666666666667,1,1.81031746031746,network_default,1,2.0,roadworks,0.5365853658536586,15.313008130081297,29.914618201037104,41.0,GBT,1,0.7055393571799504,0.5330672430734389,0.2944606428200496
ANWE|79C|1040|2026-06-15|3042,79C,ANWE,2026-06-15 09:41:00,2026-06-15,9.0,2.0,1.0,-1.0166666666666666,1,1.81031746031746,network_default,1,2.0,roadworks,0.5116279069767442,14.587209302325576,29.38245207449806,43.0,GBT,1,0.7055393571799504,0.5330672430734389,0.2944606428200496
ANWE|79C|1058|2026-06-15|3050,79C,ANWE,2026-06-15 12:41:00,2026-06-15,12.0,2.0,0.0,1.2,1,1.81031746031746,network_default,1,4.0,roadworks,0.4590163934426229,11.537704918032782,25.650529721921515,61.0,GBT,1,0.7055393571799504,0.5330672430734389,0.2944606428200496
ANWE|79C|1048|2026-06-15|3136,79C,ANWE,2026-06-15 11:01:00,2026-06-15,11.0,2.0,0.0,0.8333333333333334,1,1.81031746031746,network_default,1,2.0,roadworks,0.47058823529411764,12.446405228758163,27.407382483501586,51.0,GBT,1,0.7055393571799504,0.5330672430734389,0.2944606428200496
ANWE|79C|1042|2026-06-15|3046,79C,ANWE,2026-06-15 10:01:00,2026-06-15,10.0,2.0,0.0,-1.1666666666666667,1,1.81031746031746,network_default,1,2.0,roadworks,0.5111111111111111,14.016666666666662,28.83733572676542,45.0,GBT,1,0.7055393571799504,0.5330672430734389,0.2944606428200496
ANWE|X30|1018|2026-06-15|2794,X30,ANWE,2026-06-15 13:12:00,2026-06-15,13.0,2.0,0.0,0.5333333333333333,1,1.81031746031746,network_default,1,9.0,roadworks,0.4545454545454546,15.938636363636363,30.720288862369088,22.0,GBT,1,0.705576136653164,0.5330006605508991,0.294423863346836
ANWE|2|1121|2026-07-13|3078,2,ANWE,2026-07-13 16:42:00,2026-07-13,16.0,2.0,1.0,19.066666666666666,0,1.81031746031746,network_default,0,0.0,none,0.15384615384615385,1.1293447293447296,3.718058505413469,117.0,GBT,1,0.7056218033835734,0.5329179892714834,0.2943781966164266
ANWE|82A|1061|2026-07-14|3159,82A,ANWE,2026-07-14 17:27:00,2026-07-14,17.0,3.0,1.0,1.6666666666666667,1,1.81031746031746,network_default,0,0.0,none,0.430622009569378,25.013795853269524,41.371862338083965,209.0,GBT,1,0.7059070303822524,0.5324016378556207,0.29409296961774756
ANWE|2|1115|2026-06-15|3105,2,ANWE,2026-06-15 16:06:00,2026-06-15,16.0,2.0,1.0,0.43333333333333335,1,1.81031746031746,network_default,1,2.0,roadworks,0.14814814814814814,1.208641975308642,4.337861374866067,54.0,GBT,1,0.7064285468197923,0.5314575275428998,0.2935714531802077
ANWE|110|1048|2026-06-15|3018,110,ANWE,2026-06-15 17:05:00,2026-06-15,17.0,2.0,1.0,0.35,1,1.81031746031746,network_default,0,0.0,none,0.5,5.5552469135802465,13.713207999137577,54.0,GBT,1,0.7072309908023782,0.5300048491902979,0.29276900919762183
ANWE|79C|1076|2026-06-15|3089,79C,ANWE,2026-06-15 15:51:00,2026-06-15,15.0,2.0,0.0,9.266666666666667,0,1.81031746031746,network_default,1,4.0,roadworks,0.475,10.148749999999994,22.684988991899196,80.0,GBT,1,0.7073395208936677,0.5298083752710666,0.2926604791063323
ANWE|79C|1078|2026-06-15|3203,79C,ANWE,2026-06-15 16:12:00,2026-06-15,16.0,2.0,1.0,0.43333333333333335,1,1.81031746031746,network_default,1,4.0,roadworks,0.47560975609756095,10.007520325203247,22.434457372282143,82.0,GBT,1,0.7073395208936677,0.5298083752710666,0.2926604791063323
ANWE|X4|1038|2026-07-13|2795,X4,ANWE,2026-07-13 23:15:00,2026-07-13,23.0,2.0,0.0,44.166666666666664,0,1.81031746031746,network_default,0,0.0,none,0.2941176470588235,6.598627450980392,17.729869017249232,85.0,GBT,1,0.70795835702856,0.5286880854109957,0.29204164297144
ANWE|110|1055|2026-06-15|3163,110,ANWE,2026-06-15 18:01:00,2026-06-15,18.0,2.0,1.0,4.383333333333334,0,1.81031746031746,network_default,0,0.0,none,0.4736842105263158,5.277192982456141,13.39384210246127,57.0,GBT,1,0.708748765108836,0.5272571958624961,0.291251234891164
ANWE|3C|1051|2026-07-14|3038,3C,ANWE,2026-07-14 16:25:00,2026-07-14,16.0,3.0,1.0,-0.38333333333333336,1,1.81031746031746,network_default,0,0.0,none,0.6206896551724138,6.317241379310344,11.158847193579415,29.0,GBT,1,0.708748765108836,0.5272571958624961,0.291251234891164
ANWE|3C|1051|2026-06-16|2789,3C,ANWE,2026-06-16 16:25:00,2026-06-16,16.0,3.0,1.0,0.5,1,1.81031746031746,network_default,0,0.0,none,0.625,3.6423611111111103,3.3362703697199323,24.0,GBT,1,0.708748765108836,0.5272571958624961,0.291251234891164
ANWE|3A|1053|2026-07-14|2789,3A,ANWE,2026-07-14 16:55:00,2026-07-14,16.0,3.0,1.0,-0.16666666666666666,1,1.81031746031746,network_default,0,0.0,none,0.5384615384615384,5.34423076923077,7.773556232235442,26.0,GBT,1,0.708748765108836,0.5272571958624961,0.291251234891164
ANWE|79C|1020|2026-06-15|3046,79C,ANWE,2026-06-15 06:05:00,2026-06-15,6.0,2.0,0.0,2.0166666666666666,0,1.81031746031746,network_default,0,0.0,none,0.6190476190476191,27.411111111111115,38.168398917506686,21.0,GBT,1,0.7096744856249675,0.5255813478487691,0.2903255143750325
ANWE|79C|1018|2026-06-15|3042,79C,ANWE,2026-06-15 05:43:00,2026-06-15,5.0,2.0,0.0,1.55,1,1.81031746031746,network_default,0,0.0,none,0.7222222222222222,31.85833333333334,39.588558891402435,18.0,GBT,1,0.7096744856249675,0.5255813478487691,0.2903255143750325
ANWE|82A|1047|2026-06-16|2968,82A,ANWE,2026-06-16 13:57:00,2026-06-16,13.0,3.0,0.0,-0.08333333333333333,1,1.81031746031746,network_default,0,0.0,none,0.30534351145038163,13.072900763358776,31.510245744923356,131.0,GBT,1,0.7097822176291378,0.5253863187205845,0.29021778237086215
ANWE|3A|1017|2026-06-16|2793,3A,ANWE,2026-06-16 07:55:00,2026-06-16,7.0,3.0,1.0,2.45,0,1.81031746031746,network_default,0,0.0,none,0.6923076923076923,7.2294871794871804,8.1406164847717,13.0,GBT,1,0.7103661836470844,0.5243291548420639,0.28963381635291563
ANWE|3A|1021|2026-06-16|2793,3A,ANWE,2026-06-16 08:55:00,2026-06-16,8.0,3.0,1.0,0.11666666666666667,1,1.81031746031746,network_default,0,0.0,none,0.7142857142857143,6.888095238095239,7.924875443415549,14.0,GBT,1,0.7103661836470844,0.5243291548420639,0.28963381635291563
ANWE|110|1006|2026-06-15|2968,110,ANWE,2026-06-15 06:05:00,2026-06-15,6.0,2.0,0.0,-0.2833333333333333,1,1.81031746031746,network_default,0,0.0,none,0.6363636363636364,19.09242424242424,26.640189317433293,11.0,GBT,1,0.7113258275862797,0.5225918946632507,0.2886741724137203
ANWE|79C|1087|2026-06-15|3206,79C,ANWE,2026-06-15 19:47:00,2026-06-15,19.0,2.0,0.0,0.9833333333333333,1,1.81031746031746,network_default,1,2.0,roadworks,0.4752475247524752,7.630363036303627,23.840380006763446,101.0,GBT,1,0.7123135294514289,0.520803840731183,0.2876864705485711
ANWE|79C|1091|2026-06-15|3020,79C,ANWE,2026-06-15 20:47:00,2026-06-15,20.0,2.0,0.0,0.6333333333333333,1,1.81031746031746,network_default,1,2.0,roadworks,0.4571428571428572,7.374920634920632,23.412982204411943,105.0,GBT,1,0.7123135294514289,0.520803840731183,0.2876864705485711
ANWE|79C|1083|2026-07-14|3041,79C,ANWE,2026-07-14 19:00:00,2026-07-14,19.0,3.0,0.0,-0.03333333333333333,1,1.81031746031746,network_default,0,0.0,none,0.4883720930232558,17.38571428571429,32.836671331409086,301.0,GBT,1,0.7138570191643361,0.5180096343540868,0.2861429808356639
ANWE|61|1528|2026-07-14|2793,61,ANWE,2026-07-14 16:21:00,2026-07-14,16.0,3.0,1.0,-0.25,1,1.81031746031746,network_default,0,0.0,none,0.4693877551020408,28.014455782312922,43.96433409720068,98.0,GBT,1,0.7140560171109664,0.5176493848967345,0.28594398288903355
ANWE|1|1035|2026-06-15|3178,1,ANWE,2026-06-15 08:24:00,2026-06-15,8.0,2.0,1.0,1.1833333333333333,1,1.81031746031746,network_default,1,5.0,roadworks,0.3076923076923077,2.1474358974358974,4.743225413359281,13.0,GBT,1,0.7141627980556262,0.5174560774881877,0.2858372019443738
ANWE|1|1037|2026-06-15|2795,1,ANWE,2026-06-15 08:36:00,2026-06-15,8.0,2.0,1.0,1.2,1,1.81031746031746,network_default,1,5.0,roadworks,0.2857142857142857,2.0785714285714283,4.564422191137662,14.0,GBT,1,0.7141627980556262,0.5174560774881877,0.2858372019443738
ANWE|1|1033|2026-06-15|2795,1,ANWE,2026-06-15 08:12:00,2026-06-15,8.0,2.0,1.0,0.4666666666666667,1,1.81031746031746,network_default,1,5.0,roadworks,0.33333333333333337,2.2875,4.9259779575617095,12.0,GBT,1,0.7141627980556262,0.5174560774881877,0.2858372019443738
ANWE|82A|1050|2026-06-16|3140,82A,ANWE,2026-06-16 16:43:00,2026-06-16,16.0,3.0,1.0,-0.48333333333333334,1,1.81031746031746,network_default,0,0.0,none,0.3146853146853147,12.223193473193472,30.29775650823952,143.0,GBT,1,0.7146588266804521,0.5165581082078482,0.2853411733195479
ANWE|82A|1058|2026-06-16|3162,82A,ANWE,2026-06-16 18:42:00,2026-06-16,18.0,3.0,1.0,1.2,1,1.81031746031746,network_default,0,0.0,none,0.31333333333333335,11.68833333333333,29.677486197239187,150.0,GBT,1,0.7146588266804521,0.5165581082078482,0.2853411733195479
ANWE|82A|1003|2026-06-15|3106,82A,ANWE,2026-06-15 04:14:00,2026-06-15,4.0,2.0,0.0,0.35,1,1.81031746031746,network_default,1,3.0,roadClosed,0.9,99.22666666666666,35.14517352670522,10.0,GBT,1,0.7146741859241569,0.5165303031007922,0.2853258140758431
ANWE|20|1003|2026-06-15|3159,20,ANWE,2026-06-15 21:45:00,2026-06-15,21.0,2.0,0.0,0.5,1,1.81031746031746,network_default,0,0.0,none,0.5,24.05,33.51686142824235,2.0,GBT,1,0.7153995109700924,0.5152172345057295,0.28460048902990764
ANWE|X4|1003|2026-06-15|2793,X4,ANWE,2026-06-15 05:00:00,2026-06-15,5.0,2.0,0.0,-0.7,1,1.81031746031746,network_default,1,3.0,roadClosed,1.0,2.066666666666667,0.0,1.0,GBT,1,0.71546895273553,0.5150915228652825,0.28453104726447
ANWE|82A|1052|2026-06-16|2790,82A,ANWE,2026-06-16 17:12:00,2026-06-16,17.0,3.0,1.0,0.06666666666666667,1,1.81031746031746,network_default,0,0.0,none,0.31034482758620685,12.051839080459768,30.12174942231878,145.0,GBT,1,0.7157561146576426,0.5145716686237438,0.28424388534235745
ANWE|110|1004|2026-06-16|3137,110,ANWE,2026-06-16 05:30:00,2026-06-16,5.0,3.0,0.0,-0.06666666666666667,1,1.81031746031746,network_default,0,0.0,none,0.45833333333333337,4.610648148148147,12.021943065367799,72.0,GBT,1,0.7158176100988853,0.5144603423527321,0.28418238990111466
ANWE|79C|1072|2026-06-15|3020,79C,ANWE,2026-06-15 15:06:00,2026-06-15,15.0,2.0,0.0,16.783333333333335,0,1.81031746031746,network_default,1,4.0,roadworks,0.48684210526315785,10.422149122807012,23.194982277967867,76.0,GBT,1,0.7167622730260694,0.5127502025615361,0.28323772697393057
ANWE|79C|1066|2026-06-15|3206,79C,ANWE,2026-06-15 13:56:00,2026-06-15,13.0,2.0,0.0,1.3333333333333333,1,1.81031746031746,network_default,1,4.0,roadworks,0.5,11.052619047619043,24.038660929618455,70.0,GBT,1,0.7167622730260694,0.5127502025615361,0.28323772697393057
ANWE|79C|1082|2026-06-16|3018,79C,ANWE,2026-06-16 16:55:00,2026-06-16,16.0,3.0,1.0,1.0333333333333334,1,1.81031746031746,network_default,1,1.0,unknown,0.4,6.869166666666663,20.600631298838007,200.0,GBT,1,0.7171215514107497,0.5120997946286348,0.28287844858925026
ANWE|110|1007|2026-06-16|3136,110,ANWE,2026-06-16 05:30:00,2026-06-16,5.0,3.0,0.0,0.18333333333333332,1,1.81031746031746,network_default,0,0.0,none,0.46478873239436624,4.673004694835679,12.095777292226915,71.0,GBT,1,0.717308662877874,0.5117610634726741,0.282691337122126
ANWE|110|1005|2026-06-16|3159,110,ANWE,2026-06-16 04:50:00,2026-06-16,4.0,3.0,0.0,1.1166666666666667,1,1.81031746031746,network_default,0,0.0,none,0.4782608695652174,4.794685990338163,12.250123879843688,69.0,GBT,1,0.717308662877874,0.5117610634726741,0.282691337122126
ANWE|110|1003|2026-06-16|3137,110,ANWE,2026-06-16 04:20:00,2026-06-16,4.0,3.0,0.0,0.5666666666666667,1,1.81031746031746,network_default,0,0.0,none,0.4852941176470589,4.856862745098038,12.330230628716198,68.0,GBT,1,0.717308662877874,0.5117610634726741,0.282691337122126
ANWE|X30|1022|2026-07-14|3105,X30,ANWE,2026-07-14 15:29:00,2026-07-14,15.0,3.0,0.0,34.666666666666664,0,1.81031746031746,network_default,0,0.0,none,0.3661971830985915,13.568544600938969,26.146953227664007,71.0,GBT,1,0.7176497645386484,0.5111435611804309,0.28235023546135163
ANWE|79C|1028|2026-06-15|3020,79C,ANWE,2026-06-15 07:36:00,2026-06-15,7.0,2.0,1.0,-1.0333333333333334,1,1.81031746031746,network_default,1,2.0,roadworks,0.5333333333333333,20.20055555555555,33.7616395377715,30.0,GBT,1,0.7195100241689762,0.5077759006909247,0.28048997583102375
ANWE|79C|1034|2026-06-15|3203,79C,ANWE,2026-06-15 08:39:00,2026-06-15,8.0,2.0,1.0,1.2166666666666666,1,1.81031746031746,network_default,1,2.0,roadworks,0.5405405405405406,16.67252252252252,31.20724537395918,37.0,GBT,1,0.7195100241689762,0.5077759006909247,0.28048997583102375
ANWE|79C|1030|2026-06-15|3001,79C,ANWE,2026-06-15 07:58:00,2026-06-15,7.0,2.0,1.0,4.516666666666667,0,1.81031746031746,network_default,1,2.0,roadworks,0.5454545454545454,18.52222222222222,32.59542472438367,33.0,GBT,1,0.7195100241689762,0.5077759006909247,0.28048997583102375
ANWE|79C|1026|2026-06-15|3136,79C,ANWE,2026-06-15 07:14:00,2026-06-15,7.0,2.0,1.0,1.1833333333333333,1,1.81031746031746,network_default,1,2.0,roadworks,0.5714285714285714,21.557142857142853,34.578231939251594,28.0,GBT,1,0.7195100241689762,0.5077759006909247,0.28048997583102375
ANWE|2|1017|2026-06-15|3043,2,ANWE,2026-06-15 06:13:00,2026-06-15,6.0,2.0,0.0,1.3666666666666667,1,1.81031746031746,network_default,0,0.0,none,0.5,9.841666666666665,11.140163407272835,4.0,GBT,1,0.7201464975321517,0.5066236818485412,0.27985350246784835
ANWE|2|1015|2026-06-15|3105,2,ANWE,2026-06-15 06:01:00,2026-06-15,6.0,2.0,0.0,0.5333333333333333,1,1.81031746031746,network_default,0,0.0,none,0.6666666666666667,12.944444444444443,11.330996491107102,3.0,GBT,1,0.7201464975321517,0.5066236818485412,0.27985350246784835
ANWE|82A|1007|2026-06-15|3160,82A,ANWE,2026-06-15 04:44:00,2026-06-15,4.0,2.0,0.0,0.6333333333333333,1,1.81031746031746,network_default,1,3.0,roadClosed,0.75,82.73194444444444,49.946532755129844,12.0,GBT,1,0.7212070691728663,0.5047037104894381,0.27879293082713374
ANWE|82A|1011|2026-06-15|3053,82A,ANWE,2026-06-15 05:14:00,2026-06-15,5.0,2.0,0.0,0.36666666666666664,1,1.81031746031746,network_default,1,3.0,roadClosed,0.7142857142857143,71.3047619047619,54.36264956647778,14.0,GBT,1,0.7212070691728663,0.5047037104894381,0.27879293082713374
ANWE|82A|1059|2026-07-14|3048,82A,ANWE,2026-07-14 16:57:00,2026-07-14,16.0,3.0,1.0,0.7666666666666667,1,1.81031746031746,network_default,0,0.0,none,0.43203883495145634,25.188349514563093,41.59942583086611,206.0,GBT,1,0.7212919354830885,0.5045500755262501,0.27870806451691155
ANWE|82A|1063|2026-07-14|3018,82A,ANWE,2026-07-14 17:57:00,2026-07-14,17.0,3.0,1.0,-0.06666666666666667,1,1.81031746031746,network_default,0,0.0,none,0.43661971830985913,24.8621283255086,41.04274731531632,213.0,GBT,1,0.7212919354830885,0.5045500755262501,0.27870806451691155
ANWE|2|1061|2026-06-16|3105,2,ANWE,2026-06-16 10:42:00,2026-06-16,10.0,3.0,0.0,-1.1666666666666667,1,1.81031746031746,network_default,1,4.0,roadworks,0.1428571428571429,1.156150793650794,4.01197319458505,84.0,GBT,1,0.7218271961549845,0.5035810837860956,0.2781728038450155
ANWE|79C|1084|2026-06-15|3042,79C,ANWE,2026-06-15 17:15:00,2026-06-15,17.0,2.0,1.0,3.0,0,1.81031746031746,network_default,1,4.0,roadworks,0.46590909090909094,8.209469696969693,25.467830457683142,88.0,GBT,1,0.7235525463873911,0.500457652135207,0.2764474536126089
ANWE|79C|1090|2026-06-15|3044,79C,ANWE,2026-06-15 18:22:00,2026-06-15,18.0,2.0,1.0,0.75,1,1.81031746031746,network_default,1,4.0,roadworks,0.4736842105263158,7.939649122807014,24.54779462427866,95.0,GBT,1,0.7235525463873911,0.500457652135207,0.2764474536126089
ANWE|X4|1034|2026-06-15|2793,X4,ANWE,2026-06-15 21:15:00,2026-06-15,21.0,2.0,0.0,2.8666666666666667,0,1.81031746031746,network_default,1,7.0,specialEvent,0.32352941176470584,1.455392156862745,2.2628596988405967,34.0,GBT,1,0.724749582440751,0.49829063686718,0.27525041755924895
ANWE|X4|1007|2026-06-15|2789,X4,ANWE,2026-06-15 06:46:00,2026-06-15,6.0,2.0,0.0,1.1,1,1.81031746031746,network_default,1,3.0,roadClosed,0.6,1.3033333333333335,1.6342004501012448,5.0,GBT,1,0.7264235388979479,0.49526024426490545,0.27357646110205214
ANWE|79C|1085|2026-07-14|3054,79C,ANWE,2026-07-14 19:20:00,2026-07-14,19.0,3.0,0.0,14.366666666666667,0,1.81031746031746,network_default,0,0.0,none,0.4901315789473685,17.402521929824562,32.702040677394486,304.0,GBT,1,0.7264480965050437,0.4952157871999962,0.2735519034949563
ANWE|79C|1097|2026-07-14|3043,79C,ANWE,2026-07-14 21:47:00,2026-07-14,21.0,3.0,0.0,-0.06666666666666667,1,1.81031746031746,network_default,0,0.0,none,0.48275862068965514,17.171891327063737,32.352989749215155,319.0,GBT,1,0.7264480965050437,0.4952157871999962,0.2735519034949563
ANWE|79C|1093|2026-07-14|3051,79C,ANWE,2026-07-14 21:17:00,2026-07-14,21.0,3.0,0.0,-0.08333333333333333,1,1.81031746031746,network_default,0,0.0,none,0.4873417721518988,17.33138185654008,32.46489261946518,316.0,GBT,1,0.7264480965050437,0.4952157871999962,0.2735519034949563
ANWE|79C|1089|2026-07-14|3137,79C,ANWE,2026-07-14 20:17:00,2026-07-14,20.0,3.0,0.0,0.5166666666666667,1,1.81031746031746,network_default,0,0.0,none,0.4903225806451613,17.46241935483871,32.59103460399132,310.0,GBT,1,0.7264480965050437,0.4952157871999962,0.2735519034949563
ANWE|79C|1095|2026-07-14|3001,79C,ANWE,2026-07-14 22:16:00,2026-07-14,22.0,3.0,0.0,-0.16666666666666666,1,1.81031746031746,network_default,0,0.0,none,0.48124999999999996,17.11802083333333,32.31661111772105,320.0,GBT,1,0.7264480965050437,0.4952157871999962,0.2735519034949563
ANWE|79C|1099|2026-07-14|3177,79C,ANWE,2026-07-14 22:17:00,2026-07-14,22.0,3.0,0.0,0.15,1,1.81031746031746,network_default,0,0.0,none,0.47975077881619943,17.064174454828656,32.28049622415683,321.0,GBT,1,0.7264480965050437,0.4952157871999962,0.2735519034949563
ANWE|110|1002|2026-06-15|3077,110,ANWE,2026-06-15 05:00:00,2026-06-15,5.0,2.0,0.0,-0.8166666666666667,1,1.81031746031746,network_default,0,0.0,none,0.7142857142857143,29.04285714285714,29.337201224066618,7.0,GBT,1,0.7280852394033299,0.49225203882619395,0.2719147605966701
ANWE|79C|1006|2026-06-15|3206,79C,ANWE,2026-06-15 04:15:00,2026-06-15,4.0,2.0,0.0,-0.55,1,1.81031746031746,network_default,0,0.0,none,0.8888888888888888,61.22407407407408,37.06051274521537,9.0,GBT,1,0.7280852394033299,0.49225203882619395,0.2719147605966701
ANWE|82A|1046|2026-06-15|3162,82A,ANWE,2026-06-15 15:45:00,2026-06-15,15.0,2.0,0.0,3.216666666666667,0,1.81031746031746,network_default,1,3.0,roadClosed,0.44999999999999996,21.28805555555556,41.4806847129237,60.0,GBT,1,0.7299669014049035,0.4888456332503294,0.2700330985950965
ANWE|79C|1004|2026-06-15|3001,79C,ANWE,2026-06-15 04:10:00,2026-06-15,4.0,2.0,0.0,2.1666666666666665,0,1.81031746031746,network_default,0,0.0,none,0.875,68.60625000000002,31.76724120988949,8.0,GBT,1,0.7302392838356906,0.48835253457999184,0.2697607161643094
ANWE|2|1011|2026-06-15|3105,2,ANWE,2026-06-15 05:37:00,2026-06-15,5.0,2.0,0.0,0.0,1,1.81031746031746,network_default,0,0.0,none,1.0,19.416666666666664,2.333452377915607,2.0,GBT,1,0.7308303083921657,0.4872825925059286,0.2691696916078343
ANWE|82A|1024|2026-06-15|3053,82A,ANWE,2026-06-15 10:12:00,2026-06-15,10.0,2.0,0.0,0.5,1,1.81031746031746,network_default,1,3.0,roadClosed,0.39473684210526316,30.5013157894737,49.06009160521406,38.0,GBT,1,0.7310274774469041,0.48692565392350134,0.2689725225530959
ANWE|82A|1029|2026-06-15|3140,82A,ANWE,2026-06-15 09:27:00,2026-06-15,9.0,2.0,1.0,27.933333333333334,0,1.81031746031746,network_default,1,3.0,roadClosed,0.4,32.291904761904775,50.62260893593749,35.0,GBT,1,0.7310274774469041,0.48692565392350134,0.2689725225530959
ANWE|82A|1028|2026-06-15|3162,82A,ANWE,2026-06-15 11:12:00,2026-06-15,11.0,2.0,0.0,2.6,0,1.81031746031746,network_default,1,3.0,roadClosed,0.40476190476190477,27.824206349206364,47.35226837032688,42.0,GBT,1,0.7310274774469041,0.48692565392350134,0.2689725225530959
ANWE|82A|1030|2026-06-15|3140,82A,ANWE,2026-06-15 11:42:00,2026-06-15,11.0,2.0,0.0,13.066666666666666,0,1.81031746031746,network_default,1,3.0,roadClosed,0.43181818181818177,26.68977272727274,46.53605867831403,44.0,GBT,1,0.7310274774469041,0.48692565392350134,0.2689725225530959
ANWE|82A|1026|2026-06-15|3138,82A,ANWE,2026-06-15 10:42:00,2026-06-15,10.0,2.0,0.0,5.5,0,1.81031746031746,network_default,1,3.0,roadClosed,0.375,29.00208333333335,48.24171956869328,40.0,GBT,1,0.7310274774469041,0.48692565392350134,0.2689725225530959
ANWE|82A|1057|2026-06-15|3160,82A,ANWE,2026-06-15 16:27:00,2026-06-15,16.0,2.0,1.0,23.3,0,1.81031746031746,network_default,1,3.0,roadClosed,0.4444444444444444,20.34603174603175,40.68783719990711,63.0,GBT,1,0.7310274774469041,0.48692565392350134,0.2689725225530959
ANWE|82A|1020|2026-06-15|3106,82A,ANWE,2026-06-15 09:12:00,2026-06-15,9.0,2.0,1.0,2.8333333333333335,0,1.81031746031746,network_default,1,3.0,roadClosed,0.36363636363636365,34.082828282828295,51.62295874442513,33.0,GBT,1,0.7310274774469041,0.48692565392350134,0.2689725225530959
ANWE|82A|1044|2026-06-15|3138,82A,ANWE,2026-06-15 15:12:00,2026-06-15,15.0,2.0,0.0,3.5166666666666666,0,1.81031746031746,network_default,1,3.0,roadClosed,0.43103448275862066,21.854885057471268,42.08503818081331,58.0,GBT,1,0.7310274774469041,0.48692565392350134,0.2689725225530959
ANWE|82A|1040|2026-06-15|3160,82A,ANWE,2026-06-15 14:12:00,2026-06-15,14.0,2.0,0.0,3.433333333333333,0,1.81031746031746,network_default,1,3.0,roadClosed,0.42592592592592593,22.20679012345679,43.008039631450835,54.0,GBT,1,0.7310274774469041,0.48692565392350134,0.2689725225530959
ANWE|82A|1050|2026-06-15|3045,82A,ANWE,2026-06-15 16:43:00,2026-06-15,16.0,2.0,1.0,-0.06666666666666667,1,1.81031746031746,network_default,1,3.0,roadClosed,0.453125,20.392187500000002,40.365315053104936,64.0,GBT,1,0.7310274774469041,0.48692565392350134,0.2689725225530959
ANWE|82A|1038|2026-06-15|3106,82A,ANWE,2026-06-15 13:42:00,2026-06-15,13.0,2.0,0.0,0.06666666666666667,1,1.81031746031746,network_default,1,3.0,roadClosed,0.4423076923076923,23.04839743589744,43.62025464194919,52.0,GBT,1,0.7310274774469041,0.48692565392350134,0.2689725225530959
ANWE|82A|1022|2026-06-15|3160,82A,ANWE,2026-06-15 09:42:00,2026-06-15,9.0,2.0,1.0,0.43333333333333335,1,1.81031746031746,network_default,1,3.0,roadClosed,0.41666666666666663,32.17083333333335,49.899475992890736,36.0,GBT,1,0.7310274774469041,0.48692565392350134,0.2689725225530959
ANWE|82A|1032|2026-06-15|3045,82A,ANWE,2026-06-15 12:12:00,2026-06-15,12.0,2.0,0.0,2.8333333333333335,0,1.81031746031746,network_default,1,3.0,roadClosed,0.4347826086956522,25.82427536231885,45.69416199933265,46.0,GBT,1,0.7310274774469041,0.48692565392350134,0.2689725225530959
ANWE|79C|1066|2026-06-16|3077,79C,ANWE,2026-06-16 13:56:00,2026-06-16,13.0,3.0,0.0,7.883333333333334,0,1.81031746031746,network_default,0,0.0,none,0.3812154696132597,6.693093922651929,21.05274006105063,181.0,GBT,1,0.7321424019113023,0.4849072866986662,0.2678575980886977
ANWE|79C|1074|2026-06-16|3164,79C,ANWE,2026-06-16 15:31:00,2026-06-16,15.0,3.0,0.0,5.466666666666667,0,1.81031746031746,network_default,1,1.0,unknown,0.39790575916230364,7.012129144851653,21.049374073667252,191.0,GBT,1,0.7321424019113023,0.4849072866986662,0.2678575980886977
ANWE|79C|1072|2026-06-16|3106,79C,ANWE,2026-06-16 15:06:00,2026-06-16,15.0,3.0,0.0,0.11666666666666667,1,1.81031746031746,network_default,1,1.0,unknown,0.3936170212765957,6.688297872340422,20.67990193897227,188.0,GBT,1,0.7321424019113023,0.4849072866986662,0.2678575980886977
ANWE|79C|1088|2026-06-16|3077,79C,ANWE,2026-06-16 17:52:00,2026-06-16,17.0,3.0,1.0,-0.03333333333333333,1,1.81031746031746,network_default,1,1.0,unknown,0.40291262135922334,6.822572815533976,20.335309417874317,206.0,GBT,1,0.7321424019113023,0.4849072866986662,0.2678575980886977
ANWE|61|5504|2026-07-12|2795,61,ANWE,2026-07-12 08:21:00,2026-07-12,8.0,1.0,1.0,24.35,0,1.81031746031746,network_default,0,0.0,none,0.3421052631578947,16.361842105263158,34.38320302832954,76.0,GBT,1,0.7333772400669972,0.4826718376247454,0.2666227599330028
ANWE|61|1516|2026-06-15|3137,61,ANWE,2026-06-15 10:21:00,2026-06-15,10.0,2.0,0.0,1.5333333333333334,1,1.81031746031746,network_default,0,0.0,none,0.368421052631579,21.2140350877193,36.65094370938932,19.0,GBT,1,0.7335309028192603,0.4823936592613232,0.26646909718073974
ANWE|61|1513|2026-06-15|2791,61,ANWE,2026-06-15 09:51:00,2026-06-15,9.0,2.0,1.0,1.6,1,1.81031746031746,network_default,0,0.0,none,0.38888888888888884,22.303703703703704,37.395475485449595,18.0,GBT,1,0.7335309028192603,0.4823936592613232,0.26646909718073974
ANWE|X30|1014|2026-06-15|3161,X30,ANWE,2026-06-15 11:03:00,2026-06-15,11.0,2.0,0.0,-0.7833333333333333,1,1.81031746031746,network_default,1,7.0,roadworks,0.5,19.22685185185185,33.20310892743855,18.0,GBT,1,0.7341206906522426,0.4813259560493925,0.2658793093477574
ANWE|X30|1012|2026-06-15|2794,X30,ANWE,2026-06-15 10:03:00,2026-06-15,10.0,2.0,0.0,-0.48333333333333334,1,1.81031746031746,network_default,1,7.0,roadworks,0.5,21.414583333333333,34.68201042647647,16.0,GBT,1,0.7341206906522426,0.4813259560493925,0.2658793093477574
ANWE|79C|1080|2026-06-15|3078,79C,ANWE,2026-06-15 16:34:00,2026-06-15,16.0,2.0,1.0,0.9833333333333333,1,1.81031746031746,network_default,1,4.0,roadworks,0.4642857142857143,9.76666666666666,22.216912585219323,84.0,GBT,1,0.7343474179300284,0.48091550769968655,0.26565258206997155
ANWE|1|1041|2026-06-16|3163,1,ANWE,2026-06-16 09:00:00,2026-06-16,9.0,3.0,1.0,1.9833333333333334,1,1.81031746031746,network_default,1,2.0,roadworks,0.3013698630136986,1.9344748858447494,4.109555194276875,73.0,GBT,1,0.7350871586851822,0.4795763420945234,0.26491284131481785
ANWE|61|1526|2026-07-14|3045,61,ANWE,2026-07-14 15:21:00,2026-07-14,15.0,3.0,0.0,42.3,0,1.81031746031746,network_default,0,0.0,none,0.44680851063829785,27.382624113475174,44.60094010793842,94.0,GBT,1,0.7352001649267963,0.4793717649222044,0.2647998350732037
ANWE|3C|1009|2026-06-16|2788,3C,ANWE,2026-06-16 06:12:00,2026-06-16,6.0,3.0,0.0,0.11666666666666667,1,1.81031746031746,network_default,0,0.0,none,0.6153846153846154,3.1628205128205127,3.2499512378546616,13.0,GBT,1,0.7355955838930694,0.47865593106341947,0.26440441610693055
ANWE|110|1052|2026-06-15|3177,110,ANWE,2026-06-15 18:05:00,2026-06-15,18.0,2.0,1.0,5.4,0,1.81031746031746,network_default,0,0.0,none,0.48275862068965514,5.261781609195403,13.27635119521479,58.0,GBT,1,0.7356752098748336,0.4785117827583369,0.2643247901251664
ANWE|79C|1014|2026-06-15|3050,79C,ANWE,2026-06-15 05:10:00,2026-06-15,5.0,2.0,0.0,-0.5166666666666667,1,1.81031746031746,network_default,0,0.0,none,0.8571428571428572,40.64880952380953,40.90669049842064,14.0,GBT,1,0.7365471594627254,0.47693327719485973,0.2634528405372746
ANWE|79C|1016|2026-06-15|3164,79C,ANWE,2026-06-15 05:30:00,2026-06-15,5.0,2.0,0.0,-0.65,1,1.81031746031746,network_default,0,0.0,none,0.75,35.56666666666668,40.53551346476139,16.0,GBT,1,0.7365471594627254,0.47693327719485973,0.2634528405372746
ANWE|79C|1096|2026-07-14|3043,79C,ANWE,2026-07-14 19:52:00,2026-07-14,19.0,3.0,0.0,0.4666666666666667,1,1.81031746031746,network_default,0,0.0,none,0.49190938511326865,17.51742179072276,32.62948483277765,309.0,GBT,1,0.7367010702872441,0.47665464974190175,0.2632989297127559
ANWE|110|1056|2026-06-15|3077,110,ANWE,2026-06-15 19:55:00,2026-06-15,19.0,2.0,0.0,5.466666666666667,0,1.81031746031746,network_default,0,0.0,none,0.4918032786885246,5.194535519125682,12.954342801529943,61.0,GBT,1,0.7372690795218753,0.47562637270682734,0.26273092047812474
ANWE|110|1106|2026-06-15|2968,110,ANWE,2026-06-15 21:00:00,2026-06-15,21.0,2.0,0.0,0.11666666666666667,1,1.81031746031746,network_default,0,0.0,none,0.5,5.1122395833333325,12.665828516612542,64.0,GBT,1,0.7372690795218753,0.47562637270682734,0.26273092047812474
ANWE|2|1091|2026-06-15|3105,2,ANWE,2026-06-15 13:42:00,2026-06-15,13.0,2.0,0.0,0.4666666666666667,1,1.81031746031746,network_default,1,2.0,roadworks,0.19047619047619047,1.568253968253968,4.853326757684236,42.0,GBT,1,0.7375514468647195,0.47511519817585296,0.2624485531352805
ANWE|2|1069|2026-06-15|3043,2,ANWE,2026-06-15 11:30:00,2026-06-15,11.0,2.0,0.0,5.7,0,1.81031746031746,network_default,1,2.0,roadworks,0.19354838709677424,1.846774193548387,5.543802711728754,31.0,GBT,1,0.7375514468647195,0.47511519817585296,0.2624485531352805
ANWE|1|5005|2026-07-12|3078,1,ANWE,2026-07-12 08:40:00,2026-07-12,8.0,1.0,1.0,5.316666666666666,0,1.81031746031746,network_default,0,0.0,none,0.21739130434782605,1.6685507246376812,4.241961647860234,115.0,GBT,1,0.7378421612861197,0.47458891278282617,0.2621578387138803
ANWE|1|1019|2026-06-15|3178,1,ANWE,2026-06-15 06:43:00,2026-06-15,6.0,2.0,0.0,-1.2333333333333334,1,1.81031746031746,network_default,1,5.0,roadworks,0.4,4.023333333333333,7.279934370888547,5.0,GBT,1,0.7382024682220848,0.473936642845575,0.2617975317779152
ANWE|110|1063|2026-06-16|3163,110,ANWE,2026-06-16 22:02:00,2026-06-16,22.0,3.0,0.0,2.566666666666667,0,1.81031746031746,network_default,1,2.0,roadworks,0.36363636363636365,4.312373737373737,11.555332205524621,132.0,GBT,1,0.7398732709763349,0.47091195944680947,0.26012672902366507
ANWE|110|1001|2026-06-16|3020,110,ANWE,2026-06-16 03:57:00,2026-06-16,3.0,3.0,0.0,-0.16666666666666666,1,1.81031746031746,network_default,0,0.0,none,0.4925373134328358,4.9318407960199,12.407661886759955,67.0,GBT,1,0.740104177821329,0.47049394475360995,0.259895822178671
ANWE|3C|1011|2026-06-16|2789,3C,ANWE,2026-06-16 06:25:00,2026-06-16,6.0,3.0,0.0,-0.08333333333333333,1,1.81031746031746,network_default,0,0.0,none,0.5714285714285714,2.9452380952380954,3.2268400870661296,14.0,GBT,1,0.740104177821329,0.47049394475360995,0.259895822178671
ANWE|3A|1013|2026-06-16|2793,3A,ANWE,2026-06-16 06:55:00,2026-06-16,6.0,3.0,0.0,0.0,1,1.81031746031746,network_default,0,0.0,none,0.75,7.831944444444446,8.194314542712881,12.0,GBT,1,0.740104177821329,0.47049394475360995,0.259895822178671
ANWE|1|5011|2026-07-12|3078,1,ANWE,2026-07-12 09:25:00,2026-07-12,9.0,1.0,1.0,-0.21666666666666667,1,1.81031746031746,network_default,0,0.0,none,0.22033898305084743,1.671045197740113,4.206533734408703,118.0,GBT,1,0.7410815039396474,0.4687246742171937,0.25891849606035255
ANWE|82A|1057|2026-07-14|3053,82A,ANWE,2026-07-14 16:27:00,2026-07-14,16.0,3.0,1.0,0.25,1,1.81031746031746,network_default,0,0.0,none,0.4257425742574258,24.27318481848184,40.805965921167456,202.0,GBT,1,0.743088639057786,0.4650911224676112,0.256911360942214
ANWE|79C|1062|2026-06-16|3050,79C,ANWE,2026-06-16 13:16:00,2026-06-16,13.0,3.0,0.0,-0.05,1,1.81031746031746,network_default,0,0.0,none,0.37142857142857144,6.288571428571425,20.418458507432447,175.0,GBT,1,0.743088639057786,0.4650911224676112,0.256911360942214
ANWE|82A|1016|2026-06-15|2788,82A,ANWE,2026-06-15 08:12:00,2026-06-15,8.0,2.0,1.0,0.23333333333333334,1,1.81031746031746,network_default,1,3.0,roadClosed,0.4137931034482759,38.72988505747127,53.48930214569952,29.0,GBT,1,0.7432004401779377,0.46488872694771743,0.25679955982206226
ANWE|110|1008|2026-06-15|3018,110,ANWE,2026-06-15 06:45:00,2026-06-15,6.0,2.0,0.0,-0.38333333333333336,1,1.81031746031746,network_default,0,0.0,none,0.5384615384615384,16.064102564102562,25.417996182125176,13.0,GBT,1,0.7435126105007821,0.46432359956167935,0.2564873894992179
ANWE|20|1001|2026-06-16|2788,20,ANWE,2026-06-16 19:30:00,2026-06-16,19.0,3.0,0.0,2.533333333333333,0,1.81031746031746,network_default,0,0.0,none,0.33333333333333337,16.2,27.32320442407881,3.0,GBT,1,0.7437047434810811,0.4639757778727413,0.25629525651891893
ANWE|82A|1018|2026-06-15|3049,82A,ANWE,2026-06-15 08:42:00,2026-06-15,8.0,2.0,1.0,0.15,1,1.81031746031746,network_default,1,3.0,roadClosed,0.3870967741935484,36.256451612903234,52.55504621742019,31.0,GBT,1,0.7442272522244715,0.46302987117141303,0.2557727477755285
ANWE|82A|1014|2026-06-15|3045,82A,ANWE,2026-06-15 07:42:00,2026-06-15,7.0,2.0,1.0,0.6333333333333333,1,1.81031746031746,network_default,1,3.0,roadClosed,0.40740740740740744,41.38456790123457,54.54064056074328,27.0,GBT,1,0.7442272522244715,0.46302987117141303,0.2557727477755285
ANWE|82A|1012|2026-06-15|3104,82A,ANWE,2026-06-15 07:12:00,2026-06-15,7.0,2.0,1.0,0.5833333333333334,1,1.81031746031746,network_default,1,3.0,roadClosed,0.43999999999999995,44.662000000000006,55.42126015214605,25.0,GBT,1,0.7442272522244715,0.46302987117141303,0.2557727477755285
ANWE|61|1511|2026-06-15|3078,61,ANWE,2026-06-15 08:51:00,2026-06-15,8.0,2.0,1.0,-0.7833333333333333,1,1.81031746031746,network_default,0,0.0,none,0.375,24.91666666666667,38.97046935156776,16.0,GBT,1,0.7466503999411119,0.4586432045510505,0.25334960005888807
ANWE|1|1037|2026-06-16|3163,1,ANWE,2026-06-16 08:36:00,2026-06-16,8.0,3.0,1.0,4.583333333333333,0,1.81031746031746,network_default,1,2.0,roadworks,0.295774647887324,1.9265258215962444,4.148324941605842,71.0,GBT,1,0.7481563407383673,0.45591697363157463,0.25184365926163266
ANWE|1|1039|2026-06-16|3044,1,ANWE,2026-06-16 08:48:00,2026-06-16,8.0,3.0,1.0,-0.15,1,1.81031746031746,network_default,1,2.0,roadworks,0.3055555555555556,1.9634259259259264,4.130891144795248,72.0,GBT,1,0.7481563407383673,0.45591697363157463,0.25184365926163266
ANWE|1|1033|2026-06-16|3163,1,ANWE,2026-06-16 08:12:00,2026-06-16,8.0,3.0,1.0,7.183333333333334,0,1.81031746031746,network_default,1,2.0,roadworks,0.28985507246376807,1.8814009661835753,4.1519559295722495,69.0,GBT,1,0.7481563407383673,0.45591697363157463,0.25184365926163266
ANWE|82A|1063|2026-06-15|3162,82A,ANWE,2026-06-15 17:57:00,2026-06-15,17.0,2.0,1.0,16.066666666666666,0,1.81031746031746,network_default,1,3.0,roadClosed,0.4492753623188406,19.040579710144925,39.15886952825489,69.0,GBT,1,0.7487469768510824,0.45484773476403256,0.2512530231489176
ANWE|X30|1019|2026-06-16|3046,X30,ANWE,2026-06-16 13:39:00,2026-06-16,13.0,3.0,0.0,-0.13333333333333333,1,1.81031746031746,network_default,0,0.0,none,0.30188679245283023,9.23805031446541,22.771066928766054,53.0,GBT,1,0.7517110283185817,0.4494818606391389,0.24828897168141828
ANWE|X30|1017|2026-06-16|3042,X30,ANWE,2026-06-16 12:32:00,2026-06-16,12.0,3.0,0.0,-0.1,1,1.81031746031746,network_default,0,0.0,none,0.3137254901960784,9.607516339869283,23.14243584455129,51.0,GBT,1,0.7517110283185817,0.4494818606391389,0.24828897168141828
ANWE|X30|1013|2026-06-16|3046,X30,ANWE,2026-06-16 10:31:00,2026-06-16,10.0,3.0,0.0,5.583333333333333,0,1.81031746031746,network_default,0,0.0,none,0.30434782608695654,9.40289855072464,23.38732042889481,46.0,GBT,1,0.7517110283185817,0.4494818606391389,0.24828897168141828
ANWE|1|1049|2026-06-16|3163,1,ANWE,2026-06-16 09:48:00,2026-06-16,9.0,3.0,1.0,-0.06666666666666667,1,1.81031746031746,network_default,1,2.0,roadworks,0.2857142857142857,1.8612554112554116,4.017025573211671,77.0,GBT,1,0.7519283475923226,0.4490884437634222,0.24807165240767737
ANWE|X4|1024|2026-06-16|2791,X4,ANWE,2026-06-16 16:25:00,2026-06-16,16.0,3.0,1.0,3.066666666666667,0,1.81031746031746,network_default,1,7.0,roadworks,0.2615384615384615,3.013333333333333,9.619688379250592,65.0,GBT,1,0.7519469278162495,0.4490548076596308,0.2480530721837505
ANWE|X4|1022|2026-06-16|2794,X4,ANWE,2026-06-16 15:25:00,2026-06-16,15.0,3.0,0.0,-0.21666666666666667,1,1.81031746031746,network_default,1,7.0,roadworks,0.2698412698412699,3.109523809523809,9.757902648956016,63.0,GBT,1,0.7519469278162495,0.4490548076596308,0.2480530721837505
ANWE|X30|1008|2026-06-15|3161,X30,ANWE,2026-06-15 07:51:00,2026-06-15,7.0,2.0,1.0,1.0833333333333333,1,1.81031746031746,network_default,1,5.0,roadworks,0.5833333333333333,28.137500000000003,37.9746686734537,12.0,GBT,1,0.7520925763550804,0.44879113756671546,0.24790742364491958
ANWE|82A|1013|2026-06-15|3045,82A,ANWE,2026-06-15 05:27:00,2026-06-15,5.0,2.0,0.0,0.18333333333333332,1,1.81031746031746,network_default,1,3.0,roadClosed,0.625,62.41875,56.13232576127921,16.0,GBT,1,0.7527189358222571,0.4476572280868503,0.24728106417774287
ANWE|X30|1019|2026-06-15|3054,X30,ANWE,2026-06-15 13:39:00,2026-06-15,13.0,2.0,0.0,0.75,1,1.81031746031746,network_default,1,9.0,roadworks,0.4347826086956522,15.268840579710146,30.18538482743762,23.0,GBT,1,0.7531265438375484,0.4469193281798032,0.2468734561624516
ANWE|X30|1021|2026-06-15|2794,X30,ANWE,2026-06-15 14:42:00,2026-06-15,14.0,2.0,0.0,1.0333333333333334,1,1.81031746031746,network_default,1,9.0,roadworks,0.4,14.097333333333333,29.183377625450248,25.0,GBT,1,0.7531265438375484,0.4469193281798032,0.2468734561624516
ANWE|61|5503|2026-07-12|3106,61,ANWE,2026-07-12 08:51:00,2026-07-12,8.0,1.0,1.0,1.2,1,1.81031746031746,network_default,0,0.0,none,0.3589743589743589,16.349786324786326,33.9611822689987,78.0,GBT,1,0.7543851602005667,0.44464083300199,0.24561483979943333
ANWE|82A|1065|2026-07-14|3078,82A,ANWE,2026-07-14 18:57:00,2026-07-14,18.0,3.0,1.0,0.21666666666666667,1,1.81031746031746,network_default,0,0.0,none,0.44495412844036697,24.694266055045865,40.67851255910242,218.0,GBT,1,0.7548351978647465,0.44382612196072474,0.2451648021352535
ANWE|79C|1049|2026-06-15|3020,79C,ANWE,2026-06-15 13:13:00,2026-06-15,13.0,2.0,0.0,9.483333333333333,0,1.81031746031746,network_default,1,4.0,roadworks,0.453125,11.142447916666663,25.103617706516246,64.0,GBT,1,0.7554930803347459,0.442635145838448,0.24450691966525406
ANWE|61|1515|2026-06-15|3101,61,ANWE,2026-06-15 10:51:00,2026-06-15,10.0,2.0,0.0,-1.2333333333333334,1,1.81031746031746,network_default,0,0.0,none,0.35,20.230000000000004,35.943825812440835,20.0,GBT,1,0.756373006521561,0.44104220009866607,0.24362699347843897
ANWE|61|1517|2026-06-15|2790,61,ANWE,2026-06-15 11:51:00,2026-06-15,11.0,2.0,0.0,1.7666666666666666,1,1.81031746031746,network_default,0,0.0,none,0.31818181818181823,18.292424242424246,34.75984452966946,22.0,GBT,1,0.756373006521561,0.44104220009866607,0.24362699347843897
ANWE|61|1519|2026-06-15|3137,61,ANWE,2026-06-15 12:51:00,2026-06-15,12.0,2.0,0.0,1.3333333333333333,1,1.81031746031746,network_default,0,0.0,none,0.29166666666666663,16.909722222222225,33.542914655571934,24.0,GBT,1,0.756373006521561,0.44104220009866607,0.24362699347843897
ANWE|110|5006|2026-07-12|3050,110,ANWE,2026-07-12 09:45:00,2026-07-12,9.0,1.0,1.0,-0.3333333333333333,1,1.81031746031746,network_default,0,0.0,none,0.3802816901408451,5.331455399061033,13.420072046073187,142.0,GBT,1,0.7574730374811435,0.4390507948456442,0.24252696251885653
ANWE|X30|3007|2026-07-12|2789,X30,ANWE,2026-07-12 09:27:00,2026-07-12,9.0,1.0,1.0,-0.13333333333333333,1,1.81031746031746,network_default,0,0.0,none,0.33333333333333337,10.30808080808081,22.330214524372153,66.0,GBT,1,0.7577738660202857,0.43850619968867316,0.24222613397971426
ANWE|82A|1044|2026-06-16|3078,82A,ANWE,2026-06-16 15:12:00,2026-06-16,15.0,3.0,0.0,7.566666666666666,0,1.81031746031746,network_default,0,0.0,none,0.30147058823529416,12.625245098039214,31.007347462291907,136.0,GBT,1,0.7579722778773854,0.4381470112394316,0.24202772212261459
ANWE|79C|1024|2026-06-15|3044,79C,ANWE,2026-06-15 06:50:00,2026-06-15,6.0,2.0,0.0,-0.7,1,1.81031746031746,network_default,1,2.0,roadworks,0.6,23.465333333333334,36.06735594432747,25.0,GBT,1,0.7583426384039929,0.43747654111150175,0.24165736159600715
ANWE|1|1111|2026-07-14|2791,1,ANWE,2026-07-14 16:00:00,2026-07-14,16.0,3.0,1.0,3.5,0,1.81031746031746,network_default,0,0.0,none,0.24193548387096775,2.07002688172043,4.811973163522642,124.0,GBT,1,0.7584666438575367,0.43725205187377675,0.2415333561424633
ANWE|82A|1053|2026-06-16|3043,82A,ANWE,2026-06-16 15:27:00,2026-06-16,15.0,3.0,0.0,8.683333333333334,0,1.81031746031746,network_default,0,0.0,none,0.3115942028985508,12.555314009661833,30.785638127953177,138.0,GBT,1,0.7589591812738705,0.436360402789128,0.24104081872612948
ANWE|82A|1038|2026-06-16|3045,82A,ANWE,2026-06-16 13:42:00,2026-06-16,13.0,3.0,0.0,-0.016666666666666666,1,1.81031746031746,network_default,0,0.0,none,0.3076923076923077,13.17358974358974,31.610979785512278,130.0,GBT,1,0.7589591812738705,0.436360402789128,0.24104081872612948
ANWE|79C|1013|2026-06-16|3104,79C,ANWE,2026-06-16 07:05:00,2026-06-16,7.0,3.0,1.0,0.03333333333333333,1,1.81031746031746,network_default,0,0.0,none,0.4,6.326172839506168,20.99999561130222,135.0,GBT,1,0.7594291822423198,0.4355095518295781,0.2405708177576802
ANWE|79C|1017|2026-06-16|3050,79C,ANWE,2026-06-16 07:53:00,2026-06-16,7.0,3.0,1.0,0.26666666666666666,1,1.81031746031746,network_default,0,0.0,none,0.4,6.698690476190471,21.599824497823096,140.0,GBT,1,0.7594291822423198,0.4355095518295781,0.2405708177576802
ANWE|79C|1015|2026-06-16|3018,79C,ANWE,2026-06-16 07:29:00,2026-06-16,7.0,3.0,1.0,0.18333333333333332,1,1.81031746031746,network_default,0,0.0,none,0.39855072463768115,6.778623188405793,21.746224792771613,138.0,GBT,1,0.7594291822423198,0.4355095518295781,0.2405708177576802
ANWE|82A|1058|2026-06-15|3160,82A,ANWE,2026-06-15 18:42:00,2026-06-15,18.0,2.0,1.0,0.9833333333333333,1,1.81031746031746,network_default,1,3.0,roadClosed,0.45070422535211263,18.74507042253521,38.65585618526131,71.0,GBT,1,0.7604379173598294,0.4336834210335152,0.23956208264017065
ANWE|82A|1048|2026-06-15|3140,82A,ANWE,2026-06-15 16:15:00,2026-06-15,16.0,2.0,1.0,0.26666666666666666,1,1.81031746031746,network_default,1,3.0,roadClosed,0.4516129032258065,20.66989247311828,40.938042376858355,62.0,GBT,1,0.7604379173598294,0.4336834210335152,0.23956208264017065
ANWE|1|1021|2026-06-15|2795,1,ANWE,2026-06-15 06:58:00,2026-06-15,6.0,2.0,0.0,-1.1333333333333333,1,1.81031746031746,network_default,1,5.0,roadworks,0.33333333333333337,3.147222222222222,6.855901080793802,6.0,GBT,1,0.7607747179518083,0.4330737050412105,0.2392252820481917
ANWE|110|1063|2026-07-14|3206,110,ANWE,2026-07-14 22:02:00,2026-07-14,22.0,3.0,0.0,1.8333333333333333,1,1.81031746031746,network_default,0,0.0,none,0.4134078212290503,7.679422718808196,16.771969778893748,179.0,GBT,1,0.7613584069222122,0.4320170427066935,0.23864159307778776
ANWE|1|1115|2026-07-14|2791,1,ANWE,2026-07-14 16:24:00,2026-07-14,16.0,3.0,1.0,-0.18333333333333332,1,1.81031746031746,network_default,0,0.0,none,0.24603174603174605,2.0644179894179895,4.778854978234665,126.0,GBT,1,0.7615335056100488,0.43170005849482423,0.23846649438995116
ANWE|2|5011|2026-07-12|3077,2,ANWE,2026-07-12 09:33:00,2026-07-12,9.0,1.0,1.0,-0.18333333333333332,1,1.81031746031746,network_default,0,0.0,none,0.15652173913043477,1.140289855072464,3.7484961133937627,115.0,GBT,1,0.7622020244358285,0.4304898271919644,0.23779797556417148
ANWE|2|5013|2026-07-12|3078,2,ANWE,2026-07-12 09:48:00,2026-07-12,9.0,1.0,1.0,1.1833333333333333,1,1.81031746031746,network_default,0,0.0,none,0.15517241379310343,1.1288793103448278,3.7341855638038224,116.0,GBT,1,0.7622020244358285,0.4304898271919644,0.23779797556417148
ANWE|X30|1011|2026-06-16|3042,X30,ANWE,2026-06-16 09:24:00,2026-06-16,9.0,3.0,1.0,2.0833333333333335,0,1.81031746031746,network_default,0,0.0,none,0.2790697674418605,8.709689922480623,23.031191247348307,43.0,GBT,1,0.7631889889316791,0.42870310813241264,0.23681101106832092
ANWE|X30|1027|2026-06-16|3163,X30,ANWE,2026-06-16 18:05:00,2026-06-16,18.0,3.0,1.0,1.6,1,1.81031746031746,network_default,0,0.0,none,0.29508196721311475,8.60737704918033,21.47882840548179,61.0,GBT,1,0.7631889889316791,0.42870310813241264,0.23681101106832092
ANWE|79C|1100|2026-07-14|3001,79C,ANWE,2026-07-14 21:22:00,2026-07-14,21.0,3.0,0.0,1.0,1,1.81031746031746,network_default,0,0.0,none,0.48580441640378547,17.27644584647739,32.42823772617974,317.0,GBT,1,0.7633536976969375,0.428404932978798,0.2366463023030625
ANWE|79C|5018|2026-07-12|3018,79C,ANWE,2026-07-12 09:26:00,2026-07-12,9.0,1.0,1.0,0.05,1,1.81031746031746,network_default,0,0.0,none,0.40082644628099173,8.931887052341594,23.327354973547223,242.0,GBT,1,0.7646699098399934,0.42602217115474206,0.2353300901600066
ANWE|X30|1005|2026-06-16|3042,X30,ANWE,2026-06-16 05:59:00,2026-06-16,5.0,3.0,0.0,0.06666666666666667,1,1.81031746031746,network_default,1,5.0,maintenanceWork,0.34285714285714286,10.618095238095242,25.199239851146913,35.0,GBT,1,0.7648890545818805,0.4256254496021671,0.2351109454181195
ANWE|110|1002|2026-06-16|3020,110,ANWE,2026-06-16 05:00:00,2026-06-16,5.0,3.0,0.0,-0.16666666666666666,1,1.81031746031746,network_default,0,0.0,none,0.4714285714285714,4.7421428571428565,12.168973946213038,70.0,GBT,1,0.765092575189964,0.4252570126918191,0.23490742481003601
ANWE|X30|1010|2026-06-15|3054,X30,ANWE,2026-06-15 09:03:00,2026-06-15,9.0,2.0,1.0,-0.95,1,1.81031746031746,network_default,1,5.0,roadworks,0.5,24.285714285714285,36.277872194893284,14.0,GBT,1,0.7655272596311604,0.4244700958581929,0.23447274036883958
ANWE|X4|1030|2026-06-15|2792,X4,ANWE,2026-06-15 19:25:00,2026-06-15,19.0,2.0,0.0,0.45,1,1.81031746031746,network_default,1,7.0,specialEvent,0.3666666666666667,1.6066666666666667,2.371003796671658,30.0,GBT,1,0.7655906757463864,0.4243552925575338,0.2344093242536136
ANWE|X30|1007|2026-06-16|3046,X30,ANWE,2026-06-16 07:24:00,2026-06-16,7.0,3.0,1.0,0.08333333333333333,1,1.81031746031746,network_default,0,0.0,none,0.3157894736842105,9.786403508771933,24.32701073457707,38.0,GBT,1,0.7656336144021723,0.4242775599592421,0.23436638559782774
ANWE|1|1027|2026-06-16|3044,1,ANWE,2026-06-16 07:36:00,2026-06-16,7.0,3.0,1.0,2.433333333333333,0,1.81031746031746,network_default,1,2.0,roadworks,0.2615384615384615,1.4938461538461538,2.947040607799134,65.0,GBT,1,0.7660555629649536,0.4235136991086832,0.23394443703504642
ANWE|82A|1066|2026-06-16|3160,82A,ANWE,2026-06-16 22:20:00,2026-06-16,22.0,3.0,0.0,-0.2833333333333333,1,1.81031746031746,network_default,0,0.0,none,0.2993630573248408,11.187579617834391,29.097335846490417,157.0,GBT,1,0.7668255731356112,0.42211973625211974,0.23317442686438883
ANWE|X4|1026|2026-07-14|2794,X4,ANWE,2026-07-14 17:35:00,2026-07-14,17.0,3.0,1.0,5.633333333333334,0,1.81031746031746,network_default,0,0.0,none,0.32978723404255317,9.703191489361702,21.84975596163512,94.0,GBT,1,0.766867440973881,0.422043942173474,0.23313255902611896
ANWE|3A|1013|2026-06-15|3159,3A,ANWE,2026-06-15 06:55:00,2026-06-15,6.0,2.0,0.0,-0.3333333333333333,1,1.81031746031746,network_default,1,2.0,roadworks,1.0,28.366666666666667,0.0,1.0,GBT,1,0.767422494459028,0.42103911915790243,0.232577505540972
ANWE|110|5009|2026-07-12|3177,110,ANWE,2026-07-12 09:46:00,2026-07-12,9.0,1.0,1.0,-0.18333333333333332,1,1.81031746031746,network_default,0,0.0,none,0.3776223776223776,5.291841491841492,13.381122524372048,143.0,GBT,1,0.7675863511208705,0.42074248658197966,0.23241364887912952
ANWE|20A|1003|0001-01-01|3049,20A,ANWE,2026-07-14 18:20:00,2026-07-14,18.0,3.0,1.0,37.483333333333334,0,1.81031746031746,network_default,0,0.0,none,0.625,3.74375,3.4414252480760403,8.0,GBT,1,0.7676911225134784,0.42055281710059983,0.23230887748652163
ANWE|1|1051|2026-06-16|3044,1,ANWE,2026-06-16 10:00:00,2026-06-16,10.0,3.0,0.0,-0.08333333333333333,1,1.81031746031746,network_default,1,2.0,roadworks,0.28205128205128205,1.836538461538462,3.9968214803556013,78.0,GBT,1,0.7686705423290111,0.41877975630756,0.2313294576709889
ANWE|X30|1023|2026-07-14|2792,X30,ANWE,2026-07-14 15:47:00,2026-07-14,15.0,3.0,0.0,16.533333333333335,0,1.81031746031746,network_default,0,0.0,none,0.3835616438356164,14.20730593607306,26.067120151269506,73.0,GBT,1,0.7712592566148769,0.41409336163608385,0.22874074338512307
ANWE|X4|1032|2026-06-15|2789,X4,ANWE,2026-06-15 20:25:00,2026-06-15,20.0,2.0,0.0,0.03333333333333333,1,1.81031746031746,network_default,1,7.0,specialEvent,0.34375,1.5317708333333335,2.3121285301759853,32.0,GBT,1,0.7717740516758217,0.41316141914877036,0.2282259483241783
ANWE|X4|1036|2026-06-15|2792,X4,ANWE,2026-06-15 22:15:00,2026-06-15,22.0,2.0,0.0,0.4,1,1.81031746031746,network_default,1,7.0,specialEvent,0.33333333333333337,1.4708333333333334,2.2148358891513866,36.0,GBT,1,0.7717740516758217,0.41316141914877036,0.2282259483241783
ANWE|1|1079|2026-06-15|3178,1,ANWE,2026-06-15 12:48:00,2026-06-15,12.0,2.0,0.0,1.9833333333333334,1,1.81031746031746,network_default,1,7.0,roadworks,0.2571428571428571,1.4590476190476191,3.1559165901223563,35.0,GBT,1,0.7724002212527339,0.41202785343056664,0.2275997787472661
ANWE|X4|1027|2026-06-15|2793,X4,ANWE,2026-06-15 17:01:00,2026-06-15,17.0,2.0,1.0,-0.6333333333333333,1,1.81031746031746,network_default,1,7.0,specialEvent,0.36,1.5719999999999998,2.403550229078582,25.0,GBT,1,0.7724002212527339,0.41202785343056664,0.2275997787472661
ANWE|X4|1029|2026-06-15|2792,X4,ANWE,2026-06-15 18:00:00,2026-06-15,18.0,2.0,1.0,0.38333333333333336,1,1.81031746031746,network_default,1,7.0,specialEvent,0.37037037037037035,1.6246913580246913,2.454197391607636,27.0,GBT,1,0.7724002212527339,0.41202785343056664,0.2275997787472661
ANWE|1|1093|2026-06-16|2788,1,ANWE,2026-06-16 14:12:00,2026-06-16,14.0,3.0,0.0,12.6,0,1.81031746031746,network_default,1,2.0,roadworks,0.23469387755102045,1.6447278911564627,4.046005197484129,98.0,GBT,1,0.7727000464828652,0.41148507458141625,0.22729995351713483
ANWE|110|1053|2026-07-14|3206,110,ANWE,2026-07-14 17:18:00,2026-07-14,17.0,3.0,1.0,-0.016666666666666666,1,1.81031746031746,network_default,0,0.0,none,0.42592592592592593,8.144135802469135,17.438083058636664,162.0,GBT,1,0.7727133165477884,0.4114610515511862,0.2272866834522116
ANWE|110|1013|2026-06-16|3159,110,ANWE,2026-06-16 07:15:00,2026-06-16,7.0,3.0,1.0,1.9,1,1.81031746031746,network_default,1,2.0,roadworks,0.45569620253164556,5.518143459915612,13.748192885618861,79.0,GBT,1,0.7732618472894852,0.4104680367719716,0.22673815271051478
ANWE|110|1015|2026-06-16|3178,110,ANWE,2026-06-16 07:45:00,2026-06-16,7.0,3.0,1.0,1.05,1,1.81031746031746,network_default,1,2.0,roadworks,0.4444444444444444,5.415637860082304,13.590983363592114,81.0,GBT,1,0.7751383683091598,0.4070709380054019,0.22486163169084017
ANWE|110|1017|2026-06-16|3136,110,ANWE,2026-06-16 08:15:00,2026-06-16,8.0,3.0,1.0,1.7666666666666666,1,1.81031746031746,network_default,1,2.0,roadworks,0.4457831325301205,5.378714859437751,13.43358760104863,83.0,GBT,1,0.7751383683091598,0.4070709380054019,0.22486163169084017
ANWE|X30|1009|2026-06-16|3054,X30,ANWE,2026-06-16 08:24:00,2026-06-16,8.0,3.0,1.0,0.06666666666666667,1,1.81031746031746,network_default,0,0.0,none,0.29268292682926833,9.119918699186993,23.521186141290265,41.0,GBT,1,0.7752955902760239,0.4067863163336424,0.2247044097239761
ANWE|79C|1094|2026-06-15|3001,79C,ANWE,2026-06-15 19:22:00,2026-06-15,19.0,2.0,0.0,1.1666666666666667,1,1.81031746031746,network_default,1,2.0,roadworks,0.48,7.694999999999997,23.95158726572623,100.0,GBT,1,0.7754190237710495,0.4065628625224095,0.22458097622895046
ANWE|79C|1095|2026-07-13|MX14_HRO,79C,ANWE,2026-07-13 22:16:00,2026-07-13,22.0,2.0,0.0,43.1,0,1.81031746031746,network_default,0,0.0,none,0.4189723320158103,12.013570487483529,28.24326608628029,253.0,GBT,1,0.7755782065138458,0.4062746912237442,0.2244217934861542
ANWE|61|5506|2026-07-12|3105,61,ANWE,2026-07-12 09:21:00,2026-07-12,9.0,1.0,1.0,0.25,1,1.81031746031746,network_default,0,0.0,none,0.35443037974683544,16.15801687763713,33.785802879556314,79.0,GBT,1,0.7760352889788706,0.40544722685650475,0.22396471102112936
ANWE|79C|5016|2026-07-12|3042,79C,ANWE,2026-07-12 08:58:00,2026-07-12,8.0,1.0,1.0,0.7833333333333333,1,1.81031746031746,network_default,0,0.0,none,0.40167364016736407,9.007949790794976,23.46047960298233,239.0,GBT,1,0.7767229508782317,0.40420234051329634,0.22327704912176827
ANWE|82A|1019|2026-06-15|3106,82A,ANWE,2026-06-15 06:57:00,2026-06-15,6.0,2.0,0.0,0.18333333333333332,1,1.81031746031746,network_default,1,3.0,roadClosed,0.45833333333333337,46.51527777777778,55.81631471465383,24.0,GBT,1,0.7768601336033705,0.4039539962307237,0.22313986639662953
ANWE|82A|1005|2026-06-15|3162,82A,ANWE,2026-06-15 04:27:00,2026-06-15,4.0,2.0,0.0,0.16666666666666666,1,1.81031746031746,network_default,1,3.0,roadClosed,0.8181818181818181,90.23787878787878,44.72634886538675,11.0,GBT,1,0.7768601336033705,0.4039539962307237,0.22313986639662953
ANWE|82A|1015|2026-06-15|2788,82A,ANWE,2026-06-15 05:50:00,2026-06-15,5.0,2.0,0.0,-0.5166666666666667,1,1.81031746031746,network_default,1,3.0,roadClosed,0.5882352941176471,58.7578431372549,56.406991451774154,17.0,GBT,1,0.7768601336033705,0.4039539962307237,0.22313986639662953
ANWE|82A|1017|2026-06-15|3049,82A,ANWE,2026-06-15 06:27:00,2026-06-15,6.0,2.0,0.0,0.06666666666666667,1,1.81031746031746,network_default,1,3.0,roadClosed,0.5,49.925,56.078130412187555,20.0,GBT,1,0.7768601336033705,0.4039539962307237,0.22313986639662953
ANWE|61|1509|2026-06-15|3137,61,ANWE,2026-06-15 07:51:00,2026-06-15,7.0,2.0,1.0,1.4666666666666666,1,1.81031746031746,network_default,0,0.0,none,0.3846153846153846,28.033333333333342,42.19465968052777,13.0,GBT,1,0.7770264513058324,0.40365290838999707,0.22297354869416763
ANWE|X4|1002|2026-06-16|2792,X4,ANWE,2026-06-16 05:17:00,2026-06-16,5.0,3.0,0.0,15.066666666666666,0,1.81031746031746,network_default,1,5.0,maintenanceWork,0.31707317073170727,3.025609756097561,10.827496567100317,41.0,GBT,1,0.7777778519595901,0.4022926346668054,0.22222214804040985
ANWE|82A|1040|2026-06-16|3162,82A,ANWE,2026-06-16 14:12:00,2026-06-16,14.0,3.0,0.0,2.4833333333333334,0,1.81031746031746,network_default,0,0.0,none,0.303030303030303,12.973232323232322,31.410627064905658,132.0,GBT,1,0.7777841194372255,0.40228128854261,0.22221588056277453
ANWE|82A|1046|2026-06-16|3138,82A,ANWE,2026-06-16 15:45:00,2026-06-16,15.0,3.0,0.0,0.16666666666666666,1,1.81031746031746,network_default,0,0.0,none,0.3165467625899281,12.52745803357314,30.6756512426364,139.0,GBT,1,0.7777841194372255,0.40228128854261,0.22221588056277453
ANWE|82A|1042|2026-06-16|3160,82A,ANWE,2026-06-16 14:42:00,2026-06-16,14.0,3.0,0.0,0.03333333333333333,1,1.81031746031746,network_default,0,0.0,none,0.30597014925373134,12.81281094527363,31.201013997870604,134.0,GBT,1,0.7777841194372255,0.40228128854261,0.22221588056277453
ANWE|X30|1006|2026-06-15|2794,X30,ANWE,2026-06-15 06:53:00,2026-06-15,6.0,2.0,0.0,-0.8166666666666667,1,1.81031746031746,network_default,1,5.0,roadworks,0.5,33.325,44.89232620817229,8.0,GBT,1,0.7778474748359151,0.40216659515815684,0.2221525251640849
ANWE|82A|1048|2026-06-16|2968,82A,ANWE,2026-06-16 16:15:00,2026-06-16,16.0,3.0,1.0,-0.06666666666666667,1,1.81031746031746,network_default,0,0.0,none,0.3120567375886525,12.350591016548462,30.491680455972848,141.0,GBT,1,0.7787138221260486,0.4005982315321295,0.22128617787395144
ANWE|X4|1028|2026-07-14|2790,X4,ANWE,2026-07-14 18:27:00,2026-07-14,18.0,3.0,1.0,0.9666666666666667,1,1.81031746031746,network_default,0,0.0,none,0.34693877551020413,9.886734693877552,21.68244376134351,98.0,GBT,1,0.7787813071461536,0.40047606222192356,0.22121869285384643
ANWE|X4|1024|2026-07-14|2795,X4,ANWE,2026-07-14 16:25:00,2026-07-14,16.0,3.0,1.0,1.5,1,1.81031746031746,network_default,0,0.0,none,0.3369565217391305,9.890036231884057,22.050899889962743,92.0,GBT,1,0.7787813071461536,0.40047606222192356,0.22121869285384643
ANWE|110|5005|2026-07-12|3050,110,ANWE,2026-07-12 08:40:00,2026-07-12,8.0,1.0,1.0,5.05,0,1.81031746031746,network_default,0,0.0,none,0.3840579710144928,5.451811594202899,13.59008089758296,138.0,GBT,1,0.7794013651476629,0.39935356039538167,0.2205986348523371
ANWE|61|1514|2026-06-15|2790,61,ANWE,2026-06-15 09:21:00,2026-06-15,9.0,2.0,1.0,3.5833333333333335,0,1.81031746031746,network_default,0,0.0,none,0.3529411764705882,23.404901960784315,38.244362222817436,17.0,GBT,1,0.7796937099158796,0.3988243235570465,0.2203062900841204
ANWE|61|1518|2026-06-15|3078,61,ANWE,2026-06-15 11:21:00,2026-06-15,11.0,2.0,0.0,-0.9333333333333333,1,1.81031746031746,network_default,0,0.0,none,0.33333333333333337,19.207936507936513,35.345403841961165,21.0,GBT,1,0.7796937099158796,0.3988243235570465,0.2203062900841204
ANWE|61|1522|2026-06-15|3101,61,ANWE,2026-06-15 13:21:00,2026-06-15,13.0,2.0,0.0,-0.9666666666666667,1,1.81031746031746,network_default,0,0.0,none,0.28,16.28666666666667,32.984114091595785,25.0,GBT,1,0.7796937099158796,0.3988243235570465,0.2203062900841204
ANWE|61|1520|2026-06-15|2791,61,ANWE,2026-06-15 12:21:00,2026-06-15,12.0,2.0,0.0,1.6333333333333333,1,1.81031746031746,network_default,0,0.0,none,0.30434782608695654,17.573913043478264,34.1350322235264,23.0,GBT,1,0.7796937099158796,0.3988243235570465,0.2203062900841204
ANWE|X30|3004|2026-07-12|3045,X30,ANWE,2026-07-12 09:00:00,2026-07-12,9.0,1.0,1.0,7.366666666666666,0,1.81031746031746,network_default,0,0.0,none,0.32307692307692304,10.353333333333335,22.50094311295023,65.0,GBT,1,0.779741030213883,0.39873865879534354,0.22025896978611703
ANWE|82A|1001|2026-06-15|3138,82A,ANWE,2026-06-15 03:57:00,2026-06-15,3.0,2.0,0.0,0.16666666666666666,1,1.81031746031746,network_default,1,3.0,roadClosed,1.0,110.23333333333333,5.16532912794528,9.0,GBT,1,0.7807153663915973,0.3969748010006083,0.21928463360840267
ANWE|X30|1023|2026-06-15|3161,X30,ANWE,2026-06-15 15:47:00,2026-06-15,15.0,2.0,0.0,1.05,1,1.81031746031746,network_default,1,9.0,roadworks,0.37037037037037035,13.13456790123457,28.25223761122564,27.0,GBT,1,0.7808450022483955,0.3967401189455634,0.21915499775160452
ANWE|82A|1060|2026-07-14|3048,82A,ANWE,2026-07-14 19:12:00,2026-07-14,19.0,3.0,0.0,-0.05,1,1.81031746031746,network_default,0,0.0,none,0.4429223744292238,24.58249619482495,40.618797188934586,219.0,GBT,1,0.7809934433170448,0.3964713934871594,0.2190065566829552
ANWE|79C|1018|2026-06-16|3050,79C,ANWE,2026-06-16 05:43:00,2026-06-16,5.0,3.0,0.0,1.3833333333333333,1,1.81031746031746,network_default,0,0.0,none,0.41129032258064513,6.714784946236556,21.845871388007,124.0,GBT,1,0.7813289552547342,0.3958640103682152,0.21867104474526577
ANWE|2|1115|2026-07-14|3049,2,ANWE,2026-07-14 16:06:00,2026-07-14,16.0,3.0,1.0,0.016666666666666666,1,1.81031746031746,network_default,0,0.0,none,0.2016129032258065,4.991532258064517,23.004229069579182,124.0,GBT,1,0.78147764823933,0.39559482886197483,0.21852235176067003
ANWE|X4|1022|2026-07-14|2790,X4,ANWE,2026-07-14 15:25:00,2026-07-14,15.0,3.0,0.0,38.416666666666664,0,1.81031746031746,network_default,0,0.0,none,0.3258426966292135,9.352621722846441,21.967177061435596,89.0,GBT,1,0.7817462754615341,0.39510852831130217,0.21825372453846592
ANWE|X30|1004|2026-06-15|3054,X30,ANWE,2026-06-15 05:56:00,2026-06-15,5.0,2.0,0.0,1.1166666666666667,1,1.81031746031746,network_default,1,3.0,roadClosed,0.8,52.790000000000006,47.57909146299921,5.0,GBT,1,0.7820553157177421,0.39454906733954775,0.21794468428225788
ANWE|X30|1025|2026-07-14|3105,X30,ANWE,2026-07-14 17:05:00,2026-07-14,17.0,3.0,1.0,1.5,1,1.81031746031746,network_default,0,0.0,none,0.4078947368421053,14.001315789473686,25.585309552793785,76.0,GBT,1,0.7820954941514833,0.3944763316194179,0.21790450584851673
ANWE|82A|1059|2026-06-16|3160,82A,ANWE,2026-06-16 16:57:00,2026-06-16,16.0,3.0,1.0,0.08333333333333333,1,1.81031746031746,network_default,0,0.0,none,0.3125,12.134953703703703,30.2101971417277,144.0,GBT,1,0.7821036444741185,0.3944615769480441,0.2178963555258815
ANWE|X30|1021|2026-06-16|3163,X30,ANWE,2026-06-16 14:42:00,2026-06-16,14.0,3.0,0.0,-0.06666666666666667,1,1.81031746031746,network_default,0,0.0,none,0.2909090909090909,8.896363636363638,22.415801922581274,55.0,GBT,1,0.7823059954543606,0.39409525743539947,0.21769400454563936
ANWE|61|1505|2026-06-15|3101,61,ANWE,2026-06-15 05:46:00,2026-06-15,5.0,2.0,0.0,0.95,1,1.81031746031746,network_default,0,0.0,none,0.4444444444444444,39.62777777777779,46.67067319110698,9.0,GBT,1,0.7828595110505056,0.3930932184871403,0.21714048894949445
ANWE|61|1507|2026-06-15|2790,61,ANWE,2026-06-15 06:48:00,2026-06-15,6.0,2.0,0.0,4.25,0,1.81031746031746,network_default,0,0.0,none,0.36363636363636365,32.59848484848486,44.57696369111733,11.0,GBT,1,0.7828595110505056,0.3930932184871403,0.21714048894949445
ANWE|X4|1018|2026-06-16|2791,X4,ANWE,2026-06-16 13:18:00,2026-06-16,13.0,3.0,0.0,0.9666666666666667,1,1.81031746031746,network_default,1,7.0,roadworks,0.288135593220339,3.30593220338983,10.057437423894532,59.0,GBT,1,0.7832819523000524,0.3923284657171274,0.21671804769994762
ANWE|X4|1016|2026-06-16|2794,X4,ANWE,2026-06-16 12:18:00,2026-06-16,12.0,3.0,0.0,-0.13333333333333333,1,1.81031746031746,network_default,1,7.0,roadworks,0.29824561403508776,3.4073099415204675,10.219844344607921,57.0,GBT,1,0.7832819523000524,0.3923284657171274,0.21671804769994762
ANWE|X30|1018|2026-06-16|3163,X30,ANWE,2026-06-16 13:12:00,2026-06-16,13.0,3.0,0.0,-0.26666666666666666,1,1.81031746031746,network_default,0,0.0,none,0.3076923076923077,9.420833333333334,22.953935322434205,52.0,GBT,1,0.7848045245291847,0.38957212662613466,0.2151954754708153
ANWE|82A|1060|2026-06-16|3160,82A,ANWE,2026-06-16 19:12:00,2026-06-16,19.0,3.0,0.0,-0.21666666666666667,1,1.81031746031746,network_default,0,0.0,none,0.3092105263157895,11.543201754385962,29.507315499274785,152.0,GBT,1,0.7848230645261645,0.38953856334588793,0.21517693547383554
ANWE|110|1011|2026-06-16|3137,110,ANWE,2026-06-16 06:43:00,2026-06-16,6.0,3.0,0.0,-0.13333333333333333,1,1.81031746031746,network_default,1,2.0,roadworks,0.4675324675324676,5.664935064935065,13.896923853002049,77.0,GBT,1,0.7848418045212548,0.38950463800556956,0.21515819547874515
ANWE|110|1047|2026-07-14|3044,110,ANWE,2026-07-14 15:48:00,2026-07-14,15.0,3.0,0.0,15.316666666666666,0,1.81031746031746,network_default,0,0.0,none,0.4117647058823529,7.592483660130718,17.076242852584414,153.0,GBT,1,0.7864190754813989,0.3866492768467691,0.2135809245186011
ANWE|61|1525|2026-07-14|3136,61,ANWE,2026-07-14 16:01:00,2026-07-14,16.0,3.0,1.0,11.2,0,1.81031746031746,network_default,0,0.0,none,0.4526315789473684,27.539649122807013,44.389459231805525,95.0,GBT,1,0.7864688760400804,0.38655912202585435,0.21353112395991958
ANWE|82A|1020|2026-06-16|3045,82A,ANWE,2026-06-16 09:12:00,2026-06-16,9.0,3.0,1.0,-0.21666666666666667,1,1.81031746031746,network_default,0,0.0,none,0.339622641509434,14.182232704402516,33.69255434593522,106.0,GBT,1,0.7870883344008022,0.38543770573950015,0.21291166559919783
ANWE|82A|1012|2026-06-16|2968,82A,ANWE,2026-06-16 07:12:00,2026-06-16,7.0,3.0,1.0,0.26666666666666666,1,1.81031746031746,network_default,1,3.0,roadClosed,0.3608247422680413,14.77697594501718,34.55866485011819,97.0,GBT,1,0.7877861787446917,0.38417438593917314,0.2122138212553083
ANWE|X30|1003|2026-06-16|3054,X30,ANWE,2026-06-16 05:58:00,2026-06-16,5.0,3.0,0.0,0.1,1,1.81031746031746,network_default,1,5.0,maintenanceWork,0.3529411764705882,10.927450980392159,25.51064737188262,34.0,GBT,1,0.7880953061466621,0.3836147672059235,0.21190469385333788
ANWE|X4|1019|2026-06-15|2789,X4,ANWE,2026-06-15 12:46:00,2026-06-15,12.0,2.0,0.0,1.5,1,1.81031746031746,network_default,1,7.0,specialEvent,0.4117647058823529,1.8196078431372549,2.658635270823731,17.0,GBT,1,0.788583498184049,0.382730984636654,0.21141650181595095
ANWE|X4|1020|2026-06-16|2792,X4,ANWE,2026-06-16 14:23:00,2026-06-16,14.0,3.0,0.0,-0.11666666666666667,1,1.81031746031746,network_default,1,7.0,roadworks,0.2786885245901639,3.213387978142076,9.901765564446599,61.0,GBT,1,0.7906636662880985,0.3789652199974979,0.20933633371190152
ANWE|79C|1052|2026-06-16|3164,79C,ANWE,2026-06-16 11:41:00,2026-06-16,11.0,3.0,0.0,2.0166666666666666,0,1.81031746031746,network_default,0,0.0,none,0.37575757575757573,6.5812121212121175,20.989436880998586,165.0,GBT,1,0.7912717358256102,0.3778644210966533,0.20872826417438983
ANWE|79C|1046|2026-06-16|3105,79C,ANWE,2026-06-16 10:41:00,2026-06-16,10.0,3.0,0.0,1.05,1,1.81031746031746,network_default,0,0.0,none,0.3836477987421384,6.778825995807123,21.355207888418594,159.0,GBT,1,0.7912717358256102,0.3778644210966533,0.20872826417438983
ANWE|X30|1027|2026-06-15|2794,X30,ANWE,2026-06-15 18:05:00,2026-06-15,18.0,2.0,1.0,0.31666666666666665,1,1.81031746031746,network_default,1,9.0,roadworks,0.3666666666666667,12.056666666666668,26.96503824132876,30.0,GBT,1,0.7913499810356153,0.37772277242679486,0.20865001896438473
ANWE|X30|1025|2026-06-15|3054,X30,ANWE,2026-06-15 17:05:00,2026-06-15,17.0,2.0,1.0,0.08333333333333333,1,1.81031746031746,network_default,1,9.0,roadworks,0.3793103448275862,12.469540229885059,27.3456585411817,29.0,GBT,1,0.7913499810356153,0.37772277242679486,0.20865001896438473
ANWE|61|1521|2026-06-16|3203,61,ANWE,2026-06-16 13:51:00,2026-06-16,13.0,3.0,0.0,-0.3,1,1.81031746031746,network_default,0,0.0,none,0.288135593220339,10.844915254237291,27.432970775637585,59.0,GBT,1,0.7917852489202104,0.3769347993753968,0.2082147510797896
ANWE|61|1527|2026-06-16|3206,61,ANWE,2026-06-16 17:01:00,2026-06-16,17.0,3.0,1.0,-0.3333333333333333,1,1.81031746031746,network_default,1,1.0,unknown,0.28787878787878785,11.549747474747477,29.19342896624247,66.0,GBT,1,0.7917852489202104,0.3769347993753968,0.2082147510797896
ANWE|61|1529|2026-06-16|3041,61,ANWE,2026-06-16 17:51:00,2026-06-16,17.0,3.0,1.0,0.016666666666666666,1,1.81031746031746,network_default,1,1.0,unknown,0.27941176470588236,11.204656862745098,28.82368858413613,68.0,GBT,1,0.7917852489202104,0.3769347993753968,0.2082147510797896
ANWE|X30|1023|2026-06-16|3042,X30,ANWE,2026-06-16 15:47:00,2026-06-16,15.0,3.0,0.0,-0.36666666666666664,1,1.81031746031746,network_default,0,0.0,none,0.2931034482758621,8.83189655172414,21.964116643442157,58.0,GBT,1,0.7917852489202104,0.3769347993753968,0.2082147510797896
ANWE|61|1527|2026-06-15|2790,61,ANWE,2026-06-15 17:01:00,2026-06-15,17.0,2.0,1.0,2.05,0,1.81031746031746,network_default,0,0.0,none,0.28125,13.457812500000001,29.648300459724325,32.0,GBT,1,0.7917852489202104,0.3769347993753968,0.2082147510797896
ANWE|61|1523|2026-06-16|3089,61,ANWE,2026-06-16 14:51:00,2026-06-16,14.0,3.0,0.0,1.0333333333333334,1,1.81031746031746,network_default,1,1.0,unknown,0.29032258064516125,12.197311827956993,30.01630692106972,62.0,GBT,1,0.7917852489202104,0.3769347993753968,0.2082147510797896
ANWE|61|1519|2026-06-16|3041,61,ANWE,2026-06-16 12:51:00,2026-06-16,12.0,3.0,0.0,1.55,1,1.81031746031746,network_default,0,0.0,none,0.29824561403508776,11.196491228070178,27.851661654434846,57.0,GBT,1,0.7917852489202104,0.3769347993753968,0.2082147510797896
ANWE|61|1515|2026-06-16|3161,61,ANWE,2026-06-16 10:51:00,2026-06-16,10.0,3.0,0.0,10.95,0,1.81031746031746,network_default,0,0.0,none,0.28301886792452835,11.687735849056605,28.81957785693537,53.0,GBT,1,0.7917852489202104,0.3769347993753968,0.2082147510797896
ANWE|61|1525|2026-06-16|3161,61,ANWE,2026-06-16 16:01:00,2026-06-16,16.0,3.0,1.0,0.5333333333333333,1,1.81031746031746,network_default,1,1.0,unknown,0.28125,11.84088541666667,29.603695418794317,64.0,GBT,1,0.7917852489202104,0.3769347993753968,0.2082147510797896
ANWE|61|1513|2026-06-16|3089,61,ANWE,2026-06-16 09:51:00,2026-06-16,9.0,3.0,1.0,10.833333333333334,0,1.81031746031746,network_default,0,0.0,none,0.27450980392156865,11.929738562091503,29.344115123389354,51.0,GBT,1,0.7917852489202104,0.3769347993753968,0.2082147510797896
ANWE|61|1520|2026-06-16|3089,61,ANWE,2026-06-16 12:21:00,2026-06-16,12.0,3.0,0.0,5.733333333333333,0,1.81031746031746,network_default,0,0.0,none,0.2857142857142857,11.294047619047621,28.093889379910014,56.0,GBT,1,0.7917852489202104,0.3769347993753968,0.2082147510797896
ANWE|61|1517|2026-06-16|3206,61,ANWE,2026-06-16 11:51:00,2026-06-16,11.0,3.0,0.0,1.8166666666666667,1,1.81031746031746,network_default,0,0.0,none,0.2909090909090909,11.466363636363639,28.322942628275392,55.0,GBT,1,0.7917852489202104,0.3769347993753968,0.2082147510797896
ANWE|61|1529|2026-06-15|3137,61,ANWE,2026-06-15 17:51:00,2026-06-15,17.0,2.0,1.0,-0.65,1,1.81031746031746,network_default,0,0.0,none,0.2941176470588235,12.69607843137255,28.90427078611678,34.0,GBT,1,0.7917852489202104,0.3769347993753968,0.2082147510797896
ANWE|110|1006|2026-06-16|3159,110,ANWE,2026-06-16 06:05:00,2026-06-16,6.0,3.0,0.0,-0.016666666666666666,1,1.81031746031746,network_default,1,2.0,roadworks,0.45945945945945943,4.512612612612612,11.872169473059175,74.0,GBT,1,0.7925012334336349,0.3756386401094276,0.20749876656636512
ANWE|1|1025|2026-06-16|3163,1,ANWE,2026-06-16 07:24:00,2026-06-16,7.0,3.0,1.0,2.6666666666666665,0,1.81031746031746,network_default,1,2.0,roadworks,0.25,1.4755208333333332,2.9666027113223965,64.0,GBT,1,0.7925339658305954,0.3755793840796919,0.20746603416940457
ANWE|82A|1047|2026-06-15|3140,82A,ANWE,2026-06-15 13:57:00,2026-06-15,13.0,2.0,0.0,0.5833333333333334,1,1.81031746031746,network_default,1,3.0,roadClosed,0.4339622641509434,22.614779874213838,43.313981583838,53.0,GBT,1,0.7930175800932127,0.37470388873601734,0.20698241990678734
ANWE|82A|1043|2026-06-15|3138,82A,ANWE,2026-06-15 12:57:00,2026-06-15,12.0,2.0,0.0,3.1166666666666667,0,1.81031746031746,network_default,1,3.0,roadClosed,0.44897959183673475,24.374829931972798,44.61413540354808,49.0,GBT,1,0.7930175800932127,0.37470388873601734,0.20698241990678734
ANWE|82A|1039|2026-06-15|3160,82A,ANWE,2026-06-15 11:57:00,2026-06-15,11.0,2.0,0.0,0.5,1,1.81031746031746,network_default,1,3.0,roadClosed,0.4444444444444444,26.38703703703705,46.04900289679463,45.0,GBT,1,0.7930175800932127,0.37470388873601734,0.20698241990678734
ANWE|82A|1031|2026-06-15|3045,82A,ANWE,2026-06-15 09:57:00,2026-06-15,9.0,2.0,1.0,0.4666666666666667,1,1.81031746031746,network_default,1,3.0,roadClosed,0.4054054054054054,31.31306306306308,49.47742613081103,37.0,GBT,1,0.7930175800932127,0.37470388873601734,0.20698241990678734
ANWE|82A|1051|2026-06-15|2788,82A,ANWE,2026-06-15 14:57:00,2026-06-15,14.0,2.0,0.0,0.9666666666666667,1,1.81031746031746,network_default,1,3.0,roadClosed,0.4385964912280702,22.221345029239767,42.36567062099369,57.0,GBT,1,0.7930175800932127,0.37470388873601734,0.20698241990678734
ANWE|110|5007|2026-07-12|3136,110,ANWE,2026-07-12 09:16:00,2026-07-12,9.0,1.0,1.0,-0.4166666666666667,1,1.81031746031746,network_default,0,0.0,none,0.3829787234042553,5.372222222222223,13.459088754660181,141.0,GBT,1,0.7944878485292858,0.37204223611484055,0.20551215147071422
ANWE|X4|1014|2026-06-16|2792,X4,ANWE,2026-06-16 11:17:00,2026-06-16,11.0,3.0,0.0,0.25,1,1.81031746031746,network_default,1,7.0,roadworks,0.3090909090909091,3.5306060606060603,10.386061094466337,55.0,GBT,1,0.7945816778145645,0.37187237532141143,0.20541832218543554
ANWE|X4|1010|2026-06-16|2794,X4,ANWE,2026-06-16 09:17:00,2026-06-16,9.0,3.0,1.0,0.13333333333333333,1,1.81031746031746,network_default,1,5.0,roadworks,0.33333333333333337,3.792483660130719,10.748128681426616,51.0,GBT,1,0.7945816778145645,0.37187237532141143,0.20541832218543554
ANWE|X4|1026|2026-06-16|2792,X4,ANWE,2026-06-16 17:35:00,2026-06-16,17.0,3.0,1.0,0.15,1,1.81031746031746,network_default,1,7.0,roadworks,0.27941176470588236,3.259313725490196,9.700937441815837,68.0,GBT,1,0.7945816778145645,0.37187237532141143,0.20541832218543554
ANWE|X4|1012|2026-06-16|2791,X4,ANWE,2026-06-16 10:17:00,2026-06-16,10.0,3.0,0.0,-0.11666666666666667,1,1.81031746031746,network_default,1,5.0,roadworks,0.3207547169811321,3.6694968553459115,10.558332440779239,53.0,GBT,1,0.7945816778145645,0.37187237532141143,0.20541832218543554
ANWE|X4|1008|2026-06-16|2792,X4,ANWE,2026-06-16 08:17:00,2026-06-16,8.0,3.0,1.0,6.2,0,1.81031746031746,network_default,1,5.0,roadworks,0.3125,3.488888888888889,10.809339677847097,48.0,GBT,1,0.7946377410182334,0.3717708831249283,0.20536225898176663
ANWE|X4|1006|2026-06-16|2791,X4,ANWE,2026-06-16 07:17:00,2026-06-16,7.0,3.0,1.0,0.9166666666666666,1,1.81031746031746,network_default,1,5.0,roadworks,0.3111111111111111,3.0800000000000005,10.5151859880668,45.0,GBT,1,0.7946377410182334,0.3717708831249283,0.20536225898176663
ANWE|2|1047|2026-06-15|3105,2,ANWE,2026-06-15 09:18:00,2026-06-15,9.0,2.0,1.0,-0.8833333333333333,1,1.81031746031746,network_default,0,0.0,none,0.19999999999999996,2.5158333333333336,6.7677349320959,20.0,GBT,1,0.7947886423248416,0.3714977038547907,0.2052113576751584
ANWE|2|1051|2026-06-15|3105,2,ANWE,2026-06-15 09:42:00,2026-06-15,9.0,2.0,1.0,0.5833333333333334,1,1.81031746031746,network_default,0,0.0,none,0.18181818181818177,2.243939393939394,6.498497069743446,22.0,GBT,1,0.7947886423248416,0.3714977038547907,0.2052113576751584
ANWE|2|1055|2026-06-15|3105,2,ANWE,2026-06-15 10:06:00,2026-06-15,10.0,2.0,0.0,-0.9666666666666667,1,1.81031746031746,network_default,0,0.0,none,0.16666666666666663,2.118055555555556,6.224315178105372,24.0,GBT,1,0.7947886423248416,0.3714977038547907,0.2052113576751584
ANWE|2|1059|2026-06-15|3105,2,ANWE,2026-06-15 10:30:00,2026-06-15,10.0,2.0,0.0,0.06666666666666667,1,1.81031746031746,network_default,0,0.0,none,0.15384615384615385,1.8987179487179486,6.020588607394394,26.0,GBT,1,0.7947886423248416,0.3714977038547907,0.2052113576751584
ANWE|2|1049|2026-06-15|3043,2,ANWE,2026-06-15 09:30:00,2026-06-15,9.0,2.0,1.0,-0.06666666666666667,1,1.81031746031746,network_default,0,0.0,none,0.19047619047619047,2.353968253968254,6.637946270333218,21.0,GBT,1,0.7947886423248416,0.3714977038547907,0.2052113576751584
ANWE|2|1041|2026-06-15|3043,2,ANWE,2026-06-15 08:42:00,2026-06-15,8.0,2.0,1.0,0.45,1,1.81031746031746,network_default,0,0.0,none,0.23529411764705888,2.9294117647058826,7.283575342593898,17.0,GBT,1,0.7947886423248416,0.3714977038547907,0.2052113576751584
ANWE|2|1045|2026-06-15|3043,2,ANWE,2026-06-15 09:06:00,2026-06-15,9.0,2.0,1.0,-0.95,1,1.81031746031746,network_default,0,0.0,none,0.21052631578947367,2.698245614035088,6.902488580431622,19.0,GBT,1,0.7947886423248416,0.3714977038547907,0.2052113576751584
ANWE|2|1053|2026-06-15|3043,2,ANWE,2026-06-15 09:54:00,2026-06-15,9.0,2.0,1.0,0.8833333333333333,1,1.81031746031746,network_default,0,0.0,none,0.17391304347826086,2.1717391304347826,6.358521353871639,23.0,GBT,1,0.7947886423248416,0.3714977038547907,0.2052113576751584
ANWE|2|1061|2026-06-15|3043,2,ANWE,2026-06-15 10:42:00,2026-06-15,10.0,2.0,0.0,3.05,0,1.81031746031746,network_default,0,0.0,none,0.14814814814814814,1.8308641975308644,5.914191796776081,27.0,GBT,1,0.7947886423248416,0.3714977038547907,0.2052113576751584
ANWE|2|1037|2026-06-15|3043,2,ANWE,2026-06-15 08:18:00,2026-06-15,8.0,2.0,1.0,-0.9333333333333333,1,1.81031746031746,network_default,0,0.0,none,0.2666666666666667,3.3855555555555554,7.662006520184115,15.0,GBT,1,0.7947886423248416,0.3714977038547907,0.2052113576751584
ANWE|2|1057|2026-06-15|3043,2,ANWE,2026-06-15 10:18:00,2026-06-15,10.0,2.0,0.0,-0.5,1,1.81031746031746,network_default,0,0.0,none,0.16000000000000003,1.9946666666666666,6.124415542787796,25.0,GBT,1,0.7947886423248416,0.3714977038547907,0.2052113576751584
ANWE|2|1043|2026-06-15|3105,2,ANWE,2026-06-15 08:54:00,2026-06-15,8.0,2.0,1.0,1.0166666666666666,1,1.81031746031746,network_default,0,0.0,none,0.2222222222222222,2.791666666666667,7.090231358633809,18.0,GBT,1,0.7947886423248416,0.3714977038547907,0.2052113576751584
ANWE|2|1065|2026-06-15|3043,2,ANWE,2026-06-15 11:06:00,2026-06-15,11.0,2.0,0.0,4.15,0,1.81031746031746,network_default,0,0.0,none,0.1724137931034483,1.8459770114942529,5.705600936542241,29.0,GBT,1,0.7947886423248416,0.3714977038547907,0.2052113576751584
ANWE|2|1063|2026-06-15|3105,2,ANWE,2026-06-15 10:54:00,2026-06-15,10.0,2.0,0.0,1.05,1,1.81031746031746,network_default,0,0.0,none,0.1785714285714286,1.874404761904762,5.808207762326245,28.0,GBT,1,0.7947886423248416,0.3714977038547907,0.2052113576751584
ANWE|2|1039|2026-06-15|3105,2,ANWE,2026-06-15 08:30:00,2026-06-15,8.0,2.0,1.0,-0.05,1,1.81031746031746,network_default,0,0.0,none,0.25,3.115625,7.480533920214617,16.0,GBT,1,0.7947886423248416,0.3714977038547907,0.2052113576751584
ANWE|1|1113|2026-06-16|2788,1,ANWE,2026-06-16 16:12:00,2026-06-16,16.0,3.0,1.0,-0.18333333333333332,1,1.81031746031746,network_default,1,2.0,roadworks,0.22018348623853212,1.5871559633027523,4.011952713229164,109.0,GBT,1,0.7951006929447582,0.37093279316905287,0.20489930705524184
ANWE|3C|1051|0001-01-01|3038,3C,ANWE,2026-07-14 16:25:00,2026-07-14,16.0,3.0,1.0,0.25,1,1.81031746031746,network_default,0,0.0,none,0.6,6.0938888888888885,11.03279983025652,30.0,GBT,1,0.7955693247042425,0.3700844209123991,0.20443067529575754
ANWE|1|1121|2026-06-15|2795,1,ANWE,2026-06-15 17:00:00,2026-06-15,17.0,2.0,1.0,0.55,1,1.81031746031746,network_default,1,7.0,roadworks,0.2857142857142857,1.6148809523809524,3.142142160900324,56.0,GBT,1,0.7963153433012267,0.3687338904205571,0.20368465669877334
ANWE|X30|1027|2026-07-14|3138,X30,ANWE,2026-07-14 18:05:00,2026-07-14,18.0,3.0,1.0,1.3166666666666667,1,1.81031746031746,network_default,0,0.0,none,0.4177215189873418,13.486708860759498,25.228482182764388,79.0,GBT,1,0.7967744405105254,0.3679027787265806,0.20322555948947463
ANWE|110|1060|2026-06-15|3077,110,ANWE,2026-06-15 22:05:00,2026-06-15,22.0,2.0,0.0,-0.18333333333333332,1,1.81031746031746,network_default,0,0.0,none,0.5,5.0093434343434335,12.486388530581953,66.0,GBT,1,0.7972276696406125,0.36708229011885934,0.20277233035938746
ANWE|79C|1098|2026-06-15|3164,79C,ANWE,2026-06-15 20:22:00,2026-06-15,20.0,2.0,0.0,0.85,1,1.81031746031746,network_default,1,2.0,roadworks,0.46153846153846156,7.437660256410253,23.517492054899847,104.0,GBT,1,0.7979389918663367,0.3657945710737191,0.20206100813366334
ANWE|79C|1096|2026-06-15|3203,79C,ANWE,2026-06-15 19:52:00,2026-06-15,19.0,2.0,0.0,0.75,1,1.81031746031746,network_default,1,2.0,roadworks,0.47058823529411764,7.565196078431369,23.73119301717421,102.0,GBT,1,0.7979389918663367,0.3657945710737191,0.20206100813366334
ANWE|79C|1102|2026-07-14|3044,79C,ANWE,2026-07-14 22:22:00,2026-07-14,22.0,3.0,0.0,-0.06666666666666667,1,1.81031746031746,network_default,0,0.0,none,0.4782608695652174,17.011645962732914,32.24395620609029,322.0,GBT,1,0.7980222193289961,0.3656439029448888,0.20197778067100391
ANWE|X4|1023|2026-06-15|2792,X4,ANWE,2026-06-15 14:53:00,2026-06-15,14.0,2.0,0.0,-0.3333333333333333,1,1.81031746031746,network_default,1,7.0,specialEvent,0.38095238095238093,1.7571428571428571,2.5189149528482573,21.0,GBT,1,0.7988131127917399,0.36421213470003266,0.20118688720826006
ANWE|X4|1025|2026-06-15|2789,X4,ANWE,2026-06-15 16:06:00,2026-06-15,16.0,2.0,1.0,-0.5333333333333333,1,1.81031746031746,network_default,1,7.0,specialEvent,0.34782608695652173,1.6079710144927533,2.4546228781360946,23.0,GBT,1,0.7988131127917399,0.36421213470003266,0.20118688720826006
ANWE|X4|1017|2026-06-15|2792,X4,ANWE,2026-06-15 11:46:00,2026-06-15,11.0,2.0,0.0,3.7333333333333334,0,1.81031746031746,network_default,1,7.0,specialEvent,0.4,1.8422222222222222,2.7300929301779098,15.0,GBT,1,0.7988131127917399,0.36421213470003266,0.20118688720826006
ANWE|X4|1021|2026-06-15|2793,X4,ANWE,2026-06-15 13:50:00,2026-06-15,13.0,2.0,0.0,0.05,1,1.81031746031746,network_default,1,7.0,specialEvent,0.42105263157894735,1.942982456140351,2.5820087152927953,19.0,GBT,1,0.7988131127917399,0.36421213470003266,0.20118688720826006
ANWE|61|1521|2026-06-15|3078,61,ANWE,2026-06-15 13:51:00,2026-06-15,13.0,2.0,0.0,1.5333333333333334,1,1.81031746031746,network_default,0,0.0,none,0.2692307692307693,15.623076923076924,32.49435098834636,26.0,GBT,1,0.798978631587144,0.363912493134702,0.201021368412856
ANWE|61|1523|2026-06-15|2791,61,ANWE,2026-06-15 14:51:00,2026-06-15,14.0,2.0,0.0,-0.4666666666666667,1,1.81031746031746,network_default,0,0.0,none,0.25,14.55357142857143,31.514247335552792,28.0,GBT,1,0.798978631587144,0.363912493134702,0.201021368412856
ANWE|X30|1024|2026-07-14|3138,X30,ANWE,2026-07-14 16:27:00,2026-07-14,16.0,3.0,1.0,3.2,0,1.81031746031746,network_default,0,0.0,none,0.3918918918918919,14.23873873873874,25.889374639797463,74.0,GBT,1,0.7991329584538577,0.3636331125132941,0.20086704154614232
ANWE|110|1049|2026-07-14|2968,110,ANWE,2026-07-14 16:18:00,2026-07-14,16.0,3.0,1.0,1.2333333333333334,1,1.81031746031746,network_default,0,0.0,none,0.42307692307692313,7.981089743589742,17.42565612393405,156.0,GBT,1,0.7992995903999021,0.3633314557919233,0.20070040960009794
ANWE|79C|1089|2026-06-15|3044,79C,ANWE,2026-06-15 20:17:00,2026-06-15,20.0,2.0,0.0,1.1166666666666667,1,1.81031746031746,network_default,1,2.0,roadworks,0.46601941747572817,7.499029126213589,23.624123114899835,103.0,GBT,1,0.8001468005729676,0.3617977364230642,0.1998531994270324
ANWE|79C|1085|2026-06-15|3046,79C,ANWE,2026-06-15 19:20:00,2026-06-15,19.0,2.0,0.0,0.35,1,1.81031746031746,network_default,1,2.0,roadworks,0.48484848484848486,7.769191919191916,24.061927068731983,99.0,GBT,1,0.8001468005729676,0.3617977364230642,0.1998531994270324
ANWE|79C|1095|2026-06-15|3206,79C,ANWE,2026-06-15 22:16:00,2026-06-15,22.0,2.0,0.0,-0.6166666666666667,1,1.81031746031746,network_default,1,2.0,roadworks,0.4545454545454546,7.18772727272727,22.89547746310103,110.0,GBT,1,0.8001468005729676,0.3617977364230642,0.1998531994270324
ANWE|79C|1087|2026-06-16|3077,79C,ANWE,2026-06-16 19:47:00,2026-06-16,19.0,3.0,0.0,-0.11666666666666667,1,1.81031746031746,network_default,0,0.0,none,0.3906976744186047,6.568449612403096,19.941305310886545,215.0,GBT,1,0.8003670700124375,0.36139897881081756,0.19963292998756255
ANWE|X4|1029|2026-07-14|2795,X4,ANWE,2026-07-14 18:00:00,2026-07-14,18.0,3.0,1.0,-0.05,1,1.81031746031746,network_default,0,0.0,none,0.34375,9.647743055555557,21.622877696593086,96.0,GBT,1,0.8005227164038627,0.36111720943078496,0.19947728359613726
ANWE|X4|1027|2026-07-14|2790,X4,ANWE,2026-07-14 17:01:00,2026-07-14,17.0,3.0,1.0,0.7166666666666667,1,1.81031746031746,network_default,0,0.0,none,0.33333333333333337,9.799820788530466,21.947980673489365,93.0,GBT,1,0.8005227164038627,0.36111720943078496,0.19947728359613726
ANWE|X4|1025|2026-07-14|2794,X4,ANWE,2026-07-14 16:06:00,2026-07-14,16.0,3.0,1.0,0.08333333333333333,1,1.81031746031746,network_default,0,0.0,none,0.33333333333333337,9.675555555555555,22.057212974325576,90.0,GBT,1,0.8005227164038627,0.36111720943078496,0.19947728359613726
ANWE|X4|1001|2026-06-16|2792,X4,ANWE,2026-06-16 04:00:00,2026-06-16,4.0,3.0,0.0,0.5166666666666667,1,1.81031746031746,network_default,1,5.0,maintenanceWork,0.3157894736842105,1.4254385964912282,2.163510302601085,38.0,GBT,1,0.8012944540276934,0.3597201193355804,0.1987055459723066
ANWE|X30|1025|2026-06-16|3046,X30,ANWE,2026-06-16 17:05:00,2026-06-16,17.0,3.0,1.0,-0.15,1,1.81031746031746,network_default,0,0.0,none,0.30000000000000004,8.753333333333336,21.629560098543323,60.0,GBT,1,0.801898861080885,0.35862595069404857,0.19810113891911496
ANWE|79C|1028|2026-06-16|3106,79C,ANWE,2026-06-16 07:36:00,2026-06-16,7.0,3.0,1.0,2.183333333333333,0,1.81031746031746,network_default,0,0.0,none,0.39568345323741005,6.731175059952033,21.674511013521176,139.0,GBT,1,0.8023145294172882,0.3578734590469568,0.1976854705827118
ANWE|110|1008|2026-06-16|3136,110,ANWE,2026-06-16 06:45:00,2026-06-16,6.0,3.0,0.0,-0.13333333333333333,1,1.81031746031746,network_default,1,2.0,roadworks,0.46153846153846156,5.59059829059829,13.821989974399738,78.0,GBT,1,0.8025211351244973,0.3574994371277949,0.1974788648755027
ANWE|82A|1037|2026-06-15|3106,82A,ANWE,2026-06-15 11:27:00,2026-06-15,11.0,2.0,0.0,3.1333333333333333,0,1.81031746031746,network_default,1,3.0,roadClosed,0.41860465116279066,27.23759689922482,46.94302370720743,43.0,GBT,1,0.8025351868473574,0.3574739990485538,0.19746481315264264
ANWE|61|1511|2026-06-16|3203,61,ANWE,2026-06-16 08:51:00,2026-06-16,8.0,3.0,1.0,0.3,1,1.81031746031746,network_default,0,0.0,none,0.2857142857142857,12.400680272108843,29.85266462438047,49.0,GBT,1,0.8028076454298705,0.35698076251941696,0.1971923545701295
ANWE|82A|1064|2026-06-16|3138,82A,ANWE,2026-06-16 20:12:00,2026-06-16,20.0,3.0,0.0,1.3833333333333333,1,1.81031746031746,network_default,0,0.0,none,0.3032258064516129,11.322903225806447,29.260853436380664,155.0,GBT,1,0.8038589758913747,0.3550775206283923,0.19614102410862533
ANWE|82A|1062|2026-06-16|3078,82A,ANWE,2026-06-16 19:42:00,2026-06-16,19.0,3.0,0.0,0.6166666666666667,1,1.81031746031746,network_default,0,0.0,none,0.30718954248366015,11.466339869281041,29.42545470780225,153.0,GBT,1,0.8038589758913747,0.3550775206283923,0.19614102410862533
ANWE|82A|1027|2026-06-15|3162,82A,ANWE,2026-06-15 08:57:00,2026-06-15,8.0,2.0,1.0,0.6333333333333333,1,1.81031746031746,network_default,1,3.0,roadClosed,0.375,35.12812500000001,52.09294499483367,32.0,GBT,1,0.8039908894696822,0.3548387151743292,0.19600911053031778
ANWE|110|1053|2026-06-16|3159,110,ANWE,2026-06-16 17:18:00,2026-06-16,17.0,3.0,1.0,13.016666666666667,0,1.81031746031746,network_default,1,2.0,roadworks,0.3801652892561983,4.625206611570249,11.962965830494777,121.0,GBT,1,0.8042255345850932,0.3544139330249226,0.19577446541490684
ANWE|79C|1009|2026-06-16|3049,79C,ANWE,2026-06-16 06:24:00,2026-06-16,6.0,3.0,0.0,0.11666666666666667,1,1.81031746031746,network_default,0,0.0,none,0.4031007751937985,6.570671834625319,21.45284605964907,129.0,GBT,1,0.8049902054685469,0.35302963597320985,0.19500979453145306
ANWE|79C|1011|2026-06-16|3001,79C,ANWE,2026-06-16 06:45:00,2026-06-16,6.0,3.0,0.0,-0.16666666666666666,1,1.81031746031746,network_default,0,0.0,none,0.4015151515151515,6.448358585858581,21.222398015367677,132.0,GBT,1,0.8049902054685469,0.35302963597320985,0.19500979453145306
ANWE|82A|1030|2026-06-16|2968,82A,ANWE,2026-06-16 11:42:00,2026-06-16,11.0,3.0,0.0,-0.31666666666666665,1,1.81031746031746,network_default,0,0.0,none,0.31666666666666665,13.502361111111108,32.47358916069713,120.0,GBT,1,0.8051295537627551,0.35277737132313935,0.19487044623724492
ANWE|82A|1036|2026-06-16|3043,82A,ANWE,2026-06-16 13:12:00,2026-06-16,13.0,3.0,0.0,1.05,1,1.81031746031746,network_default,0,0.0,none,0.30708661417322836,13.161154855643042,31.856433352182368,127.0,GBT,1,0.8051295537627551,0.35277737132313935,0.19487044623724492
ANWE|X30|1016|2026-06-15|3054,X30,ANWE,2026-06-15 12:09:00,2026-06-15,12.0,2.0,0.0,1.0333333333333334,1,1.81031746031746,network_default,1,9.0,roadworks,0.44999999999999996,17.344166666666663,31.939416918130735,20.0,GBT,1,0.8052529838568643,0.35255392366864485,0.19474701614313572
ANWE|1|1117|2026-07-14|3161,1,ANWE,2026-07-14 16:36:00,2026-07-14,16.0,3.0,1.0,-0.18333333333333332,1,1.81031746031746,network_default,0,0.0,none,0.2558139534883721,2.027906976744186,4.802284053465388,129.0,GBT,1,0.805262318846333,0.3525370243742177,0.19473768115366696
ANWE|82A|1026|2026-06-16|3078,82A,ANWE,2026-06-16 10:42:00,2026-06-16,10.0,3.0,0.0,0.06666666666666667,1,1.81031746031746,network_default,0,0.0,none,0.32173913043478264,13.469855072463767,32.67258821908631,115.0,GBT,1,0.8059733892660089,0.3512497611779632,0.19402661073399108
ANWE|82A|1034|2026-06-16|2790,82A,ANWE,2026-06-16 12:42:00,2026-06-16,12.0,3.0,0.0,-0.15,1,1.81031746031746,network_default,0,0.0,none,0.31200000000000006,13.367866666666664,32.06965720077017,125.0,GBT,1,0.8059733892660089,0.3512497611779632,0.19402661073399108
ANWE|82A|1032|2026-06-16|3140,82A,ANWE,2026-06-16 12:12:00,2026-06-16,12.0,3.0,0.0,-0.08333333333333333,1,1.81031746031746,network_default,0,0.0,none,0.31707317073170727,13.576829268292682,32.28878449215191,123.0,GBT,1,0.8059733892660089,0.3512497611779632,0.19402661073399108
ANWE|82A|1022|2026-06-16|3162,82A,ANWE,2026-06-16 09:42:00,2026-06-16,9.0,3.0,1.0,-0.23333333333333334,1,1.81031746031746,network_default,0,0.0,none,0.32727272727272727,13.655454545454544,33.18072267650022,110.0,GBT,1,0.8059733892660089,0.3512497611779632,0.19402661073399108
ANWE|82A|1024|2026-06-16|3160,82A,ANWE,2026-06-16 10:12:00,2026-06-16,10.0,3.0,0.0,0.95,1,1.81031746031746,network_default,0,0.0,none,0.3214285714285714,13.409821428571428,32.93132110434585,112.0,GBT,1,0.8059733892660089,0.3512497611779632,0.19402661073399108
ANWE|82A|1028|2026-06-16|3138,82A,ANWE,2026-06-16 11:12:00,2026-06-16,11.0,3.0,0.0,1.5,1,1.81031746031746,network_default,0,0.0,none,0.3220338983050848,13.718220338983048,32.70674876756153,118.0,GBT,1,0.8059733892660089,0.3512497611779632,0.19402661073399108
ANWE|110|5004|2026-07-12|3044,110,ANWE,2026-07-12 09:15:00,2026-07-12,9.0,1.0,1.0,-0.2833333333333333,1,1.81031746031746,network_default,0,0.0,none,0.3857142857142857,5.412619047619048,13.49883449263627,140.0,GBT,1,0.8065089931726638,0.35028014807393165,0.19349100682733622
ANWE|2|1085|2026-06-15|3043,2,ANWE,2026-06-15 13:06:00,2026-06-15,13.0,2.0,0.0,-0.8333333333333334,1,1.81031746031746,network_default,1,2.0,roadworks,0.20512820512820518,1.7256410256410255,5.0047592059809975,39.0,GBT,1,0.8074250696362422,0.3486217588569298,0.19257493036375783
ANWE|2|1103|2026-06-15|3105,2,ANWE,2026-06-15 14:54:00,2026-06-15,14.0,2.0,0.0,-1.15,1,1.81031746031746,network_default,1,2.0,roadworks,0.16666666666666663,1.4013888888888888,4.561918162431783,48.0,GBT,1,0.8074250696362422,0.3486217588569298,0.19257493036375783
ANWE|2|1101|2026-06-15|3043,2,ANWE,2026-06-15 14:42:00,2026-06-15,14.0,2.0,0.0,0.9166666666666666,1,1.81031746031746,network_default,1,2.0,roadworks,0.17021276595744683,1.4117021276595743,4.610671976360322,47.0,GBT,1,0.8074250696362422,0.3486217588569298,0.19257493036375783
ANWE|2|1073|2026-06-15|3043,2,ANWE,2026-06-15 11:54:00,2026-06-15,11.0,2.0,0.0,0.8333333333333334,1,1.81031746031746,network_default,1,2.0,roadworks,0.21212121212121215,1.9191919191919193,5.416492178619274,33.0,GBT,1,0.8074250696362422,0.3486217588569298,0.19257493036375783
ANWE|2|1107|2026-06-15|3105,2,ANWE,2026-06-15 15:18:00,2026-06-15,15.0,2.0,0.0,-0.11666666666666667,1,1.81031746031746,network_default,1,2.0,roadworks,0.16000000000000003,1.3083333333333331,4.4917475981248955,50.0,GBT,1,0.8074250696362422,0.3486217588569298,0.19257493036375783
ANWE|2|1113|2026-06-15|3043,2,ANWE,2026-06-15 15:54:00,2026-06-15,15.0,2.0,0.0,-1.0333333333333334,1,1.81031746031746,network_default,1,2.0,roadworks,0.15094339622641506,1.2509433962264151,4.3681141355778745,53.0,GBT,1,0.8074250696362422,0.3486217588569298,0.19257493036375783
ANWE|2|1111|2026-06-15|3105,2,ANWE,2026-06-15 15:42:00,2026-06-15,15.0,2.0,0.0,0.95,1,1.81031746031746,network_default,1,2.0,roadworks,0.15384615384615385,1.2567307692307692,4.410525709351133,52.0,GBT,1,0.8074250696362422,0.3486217588569298,0.19257493036375783
ANWE|2|1119|2026-06-15|3105,2,ANWE,2026-06-15 16:30:00,2026-06-15,16.0,2.0,1.0,0.38333333333333336,1,1.81031746031746,network_default,1,2.0,roadworks,0.1428571428571429,1.1770833333333335,4.2615245558842005,56.0,GBT,1,0.8074250696362422,0.3486217588569298,0.19257493036375783
ANWE|2|1089|2026-06-15|3043,2,ANWE,2026-06-15 13:30:00,2026-06-15,13.0,2.0,0.0,0.03333333333333333,1,1.81031746031746,network_default,1,2.0,roadworks,0.19512195121951215,1.605691056910569,4.907475320813161,41.0,GBT,1,0.8074250696362422,0.3486217588569298,0.19257493036375783
ANWE|2|1077|2026-06-15|3043,2,ANWE,2026-06-15 12:18:00,2026-06-15,12.0,2.0,0.0,2.2,0,1.81031746031746,network_default,1,2.0,roadworks,0.19999999999999996,1.8085714285714287,5.278536468147671,35.0,GBT,1,0.8074250696362422,0.3486217588569298,0.19257493036375783
ANWE|2|1081|2026-06-15|3043,2,ANWE,2026-06-15 12:42:00,2026-06-15,12.0,2.0,0.0,0.5666666666666667,1,1.81031746031746,network_default,1,2.0,roadworks,0.21621621621621623,1.7783783783783782,5.136296440477105,37.0,GBT,1,0.8074250696362422,0.3486217588569298,0.19257493036375783
ANWE|2|1099|2026-06-15|3105,2,ANWE,2026-06-15 14:30:00,2026-06-15,14.0,2.0,0.0,0.3,1,1.81031746031746,network_default,1,2.0,roadworks,0.17391304347826086,1.4358695652173912,4.658609403323286,46.0,GBT,1,0.8074250696362422,0.3486217588569298,0.19257493036375783
ANWE|2|1097|2026-06-15|3043,2,ANWE,2026-06-15 14:18:00,2026-06-15,14.0,2.0,0.0,-0.25,1,1.81031746031746,network_default,1,2.0,roadworks,0.1777777777777778,1.4733333333333332,4.704237827252522,45.0,GBT,1,0.8074250696362422,0.3486217588569298,0.19257493036375783
ANWE|2|1067|2026-06-15|3105,2,ANWE,2026-06-15 11:18:00,2026-06-15,11.0,2.0,0.0,-0.43333333333333335,1,1.81031746031746,network_default,1,2.0,roadworks,0.19999999999999996,1.9227777777777777,5.622124609196083,30.0,GBT,1,0.8074250696362422,0.3486217588569298,0.19257493036375783
ANWE|2|1093|2026-06-15|3043,2,ANWE,2026-06-15 13:54:00,2026-06-15,13.0,2.0,0.0,1.0166666666666666,1,1.81031746031746,network_default,1,2.0,roadworks,0.18604651162790697,1.5426356589147285,4.798142693916567,43.0,GBT,1,0.8074250696362422,0.3486217588569298,0.19257493036375783
ANWE|2|1087|2026-06-15|3105,2,ANWE,2026-06-15 13:18:00,2026-06-15,13.0,2.0,0.0,-0.6333333333333333,1,1.81031746031746,network_default,1,2.0,roadworks,0.19999999999999996,1.6616666666666666,4.956720379754835,40.0,GBT,1,0.8074250696362422,0.3486217588569298,0.19257493036375783
ANWE|2|1075|2026-06-15|3105,2,ANWE,2026-06-15 12:06:00,2026-06-15,12.0,2.0,0.0,-0.8666666666666667,1,1.81031746031746,network_default,1,2.0,roadworks,0.20588235294117652,1.8872549019607845,5.337042679173427,34.0,GBT,1,0.8074250696362422,0.3486217588569298,0.19257493036375783
ANWE|2|1117|2026-06-15|3043,2,ANWE,2026-06-15 16:18:00,2026-06-15,16.0,2.0,1.0,0.21666666666666667,1,1.81031746031746,network_default,1,2.0,roadworks,0.1454545454545455,1.1945454545454546,4.2987796796308055,55.0,GBT,1,0.8074250696362422,0.3486217588569298,0.19257493036375783
ANWE|2|1071|2026-06-15|3105,2,ANWE,2026-06-15 11:42:00,2026-06-15,11.0,2.0,0.0,0.38333333333333336,1,1.81031746031746,network_default,1,2.0,roadworks,0.21875,1.9671875,5.49602737659513,32.0,GBT,1,0.8074250696362422,0.3486217588569298,0.19257493036375783
ANWE|2|1105|2026-06-15|3043,2,ANWE,2026-06-15 15:06:00,2026-06-15,15.0,2.0,0.0,-0.7,1,1.81031746031746,network_default,1,2.0,roadworks,0.16326530612244894,1.3493197278911564,4.528838865761648,49.0,GBT,1,0.8074250696362422,0.3486217588569298,0.19257493036375783
ANWE|2|1095|2026-06-15|3105,2,ANWE,2026-06-15 14:06:00,2026-06-15,14.0,2.0,0.0,-1.05,1,1.81031746031746,network_default,1,2.0,roadworks,0.18181818181818177,1.530681818181818,4.742685028696174,44.0,GBT,1,0.8074250696362422,0.3486217588569298,0.19257493036375783
ANWE|2|1079|2026-06-15|3105,2,ANWE,2026-06-15 12:30:00,2026-06-15,12.0,2.0,0.0,0.3,1,1.81031746031746,network_default,1,2.0,roadworks,0.2222222222222222,1.8194444444444444,5.202991355712504,36.0,GBT,1,0.8074250696362422,0.3486217588569298,0.19257493036375783
ANWE|2|1083|2026-06-15|3105,2,ANWE,2026-06-15 12:54:00,2026-06-15,12.0,2.0,0.0,0.9333333333333333,1,1.81031746031746,network_default,1,2.0,roadworks,0.21052631578947367,1.7464912280701752,5.070223321802897,38.0,GBT,1,0.8074250696362422,0.3486217588569298,0.19257493036375783
ANWE|2|1109|2026-06-15|3043,2,ANWE,2026-06-15 15:30:00,2026-06-15,15.0,2.0,0.0,0.05,1,1.81031746031746,network_default,1,2.0,roadworks,0.1568627450980392,1.280392156862745,4.451078153888801,51.0,GBT,1,0.8074250696362422,0.3486217588569298,0.19257493036375783
ANWE|79C|1094|2026-07-14|3051,79C,ANWE,2026-07-14 19:22:00,2026-07-14,19.0,3.0,0.0,-0.13333333333333333,1,1.81031746031746,network_default,0,0.0,none,0.4918032786885246,17.39256830601093,32.64867289620771,305.0,GBT,1,0.8074938118446121,0.34849731363685693,0.1925061881553879
ANWE|79C|1098|2026-07-14|3177,79C,ANWE,2026-07-14 20:22:00,2026-07-14,20.0,3.0,0.0,-0.06666666666666667,1,1.81031746031746,network_default,0,0.0,none,0.4871794871794872,17.35833333333333,32.51203940579069,312.0,GBT,1,0.8074938118446121,0.34849731363685693,0.1925061881553879
ANWE|X30|1010|2026-06-16|3046,X30,ANWE,2026-06-16 09:03:00,2026-06-16,9.0,3.0,1.0,0.5333333333333333,1,1.81031746031746,network_default,0,0.0,none,0.2857142857142857,8.904365079365082,23.274532198199783,42.0,GBT,1,0.8077606515747613,0.3480142490142615,0.1922393484252387
ANWE|X30|1016|2026-06-16|3046,X30,ANWE,2026-06-16 12:09:00,2026-06-16,12.0,3.0,0.0,0.03333333333333333,1,1.81031746031746,network_default,0,0.0,none,0.326530612244898,10.014965986394559,23.52784137918515,49.0,GBT,1,0.8077606515747613,0.3480142490142615,0.1922393484252387
ANWE|X30|1014|2026-06-16|3042,X30,ANWE,2026-06-16 11:03:00,2026-06-16,11.0,3.0,0.0,-0.05,1,1.81031746031746,network_default,1,1.0,unknown,0.3191489361702128,9.32163120567376,23.138422182546268,47.0,GBT,1,0.8077606515747613,0.3480142490142615,0.1922393484252387
ANWE|X30|1024|2026-06-16|3163,X30,ANWE,2026-06-16 16:27:00,2026-06-16,16.0,3.0,1.0,13.316666666666666,0,1.81031746031746,network_default,0,0.0,none,0.288135593220339,8.675988700564973,21.806854890655202,59.0,GBT,1,0.8077606515747613,0.3480142490142615,0.1922393484252387
ANWE|X30|1012|2026-06-16|3054,X30,ANWE,2026-06-16 10:03:00,2026-06-16,10.0,3.0,0.0,-0.06666666666666667,1,1.81031746031746,network_default,0,0.0,none,0.3111111111111111,9.613333333333335,23.607509719398937,45.0,GBT,1,0.8077606515747613,0.3480142490142615,0.1922393484252387
ANWE|X30|1020|2026-06-16|3042,X30,ANWE,2026-06-16 14:15:00,2026-06-16,14.0,3.0,0.0,-0.18333333333333332,1,1.81031746031746,network_default,0,0.0,none,0.2962962962962963,9.064506172839508,22.591246390652948,54.0,GBT,1,0.8077606515747613,0.3480142490142615,0.1922393484252387
ANWE|82A|1061|2026-06-16|3078,82A,ANWE,2026-06-16 17:27:00,2026-06-16,17.0,3.0,1.0,1.2166666666666666,1,1.81031746031746,network_default,0,0.0,none,0.3082191780821918,11.969748858447486,30.034085234532945,146.0,GBT,1,0.8078646287144278,0.34782601738284935,0.19213537128557223
ANWE|82A|1057|2026-06-16|3162,82A,ANWE,2026-06-16 16:27:00,2026-06-16,16.0,3.0,1.0,6.55,0,1.81031746031746,network_default,0,0.0,none,0.3098591549295775,12.263145539906102,30.401225157217493,142.0,GBT,1,0.8078646287144278,0.34782601738284935,0.19213537128557223
ANWE|1|1043|2026-06-16|3044,1,ANWE,2026-06-16 09:12:00,2026-06-16,9.0,3.0,1.0,0.016666666666666666,1,1.81031746031746,network_default,1,2.0,roadworks,0.29729729729729726,1.9351351351351354,4.0813144459915245,74.0,GBT,1,0.8092070623185722,0.34539578638994983,0.1907929376814278
ANWE|1|1045|2026-06-16|3163,1,ANWE,2026-06-16 09:24:00,2026-06-16,9.0,3.0,1.0,0.18333333333333332,1,1.81031746031746,network_default,1,2.0,roadworks,0.29333333333333333,1.909555555555556,4.059692710650019,75.0,GBT,1,0.8092070623185722,0.34539578638994983,0.1907929376814278
ANWE|1|1047|2026-06-16|3044,1,ANWE,2026-06-16 09:36:00,2026-06-16,9.0,3.0,1.0,-0.08333333333333333,1,1.81031746031746,network_default,1,2.0,roadworks,0.2894736842105263,1.8868421052631583,4.037395856507539,76.0,GBT,1,0.8092070623185722,0.34539578638994983,0.1907929376814278
ANWE|1|1107|2026-06-16|3044,1,ANWE,2026-06-16 15:36:00,2026-06-16,15.0,3.0,0.0,0.05,1,1.81031746031746,network_default,1,2.0,roadworks,0.2264150943396226,1.631761006289308,4.059862593331153,106.0,GBT,1,0.8096667431469158,0.34456361816022624,0.19033325685308422
ANWE|1|1099|2026-06-16|3044,1,ANWE,2026-06-16 14:48:00,2026-06-16,14.0,3.0,0.0,-0.3333333333333333,1,1.81031746031746,network_default,1,2.0,roadworks,0.23529411764705888,1.6973856209150326,4.125382767251646,102.0,GBT,1,0.8096667431469158,0.34456361816022624,0.19033325685308422
ANWE|1|1101|2026-06-16|2788,1,ANWE,2026-06-16 15:00:00,2026-06-16,15.0,3.0,0.0,0.13333333333333333,1,1.81031746031746,network_default,1,2.0,roadworks,0.23300970873786409,1.6776699029126212,4.109984093045552,103.0,GBT,1,0.8096667431469158,0.34456361816022624,0.19033325685308422
ANWE|2|1105|2026-06-16|3101,2,ANWE,2026-06-16 15:06:00,2026-06-16,15.0,3.0,0.0,-0.08333333333333333,1,1.81031746031746,network_default,1,4.0,roadworks,0.12871287128712872,1.0374587458745874,3.7918043241975576,101.0,GBT,1,0.8096667431469158,0.34456361816022624,0.19033325685308422
ANWE|X30|1022|2026-06-15|3054,X30,ANWE,2026-06-15 15:29:00,2026-06-15,15.0,2.0,0.0,1.1666666666666667,1,1.81031746031746,network_default,1,9.0,roadworks,0.3846153846153846,13.594871794871796,28.70830726432519,26.0,GBT,1,0.8102115912547396,0.3435772701174118,0.18978840874526037
ANWE|110|1056|0001-01-01|2968,110,ANWE,2026-07-14 19:55:00,2026-07-14,19.0,3.0,0.0,1.9833333333333334,1,1.81031746031746,network_default,0,0.0,none,0.4219653179190751,7.858381502890174,17.019729737478603,173.0,GBT,1,0.8104518058361304,0.3431424054664972,0.1895481941638696
ANWE|110|1054|2026-07-14|3206,110,ANWE,2026-07-14 18:45:00,2026-07-14,18.0,3.0,1.0,-0.21666666666666667,1,1.81031746031746,network_default,0,0.0,none,0.4294117647058824,7.995980392156864,17.13808592975238,170.0,GBT,1,0.811106196674029,0.3419577503067777,0.18889380332597105
ANWE|110|1050|2026-07-14|2968,110,ANWE,2026-07-14 17:35:00,2026-07-14,17.0,3.0,1.0,0.03333333333333333,1,1.81031746031746,network_default,0,0.0,none,0.426829268292683,8.026016260162601,17.36436621433783,164.0,GBT,1,0.811106196674029,0.3419577503067777,0.18889380332597105
ANWE|110|1051|2026-07-14|3203,110,ANWE,2026-07-14 16:48:00,2026-07-14,16.0,3.0,1.0,1.7333333333333334,1,1.81031746031746,network_default,0,0.0,none,0.4276729559748428,8.298218029350103,17.564805623561924,159.0,GBT,1,0.811106196674029,0.3419577503067777,0.18889380332597105
ANWE|110|1044|2026-07-14|3206,110,ANWE,2026-07-14 15:55:00,2026-07-14,15.0,3.0,0.0,8.466666666666667,0,1.81031746031746,network_default,0,0.0,none,0.4155844155844156,7.642640692640692,17.03172399730305,154.0,GBT,1,0.811106196674029,0.3419577503067777,0.18889380332597105
ANWE|1|1119|2026-06-15|3178,1,ANWE,2026-06-15 16:48:00,2026-06-15,16.0,2.0,1.0,-0.1,1,1.81031746031746,network_default,1,7.0,roadworks,0.2909090909090909,1.646060606060606,3.1623475477435727,55.0,GBT,1,0.81214703835687,0.3400734964349044,0.18785296164313003
ANWE|61|1526|2026-06-16|3041,61,ANWE,2026-06-16 15:21:00,2026-06-16,15.0,3.0,0.0,0.55,1,1.81031746031746,network_default,1,1.0,unknown,0.2857142857142857,12.020105820105824,29.806460558544156,63.0,GBT,1,0.8125562357630481,0.33933271922578345,0.18744376423695186
ANWE|61|1530|2026-06-16|3089,61,ANWE,2026-06-16 17:21:00,2026-06-16,17.0,3.0,1.0,-0.03333333333333333,1,1.81031746031746,network_default,1,1.0,unknown,0.28358208955223885,11.372388059701493,29.00777304283056,67.0,GBT,1,0.8125562357630481,0.33933271922578345,0.18744376423695186
ANWE|61|1524|2026-06-16|3206,61,ANWE,2026-06-16 14:21:00,2026-06-16,14.0,3.0,0.0,0.08333333333333333,1,1.81031746031746,network_default,1,1.0,unknown,0.29508196721311475,12.395901639344265,30.224312885572417,61.0,GBT,1,0.8125562357630481,0.33933271922578345,0.18744376423695186
ANWE|61|1516|2026-06-16|3041,61,ANWE,2026-06-16 10:21:00,2026-06-16,10.0,3.0,0.0,0.2,1,1.81031746031746,network_default,0,0.0,none,0.28846153846153844,11.908653846153847,29.055401308726776,52.0,GBT,1,0.8125562357630481,0.33933271922578345,0.18744376423695186
ANWE|61|1514|2026-06-16|3206,61,ANWE,2026-06-16 09:21:00,2026-06-16,9.0,3.0,1.0,0.48333333333333334,1,1.81031746031746,network_default,0,0.0,none,0.28,12.158666666666665,29.595991876390837,50.0,GBT,1,0.8125562357630481,0.33933271922578345,0.18744376423695186
ANWE|61|1522|2026-06-16|3161,61,ANWE,2026-06-16 13:21:00,2026-06-16,13.0,3.0,0.0,0.1,1,1.81031746031746,network_default,0,0.0,none,0.2931034482758621,11.030172413793105,27.63531099535354,58.0,GBT,1,0.8125562357630481,0.33933271922578345,0.18744376423695186
ANWE|61|1530|2026-06-15|2791,61,ANWE,2026-06-15 17:21:00,2026-06-15,17.0,2.0,1.0,-1.0333333333333334,1,1.81031746031746,network_default,0,0.0,none,0.303030303030303,13.112121212121213,29.248861051165804,33.0,GBT,1,0.8125562357630481,0.33933271922578345,0.18744376423695186
ANWE|61|1518|2026-06-16|3203,61,ANWE,2026-06-16 11:21:00,2026-06-16,11.0,3.0,0.0,0.25,1,1.81031746031746,network_default,0,0.0,none,0.2962962962962963,11.674074074074076,28.546576870323307,54.0,GBT,1,0.8125562357630481,0.33933271922578345,0.18744376423695186
ANWE|61|1528|2026-06-16|3203,61,ANWE,2026-06-16 16:21:00,2026-06-16,16.0,3.0,1.0,3.933333333333333,0,1.81031746031746,network_default,1,1.0,unknown,0.27692307692307694,11.666923076923078,29.404973256069646,65.0,GBT,1,0.8125562357630481,0.33933271922578345,0.18744376423695186
ANWE|2|1035|2026-06-15|3105,2,ANWE,2026-06-15 08:06:00,2026-06-15,8.0,2.0,1.0,-0.7166666666666667,1,1.81031746031746,network_default,0,0.0,none,0.2857142857142857,3.6785714285714284,7.863540851631326,14.0,GBT,1,0.8127500695781458,0.33898181848591225,0.18724993042185423
ANWE|79C|1100|2026-06-16|3159,79C,ANWE,2026-06-16 21:22:00,2026-06-16,21.0,3.0,0.0,15.05,0,1.81031746031746,network_default,0,0.0,none,0.3783783783783784,6.3608858858858826,19.65682239152392,222.0,GBT,1,0.8128092324520962,0.33887471490219717,0.18719076754790376
ANWE|82A|1023|2026-06-15|3053,82A,ANWE,2026-06-15 07:57:00,2026-06-15,7.0,2.0,1.0,5.15,0,1.81031746031746,network_default,1,3.0,roadClosed,0.3928571428571429,39.929166666666674,54.07233564398605,28.0,GBT,1,0.8131228204702033,0.3383070210376715,0.18687717952979666
ANWE|1|5007|2026-07-12|3049,1,ANWE,2026-07-12 08:55:00,2026-07-12,8.0,1.0,1.0,0.11666666666666667,1,1.81031746031746,network_default,0,0.0,none,0.22413793103448276,1.7,4.237038775435158,116.0,GBT,1,0.8139487409815721,0.33681184271510634,0.1860512590184279
ANWE|1|5009|2026-07-12|3077,1,ANWE,2026-07-12 09:10:00,2026-07-12,9.0,1.0,1.0,-0.13333333333333333,1,1.81031746031746,network_default,0,0.0,none,0.2222222222222222,1.6864672364672364,4.2212748725856555,117.0,GBT,1,0.8139487409815721,0.33681184271510634,0.1860512590184279
ANWE|82A|1041|2026-06-15|3053,82A,ANWE,2026-06-15 12:27:00,2026-06-15,12.0,2.0,0.0,3.033333333333333,0,1.81031746031746,network_default,1,3.0,roadClosed,0.44680851063829785,25.335106382978733,45.31900858424073,47.0,GBT,1,0.8141956989755964,0.33636477034655915,0.1858043010244036
ANWE|82A|1029|2026-06-15|3104,82A,ANWE,2026-06-15 09:27:00,2026-06-15,9.0,2.0,1.0,2.65,0,1.81031746031746,network_default,1,3.0,roadClosed,0.38235294117647056,33.16372549019609,51.116493590750814,34.0,GBT,1,0.8141956989755964,0.33636477034655915,0.1858043010244036
ANWE|82A|1059|2026-06-15|3053,82A,ANWE,2026-06-15 16:57:00,2026-06-15,16.0,2.0,1.0,3.316666666666667,0,1.81031746031746,network_default,1,3.0,roadClosed,0.4461538461538461,20.0774358974359,40.12903421987466,65.0,GBT,1,0.8141956989755964,0.33636477034655915,0.1858043010244036
ANWE|82A|1045|2026-06-15|3162,82A,ANWE,2026-06-15 13:27:00,2026-06-15,13.0,2.0,0.0,0.48333333333333334,1,1.81031746031746,network_default,1,3.0,roadClosed,0.4509803921568627,23.490849673202618,43.936292807974375,51.0,GBT,1,0.8141956989755964,0.33636477034655915,0.1858043010244036
ANWE|82A|1053|2026-06-15|3049,82A,ANWE,2026-06-15 15:27:00,2026-06-15,15.0,2.0,0.0,6.183333333333334,0,1.81031746031746,network_default,1,3.0,roadClosed,0.44067796610169496,21.54406779661017,41.78891236872338,59.0,GBT,1,0.8141956989755964,0.33636477034655915,0.1858043010244036
ANWE|82A|1018|2026-06-16|3043,82A,ANWE,2026-06-16 08:42:00,2026-06-16,8.0,3.0,1.0,-0.1,1,1.81031746031746,network_default,0,0.0,none,0.34615384615384615,14.45657051282051,33.958844659780844,104.0,GBT,1,0.8156100435911047,0.3338043575941986,0.18438995640889533
ANWE|82A|1014|2026-06-16|3140,82A,ANWE,2026-06-16 07:42:00,2026-06-16,7.0,3.0,1.0,1.5833333333333333,1,1.81031746031746,network_default,0,0.0,none,0.3535353535353535,14.477777777777774,34.268289388243055,99.0,GBT,1,0.8156100435911047,0.3338043575941986,0.18438995640889533
ANWE|79C|1054|2026-06-16|3049,79C,ANWE,2026-06-16 12:01:00,2026-06-16,12.0,3.0,0.0,0.4666666666666667,1,1.81031746031746,network_default,0,0.0,none,0.3772455089820359,6.515269461077842,20.871515085039352,167.0,GBT,1,0.8162035352850219,0.33272994921814686,0.18379646471497812
ANWE|79C|1044|2026-06-16|3077,79C,ANWE,2026-06-16 10:21:00,2026-06-16,10.0,3.0,0.0,-0.11666666666666667,1,1.81031746031746,network_default,0,0.0,none,0.3885350318471338,6.866029723991502,21.477503791348116,157.0,GBT,1,0.8162035352850219,0.33272994921814686,0.18379646471497812
ANWE|79C|1040|2026-06-16|3050,79C,ANWE,2026-06-16 09:41:00,2026-06-16,9.0,3.0,1.0,-0.35,1,1.81031746031746,network_default,0,0.0,none,0.3921568627450981,6.9934640522875755,21.73564233672006,153.0,GBT,1,0.8162035352850219,0.33272994921814686,0.18379646471497812
ANWE|79C|1050|2026-06-16|3106,79C,ANWE,2026-06-16 11:21:00,2026-06-16,11.0,3.0,0.0,0.3333333333333333,1,1.81031746031746,network_default,0,0.0,none,0.3803680981595092,6.658895705521469,21.106738361480065,163.0,GBT,1,0.8162035352850219,0.33272994921814686,0.18379646471497812
ANWE|79C|1038|2026-06-16|3018,79C,ANWE,2026-06-16 09:20:00,2026-06-16,9.0,3.0,1.0,-0.08333333333333333,1,1.81031746031746,network_default,0,0.0,none,0.3866666666666667,6.668444444444439,21.37333560349872,150.0,GBT,1,0.8162035352850219,0.33272994921814686,0.18379646471497812
ANWE|82A|1016|2026-06-16|2790,82A,ANWE,2026-06-16 08:12:00,2026-06-16,8.0,3.0,1.0,0.18333333333333332,1,1.81031746031746,network_default,0,0.0,none,0.3465346534653465,14.209075907590755,33.97717072819732,101.0,GBT,1,0.8164188440575799,0.3323401719878255,0.18358115594242008
ANWE|110|5002|2026-07-12|3177,110,ANWE,2026-07-12 08:45:00,2026-07-12,8.0,1.0,1.0,0.36666666666666664,1,1.81031746031746,network_default,0,0.0,none,0.38848920863309355,5.448920863309352,13.540794837581235,139.0,GBT,1,0.8169321630333563,0.33141090168326537,0.18306783696664375
ANWE|61|1512|2026-06-15|3101,61,ANWE,2026-06-15 08:21:00,2026-06-15,8.0,2.0,1.0,-0.85,1,1.81031746031746,network_default,0,0.0,none,0.3571428571428571,26.135714285714293,41.156405270014716,14.0,GBT,1,0.817528557367694,0.33033123860657926,0.18247144263230597
ANWE|61|1510|2026-06-15|2791,61,ANWE,2026-06-15 07:21:00,2026-06-15,7.0,2.0,1.0,1.6,1,1.81031746031746,network_default,0,0.0,none,0.41666666666666663,30.236111111111118,43.28313107928927,12.0,GBT,1,0.817528557367694,0.33033123860657926,0.18247144263230597
ANWE|79C|1100|2026-06-15|3206,79C,ANWE,2026-06-15 21:22:00,2026-06-15,21.0,2.0,0.0,1.0166666666666666,1,1.81031746031746,network_default,1,2.0,roadworks,0.44859813084112155,7.2499999999999964,23.208877882797694,107.0,GBT,1,0.8177177387485685,0.3299887602496153,0.18228226125143154
ANWE|61|1508|2026-06-15|3078,61,ANWE,2026-06-15 06:16:00,2026-06-15,6.0,2.0,0.0,0.9833333333333333,1,1.81031746031746,network_default,0,0.0,none,0.4,35.760000000000005,45.66981416566008,10.0,GBT,1,0.8177858193620466,0.32986551272632664,0.18221418063795336
ANWE|X30|1008|2026-06-16|3042,X30,ANWE,2026-06-16 07:51:00,2026-06-16,7.0,3.0,1.0,0.0,1,1.81031746031746,network_default,0,0.0,none,0.3076923076923077,9.53760683760684,24.055015439742874,39.0,GBT,1,0.8181316003566144,0.32923953935441475,0.18186839964338564
ANWE|61|1526|2026-06-15|3137,61,ANWE,2026-06-15 15:21:00,2026-06-15,15.0,2.0,0.0,-0.35,1,1.81031746031746,network_default,0,0.0,none,0.24137931034482762,14.03563218390805,31.071816685633202,29.0,GBT,1,0.8191958869734811,0.3273128427091187,0.1808041130265189
ANWE|61|1524|2026-06-15|2790,61,ANWE,2026-06-15 14:21:00,2026-06-15,14.0,2.0,0.0,-0.23333333333333334,1,1.81031746031746,network_default,0,0.0,none,0.2592592592592593,15.101234567901237,31.978502035497453,27.0,GBT,1,0.8191958869734811,0.3273128427091187,0.1808041130265189
ANWE|82A|1049|2026-06-16|3140,82A,ANWE,2026-06-16 14:27:00,2026-06-16,14.0,3.0,0.0,1.9666666666666666,1,1.81031746031746,network_default,0,0.0,none,0.30827067669172936,12.894360902255638,31.30463855642201,133.0,GBT,1,0.8192812992507397,0.327158219372272,0.18071870074926033
ANWE|1|1029|2026-06-16|3163,1,ANWE,2026-06-16 07:48:00,2026-06-16,7.0,3.0,1.0,3.8,0,1.81031746031746,network_default,1,2.0,roadworks,0.28358208955223885,1.8791044776119403,4.202161283821577,67.0,GBT,1,0.8195174149198212,0.32673077505387915,0.18048258508017878
ANWE|1|1031|2026-06-16|3044,1,ANWE,2026-06-16 08:00:00,2026-06-16,8.0,3.0,1.0,0.11666666666666667,1,1.81031746031746,network_default,1,2.0,roadworks,0.2941176470588235,1.907352941176471,4.177184121353689,68.0,GBT,1,0.8195174149198212,0.32673077505387915,0.18048258508017878
ANWE|1|1035|2026-06-16|3044,1,ANWE,2026-06-16 08:24:00,2026-06-16,8.0,3.0,1.0,-0.21666666666666667,1,1.81031746031746,network_default,1,2.0,roadworks,0.30000000000000004,1.9571428571428575,4.170189401110195,70.0,GBT,1,0.8195174149198212,0.32673077505387915,0.18048258508017878
ANWE|X4|1019|2026-06-16|2792,X4,ANWE,2026-06-16 12:46:00,2026-06-16,12.0,3.0,0.0,0.9666666666666667,1,1.81031746031746,network_default,1,7.0,roadworks,0.2931034482758621,3.3462643678160915,10.140462848158728,58.0,GBT,1,0.81955974127146,0.3266541509204759,0.18044025872853997
ANWE|X30|1020|2026-06-15|3161,X30,ANWE,2026-06-15 14:15:00,2026-06-15,14.0,2.0,0.0,0.5,1,1.81031746031746,network_default,1,9.0,roadworks,0.41666666666666663,14.66388888888889,29.670273216157238,24.0,GBT,1,0.8196340639659789,0.32651960324889046,0.18036593603402107
ANWE|79C|1005|2026-06-16|3106,79C,ANWE,2026-06-16 05:42:00,2026-06-16,5.0,3.0,0.0,-0.13333333333333333,1,1.81031746031746,network_default,0,0.0,none,0.4098360655737705,6.512158469945351,21.82808466729995,122.0,GBT,1,0.8200967523008054,0.325681990477669,0.17990324769919463
ANWE|79C|1007|2026-06-16|3164,79C,ANWE,2026-06-16 06:02:00,2026-06-16,6.0,3.0,0.0,0.05,1,1.81031746031746,network_default,0,0.0,none,0.4126984126984127,6.7269841269841235,21.684346515620973,126.0,GBT,1,0.8200967523008054,0.325681990477669,0.17990324769919463
ANWE|2|1029|2026-06-15|3043,2,ANWE,2026-06-15 07:30:00,2026-06-15,7.0,2.0,1.0,0.1,1,1.81031746031746,network_default,0,0.0,none,0.36363636363636365,4.548484848484848,8.744577540604025,11.0,GBT,1,0.8207784231473568,0.3244479498419675,0.17922157685264317
ANWE|2|1033|2026-06-15|3043,2,ANWE,2026-06-15 07:54:00,2026-06-15,7.0,2.0,1.0,0.9166666666666666,1,1.81031746031746,network_default,0,0.0,none,0.3076923076923077,3.8910256410256414,8.14270468586081,13.0,GBT,1,0.8207784231473568,0.3244479498419675,0.17922157685264317
ANWE|2|1031|2026-06-15|3105,2,ANWE,2026-06-15 07:42:00,2026-06-15,7.0,2.0,1.0,0.45,1,1.81031746031746,network_default,0,0.0,none,0.33333333333333337,4.177777777777778,8.435942024760354,12.0,GBT,1,0.8207784231473568,0.3244479498419675,0.17922157685264317
ANWE|79C|1003|2026-06-16|2795,79C,ANWE,2026-06-16 06:04:00,2026-06-16,6.0,3.0,0.0,0.03333333333333333,1,1.81031746031746,network_default,0,0.0,none,0.40944881889763785,6.674409448818894,21.606251217875055,127.0,GBT,1,0.8210460015203359,0.3239635480413601,0.1789539984796641
ANWE|X4|1003|2026-06-16|2794,X4,ANWE,2026-06-16 05:00:00,2026-06-16,5.0,3.0,0.0,-0.016666666666666666,1,1.81031746031746,network_default,1,5.0,maintenanceWork,0.3076923076923077,1.4021367521367523,2.1398071300718042,39.0,GBT,1,0.8218159817772208,0.32256963933822164,0.17818401822277918
ANWE|1|1053|2026-06-16|3163,1,ANWE,2026-06-16 10:12:00,2026-06-16,10.0,3.0,0.0,-0.13333333333333333,1,1.81031746031746,network_default,1,2.0,roadworks,0.2784810126582279,1.8122362869198314,3.976988392338784,79.0,GBT,1,0.8224742192857375,0.32137802048351805,0.1775257807142625
ANWE|1|1055|2026-06-16|3044,1,ANWE,2026-06-16 10:24:00,2026-06-16,10.0,3.0,0.0,-0.25,1,1.81031746031746,network_default,1,2.0,roadworks,0.275,1.787916666666667,3.957719561564304,80.0,GBT,1,0.8224742192857375,0.32137802048351805,0.1775257807142625
ANWE|110|1052|2026-07-14|3203,110,ANWE,2026-07-14 18:05:00,2026-07-14,18.0,3.0,1.0,1.1333333333333333,1,1.81031746031746,network_default,0,0.0,none,0.4251497005988024,7.917165668662675,17.230229287185598,167.0,GBT,1,0.8239785737594085,0.3186546613133247,0.17602142624059147
ANWE|X30|1022|2026-06-16|3046,X30,ANWE,2026-06-16 15:29:00,2026-06-16,15.0,3.0,0.0,-0.13333333333333333,1,1.81031746031746,network_default,0,0.0,none,0.29824561403508776,8.989181286549709,22.126379091453067,57.0,GBT,1,0.824108784757557,0.31841893806985117,0.175891215242443
ANWE|82A|1025|2026-06-15|3138,82A,ANWE,2026-06-15 08:27:00,2026-06-15,8.0,2.0,1.0,0.55,1,1.81031746031746,network_default,1,3.0,roadClosed,0.4,37.44666666666668,53.02684337931069,30.0,GBT,1,0.8242950034667202,0.3180818230892151,0.17570499653327976
ANWE|82A|1021|2026-06-15|3160,82A,ANWE,2026-06-15 07:27:00,2026-06-15,7.0,2.0,1.0,0.25,1,1.81031746031746,network_default,1,3.0,roadClosed,0.42307692307692313,42.96666666666667,54.98530227857865,26.0,GBT,1,0.8242950034667202,0.3180818230892151,0.17570499653327976
ANWE|2|1123|2026-07-14|3049,2,ANWE,2026-07-14 16:54:00,2026-07-14,16.0,3.0,1.0,-0.25,1,1.81031746031746,network_default,0,0.0,none,0.20155038759689925,4.836046511627907,22.56673646271611,129.0,GBT,1,0.824986037628015,0.31683083188134736,0.17501396237198497
ANWE|82A|1062|2026-07-14|3159,82A,ANWE,2026-07-14 19:42:00,2026-07-14,19.0,3.0,0.0,0.16666666666666666,1,1.81031746031746,network_default,0,0.0,none,0.4434389140271493,24.38476621417797,40.48776036160972,221.0,GBT,1,0.8255003626309337,0.3158997403482858,0.17449963736906626
ANWE|79C|1083|2026-06-16|3050,79C,ANWE,2026-06-16 19:00:00,2026-06-16,19.0,3.0,0.0,1.9666666666666666,1,1.81031746031746,network_default,0,0.0,none,0.39622641509433965,6.647484276729555,20.07112140993123,212.0,GBT,1,0.8255003626309337,0.3158997403482858,0.17449963736906626
ANWE|82A|1064|2026-07-14|3018,82A,ANWE,2026-07-14 20:12:00,2026-07-14,20.0,3.0,0.0,0.03333333333333333,1,1.81031746031746,network_default,0,0.0,none,0.4419642857142857,24.046354166666656,40.320059494744704,224.0,GBT,1,0.8255003626309337,0.3158997403482858,0.17449963736906626
ANWE|X30|1004|2026-06-16|3046,X30,ANWE,2026-06-16 05:56:00,2026-06-16,5.0,3.0,0.0,9.416666666666666,0,1.81031746031746,network_default,1,5.0,maintenanceWork,0.33333333333333337,10.973232323232326,25.904766473202287,33.0,GBT,1,0.8257071212012039,0.31552544169845537,0.17429287879879607
ANWE|79C|1095|2026-06-16|3159,79C,ANWE,2026-06-16 22:16:00,2026-06-16,22.0,3.0,0.0,-0.05,1,1.81031746031746,network_default,0,0.0,none,0.3794642857142857,6.371577380952377,19.58165948873586,224.0,GBT,1,0.8263514820232623,0.3143589440515387,0.17364851797673775
ANWE|79C|1091|2026-06-16|3106,79C,ANWE,2026-06-16 20:47:00,2026-06-16,20.0,3.0,0.0,0.08333333333333333,1,1.81031746031746,network_default,0,0.0,none,0.3835616438356164,6.446803652968033,19.77772547606606,219.0,GBT,1,0.8263514820232623,0.3143589440515387,0.17364851797673775
ANWE|79C|1099|2026-06-16|3018,79C,ANWE,2026-06-16 22:17:00,2026-06-16,22.0,3.0,0.0,-0.1,1,1.81031746031746,network_default,0,0.0,none,0.37777777777777777,6.343037037037034,19.542591190718046,225.0,GBT,1,0.8263514820232623,0.3143589440515387,0.17364851797673775
ANWE|82A|1002|2026-06-16|3045,82A,ANWE,2026-06-16 05:27:00,2026-06-16,5.0,3.0,0.0,-0.2,1,1.81031746031746,network_default,1,3.0,roadClosed,0.38372093023255816,15.61395348837209,35.74838337772335,86.0,GBT,1,0.8264239911250932,0.31422767955846215,0.17357600887490676
ANWE|82A|1006|2026-06-16|3160,82A,ANWE,2026-06-16 06:27:00,2026-06-16,6.0,3.0,0.0,-0.1,1,1.81031746031746,network_default,1,3.0,roadClosed,0.3695652173913043,14.723913043478255,34.73057685802256,92.0,GBT,1,0.8264239911250932,0.31422767955846215,0.17357600887490676
ANWE|82A|1004|2026-06-16|3162,82A,ANWE,2026-06-16 05:57:00,2026-06-16,5.0,3.0,0.0,-0.05,1,1.81031746031746,network_default,1,3.0,roadClosed,0.3707865168539326,15.097940074906361,35.24357863105903,89.0,GBT,1,0.8264239911250932,0.31422767955846215,0.17357600887490676
ANWE|82A|1065|2026-06-15|3045,82A,ANWE,2026-06-15 18:57:00,2026-06-15,18.0,2.0,1.0,0.6,1,1.81031746031746,network_default,1,3.0,roadClosed,0.4444444444444444,18.49837962962963,38.43970271215382,72.0,GBT,1,0.8264876462742154,0.31411244353056705,0.17351235372578455
ANWE|X30|1002|2026-06-16|3042,X30,ANWE,2026-06-16 05:08:00,2026-06-16,5.0,3.0,0.0,-0.2,1,1.81031746031746,network_default,1,7.0,roadworks,0.3548387096774194,11.677956989247313,26.595530252105927,31.0,GBT,1,0.826783224832053,0.31357735250641827,0.17321677516794698
ANWE|79C|1056|2026-06-16|3001,79C,ANWE,2026-06-16 12:21:00,2026-06-16,12.0,3.0,0.0,1.0166666666666666,1,1.81031746031746,network_default,0,0.0,none,0.3727810650887574,6.438560157790923,20.758870115130108,169.0,GBT,1,0.8272306752388319,0.31276732522240036,0.17276932476116813
ANWE|79C|1042|2026-06-16|3053,79C,ANWE,2026-06-16 10:01:00,2026-06-16,10.0,3.0,0.0,0.1,1,1.81031746031746,network_default,0,0.0,none,0.3935483870967742,6.954086021505371,21.60234202319769,155.0,GBT,1,0.8272306752388319,0.31276732522240036,0.17276932476116813
ANWE|79C|1048|2026-06-16|2795,79C,ANWE,2026-06-16 11:01:00,2026-06-16,11.0,3.0,0.0,0.4,1,1.81031746031746,network_default,0,0.0,none,0.3788819875776398,6.702484472049685,21.232351185028357,161.0,GBT,1,0.8272306752388319,0.31276732522240036,0.17276932476116813
ANWE|X4|1032|2026-06-16|2792,X4,ANWE,2026-06-16 20:25:00,2026-06-16,20.0,3.0,0.0,0.03333333333333333,1,1.81031746031746,network_default,1,7.0,roadworks,0.2567567567567568,2.991666666666667,9.338021592407783,74.0,GBT,1,0.8272543931864819,0.3127243882076467,0.17274560681351814
ANWE|1|1119|2026-07-14|2791,1,ANWE,2026-07-14 16:48:00,2026-07-14,16.0,3.0,1.0,-0.15,1,1.81031746031746,network_default,0,0.0,none,0.2595419847328244,1.940966921119593,4.835812476278932,131.0,GBT,1,0.8274552057265075,0.31236085376018746,0.17254479427349245
ANWE|1|1121|2026-07-14|3161,1,ANWE,2026-07-14 17:00:00,2026-07-14,17.0,3.0,1.0,-0.21666666666666667,1,1.81031746031746,network_default,0,0.0,none,0.25757575757575757,1.9251262626262626,4.820756426120651,132.0,GBT,1,0.8274552057265075,0.31236085376018746,0.17254479427349245
ANWE|X4|1038|2026-06-16|2793,X4,ANWE,2026-06-16 23:15:00,2026-06-16,23.0,3.0,0.0,-0.21666666666666667,1,1.81031746031746,network_default,1,2.0,maintenanceWork,0.25316455696202533,2.8259493670886076,9.059029568080245,79.0,GBT,1,0.8276304099377272,0.3120436785174954,0.17236959006227281
ANWE|110|1009|2026-06-16|3020,110,ANWE,2026-06-16 05:59:00,2026-06-16,5.0,3.0,0.0,2.033333333333333,0,1.81031746031746,network_default,0,0.0,none,0.452054794520548,4.5465753424657525,11.950710552414591,73.0,GBT,1,0.8279299072945856,0.3115014932230557,0.1720700927054144
ANWE|X4|1021|2026-06-16|2794,X4,ANWE,2026-06-16 13:50:00,2026-06-16,13.0,3.0,0.0,0.0,1,1.81031746031746,network_default,1,7.0,roadworks,0.2833333333333333,3.266944444444444,9.976412620414004,60.0,GBT,1,0.8286162770204848,0.3102589461240271,0.1713837229795152
ANWE|X4|1015|2026-06-16|2794,X4,ANWE,2026-06-16 10:46:00,2026-06-16,10.0,3.0,0.0,-0.18333333333333332,1,1.81031746031746,network_default,1,7.0,roadworks,0.31481481481481477,3.5993827160493823,10.470935096354317,54.0,GBT,1,0.8286162770204848,0.3102589461240271,0.1713837229795152
ANWE|X4|1013|2026-06-16|2792,X4,ANWE,2026-06-16 09:46:00,2026-06-16,9.0,3.0,1.0,0.9333333333333333,1,1.81031746031746,network_default,1,5.0,roadworks,0.32692307692307687,3.7221153846153845,10.654323802984573,52.0,GBT,1,0.8286162770204848,0.3102589461240271,0.1713837229795152
ANWE|X4|1027|2026-06-16|2794,X4,ANWE,2026-06-16 17:01:00,2026-06-16,17.0,3.0,1.0,0.21666666666666667,1,1.81031746031746,network_default,1,7.0,roadworks,0.2727272727272727,3.0141414141414136,9.54540621711721,66.0,GBT,1,0.8286162770204848,0.3102589461240271,0.1713837229795152
ANWE|X4|1017|2026-06-16|2791,X4,ANWE,2026-06-16 11:46:00,2026-06-16,11.0,3.0,0.0,-0.21666666666666667,1,1.81031746031746,network_default,1,7.0,roadworks,0.3035714285714286,3.472023809523809,10.300542354624964,56.0,GBT,1,0.8286162770204848,0.3102589461240271,0.1713837229795152
ANWE|X4|1023|2026-06-16|2791,X4,ANWE,2026-06-16 14:53:00,2026-06-16,14.0,3.0,0.0,0.0,1,1.81031746031746,network_default,1,7.0,roadworks,0.27419354838709675,3.1596774193548383,9.829370577081459,62.0,GBT,1,0.8286162770204848,0.3102589461240271,0.1713837229795152
ANWE|X4|1029|2026-06-16|2791,X4,ANWE,2026-06-16 18:00:00,2026-06-16,18.0,3.0,1.0,0.016666666666666666,1,1.81031746031746,network_default,1,7.0,roadworks,0.2753623188405797,3.2142512077294687,9.636615423729202,69.0,GBT,1,0.8286162770204848,0.3102589461240271,0.1713837229795152
ANWE|82A|1041|2026-06-16|3160,82A,ANWE,2026-06-16 12:27:00,2026-06-16,12.0,3.0,0.0,1.1166666666666667,1,1.81031746031746,network_default,0,0.0,none,0.3145161290322581,13.466666666666665,32.18065101749288,124.0,GBT,1,0.8289397419892891,0.3096733718431996,0.1710602580107109
ANWE|82A|1033|2026-06-16|2790,82A,ANWE,2026-06-16 10:27:00,2026-06-16,10.0,3.0,0.0,1.0,1,1.81031746031746,network_default,0,0.0,none,0.32456140350877194,13.579239766081871,32.79568192622188,114.0,GBT,1,0.8289397419892891,0.3096733718431996,0.1710602580107109
ANWE|X4|1035|2026-06-15|2792,X4,ANWE,2026-06-15 20:50:00,2026-06-15,20.0,2.0,0.0,0.43333333333333335,1,1.81031746031746,network_default,1,7.0,specialEvent,0.33333333333333337,1.4863636363636366,2.2906151168706543,33.0,GBT,1,0.8290038435911302,0.30955732759415233,0.17099615640886978
ANWE|X4|1033|2026-06-15|2793,X4,ANWE,2026-06-15 19:50:00,2026-06-15,19.0,2.0,0.0,0.36666666666666664,1,1.81031746031746,network_default,1,7.0,specialEvent,0.3548387096774194,1.5693548387096776,2.34039050545857,31.0,GBT,1,0.8290038435911302,0.30955732759415233,0.17099615640886978
ANWE|X4|1031|2026-06-15|2789,X4,ANWE,2026-06-15 19:00:00,2026-06-15,19.0,2.0,0.0,0.45,1,1.81031746031746,network_default,1,7.0,specialEvent,0.3793103448275862,1.646551724137931,2.4027075472776405,29.0,GBT,1,0.8290038435911302,0.30955732759415233,0.17099615640886978
ANWE|X4|1037|2026-06-15|2795,X4,ANWE,2026-06-15 21:50:00,2026-06-15,21.0,2.0,0.0,0.6,1,1.81031746031746,network_default,1,7.0,specialEvent,0.34285714285714286,1.4957142857142858,2.242060585176139,35.0,GBT,1,0.8290038435911302,0.30955732759415233,0.17099615640886978
ANWE|61|1525|2026-06-15|3101,61,ANWE,2026-06-15 16:01:00,2026-06-15,16.0,2.0,1.0,9.516666666666667,0,1.81031746031746,network_default,0,0.0,none,0.23333333333333328,13.556111111111113,30.64415699473985,30.0,GBT,1,0.8295931914574701,0.30849042086151635,0.17040680854252988
ANWE|61|1528|2026-06-15|3050,61,ANWE,2026-06-15 16:21:00,2026-06-15,16.0,2.0,1.0,14.45,0,1.81031746031746,network_default,0,0.0,none,0.25806451612903225,13.425806451612905,30.137826250199538,31.0,GBT,1,0.8295931914574701,0.30849042086151635,0.17040680854252988
ANWE|61|1509|2026-06-16|3041,61,ANWE,2026-06-16 07:51:00,2026-06-16,7.0,3.0,1.0,-0.3,1,1.81031746031746,network_default,0,0.0,none,0.26086956521739135,10.341666666666667,25.37981815839283,46.0,GBT,1,0.8295931914574701,0.30849042086151635,0.17040680854252988
ANWE|1|1017|2026-06-16|3163,1,ANWE,2026-06-16 06:31:00,2026-06-16,6.0,3.0,0.0,1.9666666666666666,1,1.81031746031746,network_default,1,5.0,roadworks,0.2666666666666667,1.5294444444444444,3.05120050879713,60.0,GBT,1,0.8313196173398798,0.30536504194264613,0.1686803826601202
ANWE|1|1015|2026-06-16|3044,1,ANWE,2026-06-16 06:19:00,2026-06-16,6.0,3.0,0.0,0.45,1,1.81031746031746,network_default,1,5.0,roadworks,0.27118644067796616,1.5477401129943502,3.0740703632091613,59.0,GBT,1,0.8313196173398798,0.30536504194264613,0.1686803826601202
ANWE|X30|1006|2026-06-16|3054,X30,ANWE,2026-06-16 06:53:00,2026-06-16,6.0,3.0,0.0,0.16666666666666666,1,1.81031746031746,network_default,1,5.0,maintenanceWork,0.33333333333333337,10.325000000000003,24.898822404741505,36.0,GBT,1,0.8319538004350376,0.30421696921244373,0.16804619956496236
ANWE|X4|1028|2026-06-16|2794,X4,ANWE,2026-06-16 18:27:00,2026-06-16,18.0,3.0,1.0,-0.06666666666666667,1,1.81031746031746,network_default,1,7.0,roadworks,0.27142857142857146,3.1685714285714286,9.574161140104755,70.0,GBT,1,0.8319895873921158,0.3041521834591935,0.16801041260788419
ANWE|2|5007|2026-07-12|3078,2,ANWE,2026-07-12 09:03:00,2026-07-12,9.0,1.0,1.0,0.0,1,1.81031746031746,network_default,0,0.0,none,0.1504424778761062,1.126401179941003,3.7715746611885104,113.0,GBT,1,0.8329751517453166,0.3023679991023277,0.16702484825468344
ANWE|110|1055|2026-07-14|3089,110,ANWE,2026-07-14 18:01:00,2026-07-14,18.0,3.0,1.0,-0.26666666666666666,1,1.81031746031746,network_default,0,0.0,none,0.42771084337349397,7.9664658634538155,17.27054497881169,166.0,GBT,1,0.8333952853098743,0.30160742397474344,0.16660471469012572
ANWE|X4|1005|2026-06-16|2791,X4,ANWE,2026-06-16 05:54:00,2026-06-16,5.0,3.0,0.0,-0.23333333333333334,1,1.81031746031746,network_default,1,5.0,maintenanceWork,0.33333333333333337,3.3123015873015875,10.85483173892016,42.0,GBT,1,0.8334313079726549,0.3015422115193446,0.16656869202734514
ANWE|1|1023|2026-06-16|3044,1,ANWE,2026-06-16 07:12:00,2026-06-16,7.0,3.0,1.0,0.5166666666666667,1,1.81031746031746,network_default,1,5.0,roadworks,0.25396825396825395,1.4907407407407407,2.9879113936354678,63.0,GBT,1,0.8334737078267564,0.3014654543231496,0.16652629217324355
ANWE|X4|1036|2026-06-16|2791,X4,ANWE,2026-06-16 22:15:00,2026-06-16,22.0,3.0,0.0,2.033333333333333,0,1.81031746031746,network_default,1,2.0,maintenanceWork,0.2435897435897436,2.8361111111111112,9.117211502142284,78.0,GBT,1,0.8338220309705251,0.30083487885415255,0.1661779690294749
ANWE|82A|1037|2026-06-16|3045,82A,ANWE,2026-06-16 11:27:00,2026-06-16,11.0,3.0,0.0,0.03333333333333333,1,1.81031746031746,network_default,0,0.0,none,0.31932773109243695,13.615546218487394,32.587119994041885,119.0,GBT,1,0.8339722548695973,0.30056292590670525,0.16602774513040275
ANWE|82A|1035|2026-06-16|3043,82A,ANWE,2026-06-16 10:57:00,2026-06-16,10.0,3.0,0.0,0.3333333333333333,1,1.81031746031746,network_default,0,0.0,none,0.32478632478632474,13.832621082621081,32.823704784083915,117.0,GBT,1,0.8339722548695973,0.30056292590670525,0.16602774513040275
ANWE|82A|1031|2026-06-16|3140,82A,ANWE,2026-06-16 09:57:00,2026-06-16,9.0,3.0,1.0,0.03333333333333333,1,1.81031746031746,network_default,0,0.0,none,0.32432432432432434,13.53033033033033,33.05585349822252,111.0,GBT,1,0.8339722548695973,0.30056292590670525,0.16602774513040275
ANWE|79C|1089|2026-06-16|3042,79C,ANWE,2026-06-16 20:17:00,2026-06-16,20.0,3.0,0.0,-0.23333333333333334,1,1.81031746031746,network_default,0,0.0,none,0.3870967741935484,6.507526881720427,19.858865896855207,217.0,GBT,1,0.834319007855659,0.29993519292162035,0.16568099214434096
ANWE|79C|1085|2026-06-16|3053,79C,ANWE,2026-06-16 19:20:00,2026-06-16,19.0,3.0,0.0,1.05,1,1.81031746031746,network_default,0,0.0,none,0.3943661971830986,6.625508607198744,20.026296295287853,213.0,GBT,1,0.834319007855659,0.29993519292162035,0.16568099214434096
ANWE|79C|1093|2026-06-16|3164,79C,ANWE,2026-06-16 21:17:00,2026-06-16,21.0,3.0,0.0,0.38333333333333336,1,1.81031746031746,network_default,0,0.0,none,0.38181818181818183,6.417878787878784,19.73718257496284,220.0,GBT,1,0.834319007855659,0.29993519292162035,0.16568099214434096
ANWE|82A|1066|2026-07-14|3048,82A,ANWE,2026-07-14 22:20:00,2026-07-14,22.0,3.0,0.0,0.03333333333333333,1,1.81031746031746,network_default,0,0.0,none,0.43805309734513276,23.826917404129784,40.20794659969608,226.0,GBT,1,0.834319007855659,0.29993519292162035,0.16568099214434096
ANWE|79C|1097|2026-06-16|3001,79C,ANWE,2026-06-16 21:47:00,2026-06-16,21.0,3.0,0.0,0.06666666666666667,1,1.81031746031746,network_default,0,0.0,none,0.3811659192825112,6.399850523168905,19.621129840398893,223.0,GBT,1,0.834319007855659,0.29993519292162035,0.16568099214434096
ANWE|X4|1004|2026-06-16|2794,X4,ANWE,2026-06-16 06:17:00,2026-06-16,6.0,3.0,0.0,0.1,1,1.81031746031746,network_default,1,7.0,roadworks,0.32558139534883723,3.2298449612403104,10.73845051914429,43.0,GBT,1,0.8351485072902011,0.29843353561194547,0.16485149270979893
ANWE|82A|1051|2026-06-16|2790,82A,ANWE,2026-06-16 14:57:00,2026-06-16,14.0,3.0,0.0,0.08333333333333333,1,1.81031746031746,network_default,0,0.0,none,0.3037037037037037,12.718148148148147,31.10382718866281,135.0,GBT,1,0.8351659077150861,0.2984020353189591,0.16483409228491386
ANWE|82A|1055|2026-06-16|3045,82A,ANWE,2026-06-16 15:57:00,2026-06-16,15.0,3.0,0.0,-0.05,1,1.81031746031746,network_default,0,0.0,none,0.3142857142857143,12.439166666666665,30.582955677266277,140.0,GBT,1,0.8351659077150861,0.2984020353189591,0.16483409228491386
ANWE|82A|1063|2026-06-16|3138,82A,ANWE,2026-06-16 17:57:00,2026-06-16,17.0,3.0,1.0,2.033333333333333,0,1.81031746031746,network_default,0,0.0,none,0.31081081081081086,11.830067567567566,29.85313855447146,148.0,GBT,1,0.8351659077150861,0.2984020353189591,0.16483409228491386
ANWE|110|1048|2026-07-14|3044,110,ANWE,2026-07-14 17:05:00,2026-07-14,17.0,3.0,1.0,0.31666666666666665,1,1.81031746031746,network_default,0,0.0,none,0.4285714285714286,8.192753623188405,17.48147509415013,161.0,GBT,1,0.8359792506260828,0.29692962644595644,0.1640207493739172
ANWE|79C|1030|2026-06-16|3164,79C,ANWE,2026-06-16 07:58:00,2026-06-16,7.0,3.0,1.0,0.016666666666666666,1,1.81031746031746,network_default,0,0.0,none,0.3971631205673759,6.653073286052004,21.529359301103668,141.0,GBT,1,0.8367635175433689,0.29550985435204413,0.16323648245663114
ANWE|79C|1026|2026-06-16|2795,79C,ANWE,2026-06-16 07:14:00,2026-06-16,7.0,3.0,1.0,-0.05,1,1.81031746031746,network_default,0,0.0,none,0.4014598540145985,6.828467153284667,21.818114378540248,137.0,GBT,1,0.8367635175433689,0.29550985435204413,0.16323648245663114
ANWE|79C|1034|2026-06-16|3001,79C,ANWE,2026-06-16 08:39:00,2026-06-16,8.0,3.0,1.0,0.05,1,1.81031746031746,network_default,0,0.0,none,0.3835616438356164,6.423287671232871,21.190412644492728,146.0,GBT,1,0.8367635175433689,0.29550985435204413,0.16323648245663114
ANWE|79C|1036|2026-06-16|3104,79C,ANWE,2026-06-16 08:59:00,2026-06-16,8.0,3.0,1.0,-0.13333333333333333,1,1.81031746031746,network_default,0,0.0,none,0.38095238095238093,6.37993197278911,21.124259368351787,147.0,GBT,1,0.8367635175433689,0.29550985435204413,0.16323648245663114
ANWE|79C|1032|2026-06-16|3049,79C,ANWE,2026-06-16 08:18:00,2026-06-16,8.0,3.0,1.0,0.48333333333333334,1,1.81031746031746,network_default,0,0.0,none,0.39160839160839156,6.559673659673654,21.39168803415604,143.0,GBT,1,0.8367635175433689,0.29550985435204413,0.16323648245663114
ANWE|2|1023|2026-06-15|3105,2,ANWE,2026-06-15 06:49:00,2026-06-15,6.0,2.0,0.0,-5.116666666666666,0,1.81031746031746,network_default,0,0.0,none,0.2857142857142857,5.742857142857142,9.406478545361095,7.0,GBT,1,0.8373600469533649,0.29442994674553546,0.16263995304663514
ANWE|2|1019|2026-06-15|3105,2,ANWE,2026-06-15 06:25:00,2026-06-15,6.0,2.0,0.0,-0.25,1,1.81031746031746,network_default,0,0.0,none,0.4,8.146666666666665,10.365450089386158,5.0,GBT,1,0.8373600469533649,0.29442994674553546,0.16263995304663514
ANWE|2|1021|2026-06-15|3043,2,ANWE,2026-06-15 06:37:00,2026-06-15,6.0,2.0,0.0,-0.2833333333333333,1,1.81031746031746,network_default,0,0.0,none,0.33333333333333337,6.747222222222221,9.884569437409144,6.0,GBT,1,0.8373600469533649,0.29442994674553546,0.16263995304663514
ANWE|79C|1001|2026-06-16|3077,79C,ANWE,2026-06-16 05:14:00,2026-06-16,5.0,3.0,0.0,0.8833333333333333,1,1.81031746031746,network_default,1,2.0,roadworks,0.41666666666666663,6.608749999999997,21.997698182199102,120.0,GBT,1,0.8373941811659529,0.2943681529844932,0.16260581883404712
ANWE|X4|1009|2026-06-16|2794,X4,ANWE,2026-06-16 07:46:00,2026-06-16,7.0,3.0,1.0,-0.03333333333333333,1,1.81031746031746,network_default,1,5.0,roadworks,0.3191489361702128,3.5638297872340425,10.913589188494715,47.0,GBT,1,0.838087630379072,0.2931127897661403,0.16191236962092803
ANWE|X4|1011|2026-06-16|2791,X4,ANWE,2026-06-16 08:46:00,2026-06-16,8.0,3.0,1.0,-0.13333333333333333,1,1.81031746031746,network_default,1,5.0,roadworks,0.33999999999999997,3.8709999999999996,10.842464916468607,50.0,GBT,1,0.838087630379072,0.2931127897661403,0.16191236962092803
ANWE|82A|1011|2026-06-16|3160,82A,ANWE,2026-06-16 05:14:00,2026-06-16,5.0,3.0,0.0,6.266666666666667,0,1.81031746031746,network_default,1,3.0,roadClosed,0.38095238095238093,15.912896825396823,36.119298126206566,84.0,GBT,1,0.8392409447428129,0.29102492463622526,0.16075905525718714
ANWE|82A|1010|2026-06-16|3138,82A,ANWE,2026-06-16 06:42:00,2026-06-16,6.0,3.0,0.0,-0.03333333333333333,1,1.81031746031746,network_default,1,3.0,roadClosed,0.36170212765957444,14.41507092198581,34.41961312156436,94.0,GBT,1,0.8393295193742629,0.29086457643437,0.16067048062573708
ANWE|82A|1008|2026-06-16|3078,82A,ANWE,2026-06-16 06:12:00,2026-06-16,6.0,3.0,0.0,0.1,1,1.81031746031746,network_default,1,3.0,roadClosed,0.3666666666666667,14.929629629629625,35.08137826518336,90.0,GBT,1,0.8393295193742629,0.29086457643437,0.16067048062573708
ANWE|110|1018|2026-06-16|3136,110,ANWE,2026-06-16 09:25:00,2026-06-16,9.0,3.0,1.0,3.85,0,1.81031746031746,network_default,1,2.0,roadworks,0.4204545454545454,5.095075757575757,13.094607402812278,88.0,GBT,1,0.83981414478641,0.28998725058904656,0.16018585521358997
ANWE|110|1020|2026-06-16|3020,110,ANWE,2026-06-16 09:55:00,2026-06-16,9.0,3.0,1.0,0.3,1,1.81031746031746,network_default,1,2.0,roadworks,0.4285714285714286,5.1269230769230765,12.913405506889926,91.0,GBT,1,0.83981414478641,0.28998725058904656,0.16018585521358997
ANWE|110|1030|2026-06-16|3020,110,ANWE,2026-06-16 12:25:00,2026-06-16,12.0,3.0,0.0,0.16666666666666666,1,1.81031746031746,network_default,1,2.0,roadworks,0.4019607843137255,5.0632352941176455,12.68223516455877,102.0,GBT,1,0.83981414478641,0.28998725058904656,0.16018585521358997
ANWE|110|1042|2026-06-16|3137,110,ANWE,2026-06-16 15:25:00,2026-06-16,15.0,3.0,0.0,7.416666666666667,0,1.81031746031746,network_default,1,2.0,roadworks,0.3826086956521739,4.772753623188406,12.23863265608613,115.0,GBT,1,0.83981414478641,0.28998725058904656,0.16018585521358997
ANWE|110|1046|2026-06-16|3178,110,ANWE,2026-06-16 16:30:00,2026-06-16,16.0,3.0,1.0,0.23333333333333334,1,1.81031746031746,network_default,1,2.0,roadworks,0.3813559322033898,4.712288135593221,12.099929839759175,118.0,GBT,1,0.83981414478641,0.28998725058904656,0.16018585521358997
ANWE|110|1038|2026-06-16|3136,110,ANWE,2026-06-16 14:25:00,2026-06-16,14.0,3.0,0.0,4.15,0,1.81031746031746,network_default,1,2.0,roadworks,0.3839285714285714,4.8656250000000005,12.385008067461284,112.0,GBT,1,0.83981414478641,0.28998725058904656,0.16018585521358997
ANWE|110|1024|2026-06-16|3159,110,ANWE,2026-06-16 10:55:00,2026-06-16,10.0,3.0,0.0,11.433333333333334,0,1.81031746031746,network_default,1,2.0,roadworks,0.40625,4.88125,12.613859047035508,96.0,GBT,1,0.83981414478641,0.28998725058904656,0.16018585521358997
ANWE|110|1036|2026-06-16|3178,110,ANWE,2026-06-16 14:00:00,2026-06-16,14.0,3.0,0.0,-0.4166666666666667,1,1.81031746031746,network_default,1,2.0,roadworks,0.3909090909090909,4.94590909090909,12.482982337753542,110.0,GBT,1,0.83981414478641,0.28998725058904656,0.16018585521358997
ANWE|110|1028|2026-06-16|3136,110,ANWE,2026-06-16 11:55:00,2026-06-16,11.0,3.0,0.0,0.03333333333333333,1,1.81031746031746,network_default,1,2.0,roadworks,0.40594059405940597,5.113036303630362,12.7354613413711,101.0,GBT,1,0.83981414478641,0.28998725058904656,0.16018585521358997
ANWE|110|1040|2026-06-16|3020,110,ANWE,2026-06-16 14:55:00,2026-06-16,14.0,3.0,0.0,-0.35,1,1.81031746031746,network_default,1,2.0,roadworks,0.3893805309734514,4.85929203539823,12.329777668370744,113.0,GBT,1,0.83981414478641,0.28998725058904656,0.16018585521358997
ANWE|110|1031|2026-06-16|3137,110,ANWE,2026-06-16 11:45:00,2026-06-16,11.0,3.0,0.0,0.05,1,1.81031746031746,network_default,1,2.0,roadworks,0.41000000000000003,5.163666666666666,12.789400155644111,100.0,GBT,1,0.8407993036884277,0.2882038002275368,0.1592006963115723
ANWE|110|1049|2026-06-16|3020,110,ANWE,2026-06-16 16:18:00,2026-06-16,16.0,3.0,1.0,-0.05,1,1.81031746031746,network_default,1,2.0,roadworks,0.3846153846153846,4.752991452991453,12.143856868895694,117.0,GBT,1,0.8407993036884277,0.2882038002275368,0.1592006963115723
ANWE|110|1057|2026-06-16|3020,110,ANWE,2026-06-16 18:52:00,2026-06-16,18.0,3.0,1.0,0.03333333333333333,1,1.81031746031746,network_default,1,2.0,roadworks,0.373015873015873,4.536772486772486,11.777407056160127,126.0,GBT,1,0.8407993036884277,0.2882038002275368,0.1592006963115723
ANWE|61|1503|2026-06-16|3089,61,ANWE,2026-06-16 05:31:00,2026-06-16,5.0,3.0,0.0,-0.05,1,1.81031746031746,network_default,0,0.0,none,0.2564102564102564,11.102564102564104,27.2637240880093,39.0,GBT,1,0.8419918524228278,0.2860449084313728,0.1580081475771722
ANWE|82A|1060|2026-06-15|3053,82A,ANWE,2026-06-15 19:12:00,2026-06-15,19.0,2.0,0.0,0.8,1,1.81031746031746,network_default,1,3.0,roadClosed,0.4383561643835616,18.25319634703196,38.229265708574324,73.0,GBT,1,0.842317389840292,0.2854555823605507,0.15768261015970797
ANWE|X4|1030|2026-07-14|2795,X4,ANWE,2026-07-14 19:25:00,2026-07-14,19.0,3.0,0.0,-0.08333333333333333,1,1.81031746031746,network_default,0,0.0,none,0.3465346534653465,9.630363036303631,21.406389284515505,101.0,GBT,1,0.8426116446226,0.2849228877903567,0.15738835537740004
ANWE|X30|1001|2026-06-16|3046,X30,ANWE,2026-06-16 05:10:00,2026-06-16,5.0,3.0,0.0,0.3,1,1.81031746031746,network_default,1,7.0,roadworks,0.34375,11.306770833333335,26.24717730492662,32.0,GBT,1,0.8433388382686813,0.2836064364358238,0.15666116173131872
ANWE|82A|1065|2026-06-16|3140,82A,ANWE,2026-06-16 18:57:00,2026-06-16,18.0,3.0,1.0,0.11666666666666667,1,1.81031746031746,network_default,0,0.0,none,0.3112582781456954,11.618874172185429,29.590708168430957,151.0,GBT,1,0.8435886394347053,0.28315421702336285,0.1564113605652947
ANWE|82A|1039|2026-06-16|3162,82A,ANWE,2026-06-16 11:57:00,2026-06-16,11.0,3.0,0.0,0.0,1,1.81031746031746,network_default,0,0.0,none,0.319672131147541,13.68811475409836,32.398240245116625,122.0,GBT,1,0.8441369103341112,0.28216167264118436,0.1558630896658888
ANWE|82A|1029|2026-06-16|2968,82A,ANWE,2026-06-16 09:27:00,2026-06-16,9.0,3.0,1.0,-0.2833333333333333,1,1.81031746031746,network_default,0,0.0,none,0.33333333333333337,13.920833333333333,33.43092226477636,108.0,GBT,1,0.8441369103341112,0.28216167264118436,0.1558630896658888
ANWE|82A|1043|2026-06-16|3078,82A,ANWE,2026-06-16 12:57:00,2026-06-16,12.0,3.0,0.0,0.6333333333333333,1,1.81031746031746,network_default,0,0.0,none,0.30952380952380953,13.260582010582008,31.963814999893902,126.0,GBT,1,0.8441369103341112,0.28216167264118436,0.1558630896658888
ANWE|82A|1045|2026-06-16|3138,82A,ANWE,2026-06-16 13:27:00,2026-06-16,13.0,3.0,0.0,0.1,1,1.81031746031746,network_default,0,0.0,none,0.3046875,13.066536458333331,31.748818530941367,128.0,GBT,1,0.8441369103341112,0.28216167264118436,0.1558630896658888
ANWE|82A|1069|2026-06-15|3053,82A,ANWE,2026-06-15 21:07:00,2026-06-15,21.0,2.0,0.0,0.8166666666666667,1,1.81031746031746,network_default,1,3.0,roadClosed,0.4155844155844156,17.352164502164502,37.41080770666387,77.0,GBT,1,0.845062295735372,0.28048643129175915,0.15493770426462805
ANWE|61|1510|2026-06-16|3089,61,ANWE,2026-06-16 07:21:00,2026-06-16,7.0,3.0,1.0,-0.18333333333333332,1,1.81031746031746,network_default,0,0.0,none,0.25,10.304924242424242,25.847417910801575,44.0,GBT,1,0.847319835545969,0.2763995675552735,0.152680164454031
ANWE|61|1512|2026-06-16|3161,61,ANWE,2026-06-16 08:21:00,2026-06-16,8.0,3.0,1.0,4.2,0,1.81031746031746,network_default,0,0.0,none,0.27083333333333337,12.571527777777776,30.144356186679083,48.0,GBT,1,0.847319835545969,0.2763995675552735,0.152680164454031
ANWE|2|1117|2026-07-14|3077,2,ANWE,2026-07-14 16:18:00,2026-07-14,16.0,3.0,1.0,0.06666666666666667,1,1.81031746031746,network_default,0,0.0,none,0.19999999999999996,4.951733333333333,22.915602792900895,125.0,GBT,1,0.8476605863581828,0.2757827004103056,0.15233941364181725
ANWE|2|1119|2026-07-14|3049,2,ANWE,2026-07-14 16:30:00,2026-07-14,16.0,3.0,1.0,0.16666666666666666,1,1.81031746031746,network_default,0,0.0,none,0.19841269841269837,4.912962962962964,22.82790503736735,126.0,GBT,1,0.8476605863581828,0.2757827004103056,0.15233941364181725
ANWE|110|1051|2026-06-16|3137,110,ANWE,2026-06-16 16:48:00,2026-06-16,16.0,3.0,1.0,3.45,0,1.81031746031746,network_default,1,2.0,roadworks,0.37815126050420167,4.674649859943978,12.055543701528004,119.0,GBT,1,0.8485394148290203,0.27419174188492434,0.1514605851709797
ANWE|110|1041|2026-06-16|3137,110,ANWE,2026-06-16 14:15:00,2026-06-16,14.0,3.0,0.0,1.3166666666666667,1,1.81031746031746,network_default,1,2.0,roadworks,0.3873873873873874,4.897597597597597,12.436532175804983,111.0,GBT,1,0.8485394148290203,0.27419174188492434,0.1514605851709797
ANWE|110|1029|2026-06-16|3020,110,ANWE,2026-06-16 11:15:00,2026-06-16,11.0,3.0,0.0,0.0,1,1.81031746031746,network_default,1,2.0,roadworks,0.41836734693877553,5.269897959183673,12.898496067034834,98.0,GBT,1,0.8485394148290203,0.27419174188492434,0.1514605851709797
ANWE|110|1025|2026-06-16|3178,110,ANWE,2026-06-16 10:15:00,2026-06-16,10.0,3.0,0.0,-0.11666666666666667,1,1.81031746031746,network_default,1,2.0,roadworks,0.42391304347826086,5.07445652173913,12.85211304944427,92.0,GBT,1,0.8485394148290203,0.27419174188492434,0.1514605851709797
ANWE|X4|1032|2026-07-14|2794,X4,ANWE,2026-07-14 20:25:00,2026-07-14,20.0,3.0,0.0,1.95,1,1.81031746031746,network_default,0,0.0,none,0.33653846153846156,9.368108974358973,21.147981471940152,104.0,GBT,1,0.8485678376176334,0.27414028761442705,0.15143216238236656
ANWE|110|1012|2026-06-16|3137,110,ANWE,2026-06-16 07:55:00,2026-06-16,7.0,3.0,1.0,6.716666666666667,0,1.81031746031746,network_default,1,2.0,roadworks,0.4390243902439024,5.36239837398374,13.515429076449848,82.0,GBT,1,0.8487795955728641,0.27375693849071187,0.1512204044271359
ANWE|110|1010|2026-06-16|3020,110,ANWE,2026-06-16 07:25:00,2026-06-16,7.0,3.0,1.0,0.8333333333333334,1,1.81031746031746,network_default,1,2.0,roadworks,0.44999999999999996,5.472916666666666,13.666889823998805,80.0,GBT,1,0.8487795955728641,0.27375693849071187,0.1512204044271359
ANWE|1|1085|2026-07-14|3164,1,ANWE,2026-07-14 13:24:00,2026-07-14,13.0,3.0,0.0,18.75,0,1.81031746031746,network_default,0,0.0,none,0.22314049586776863,1.7768595041322315,4.425612204930494,121.0,GBT,1,0.849868068806248,0.2717864563912288,0.150131931193752
ANWE|61|1501|2026-06-16|3203,61,ANWE,2026-06-16 04:31:00,2026-06-16,4.0,3.0,0.0,0.08333333333333333,1,1.81031746031746,network_default,0,0.0,none,0.2702702702702703,11.69774774774775,27.88379550716183,37.0,GBT,1,0.8501283818894438,0.2713152070715703,0.14987161811055616
ANWE|61|1502|2026-06-16|3161,61,ANWE,2026-06-16 03:26:00,2026-06-16,3.0,3.0,0.0,0.35,1,1.81031746031746,network_default,0,0.0,none,0.2857142857142857,12.314761904761905,28.565253177166664,35.0,GBT,1,0.8502423999036675,0.2711087982696305,0.14975760009633254
ANWE|61|1504|2026-06-16|3206,61,ANWE,2026-06-16 04:21:00,2026-06-16,4.0,3.0,0.0,1.45,1,1.81031746031746,network_default,0,0.0,none,0.2777777777777778,11.98240740740741,28.224753276704902,36.0,GBT,1,0.8502423999036675,0.2711087982696305,0.14975760009633254
ANWE|110|1054|2026-06-16|3159,110,ANWE,2026-06-16 18:45:00,2026-06-16,18.0,3.0,1.0,-0.45,1,1.81031746031746,network_default,1,2.0,roadworks,0.376,4.576666666666667,11.816250352858717,125.0,GBT,1,0.8528894349270972,0.2663168245486438,0.14711056507290277
ANWE|110|1052|2026-06-16|3137,110,ANWE,2026-06-16 18:05:00,2026-06-16,18.0,3.0,1.0,-0.3333333333333333,1,1.81031746031746,network_default,1,2.0,roadworks,0.3790322580645161,4.616263440860216,11.855856930557895,124.0,GBT,1,0.8528894349270972,0.2663168245486438,0.14711056507290277
ANWE|82A|1025|2026-06-16|3078,82A,ANWE,2026-06-16 08:27:00,2026-06-16,8.0,3.0,1.0,-0.21666666666666667,1,1.81031746031746,network_default,0,0.0,none,0.3431372549019608,14.071568627450977,33.83705945992623,102.0,GBT,1,0.8529027970873473,0.26629263479663556,0.1470972029126527
ANWE|82A|1027|2026-06-16|3138,82A,ANWE,2026-06-16 08:57:00,2026-06-16,8.0,3.0,1.0,-0.06666666666666667,1,1.81031746031746,network_default,0,0.0,none,0.34285714285714286,14.317936507936507,33.8250302979029,105.0,GBT,1,0.8529027970873473,0.26629263479663556,0.1470972029126527
ANWE|82A|1023|2026-06-16|3160,82A,ANWE,2026-06-16 07:57:00,2026-06-16,7.0,3.0,1.0,0.23333333333333334,1,1.81031746031746,network_default,0,0.0,none,0.35,14.34883333333333,34.119152249909796,100.0,GBT,1,0.8529027970873473,0.26629263479663556,0.1470972029126527
ANWE|82A|1021|2026-06-16|3162,82A,ANWE,2026-06-16 07:27:00,2026-06-16,7.0,3.0,1.0,-0.3333333333333333,1,1.81031746031746,network_default,0,0.0,none,0.3571428571428571,14.628911564625847,34.41129743953361,98.0,GBT,1,0.8529027970873473,0.26629263479663556,0.1470972029126527
ANWE|1|1095|2026-06-16|3044,1,ANWE,2026-06-16 14:24:00,2026-06-16,14.0,3.0,0.0,0.31666666666666665,1,1.81031746031746,network_default,1,2.0,roadworks,0.24242424242424243,1.7553872053872053,4.173178468227836,99.0,GBT,1,0.8557250139848374,0.26118352627030633,0.14427498601516264
ANWE|1|1069|2026-06-16|3163,1,ANWE,2026-06-16 11:48:00,2026-06-16,11.0,3.0,0.0,0.1,1,1.81031746031746,network_default,1,2.0,roadworks,0.25287356321839083,1.637931034482759,3.8279281825680904,87.0,GBT,1,0.8557250139848374,0.26118352627030633,0.14427498601516264
ANWE|1|1079|2026-06-16|3044,1,ANWE,2026-06-16 12:48:00,2026-06-16,12.0,3.0,0.0,0.31666666666666665,1,1.81031746031746,network_default,1,2.0,roadworks,0.25,1.7579710144927538,4.15150169092449,92.0,GBT,1,0.8557250139848374,0.26118352627030633,0.14427498601516264
ANWE|1|1121|2026-06-16|2788,1,ANWE,2026-06-16 17:00:00,2026-06-16,17.0,3.0,1.0,-0.11666666666666667,1,1.81031746031746,network_default,1,2.0,roadworks,0.21238938053097345,1.5315634218289085,3.950545825026488,113.0,GBT,1,0.8557250139848374,0.26118352627030633,0.14427498601516264
ANWE|1|1067|2026-06-16|3044,1,ANWE,2026-06-16 11:36:00,2026-06-16,11.0,3.0,0.0,-0.4,1,1.81031746031746,network_default,1,2.0,roadworks,0.2558139534883721,1.6616279069767446,3.843955504431423,86.0,GBT,1,0.8557250139848374,0.26118352627030633,0.14427498601516264
ANWE|1|1105|2026-06-16|2788,1,ANWE,2026-06-16 15:24:00,2026-06-16,15.0,3.0,0.0,0.0,1,1.81031746031746,network_default,1,2.0,roadworks,0.22857142857142854,1.647301587301587,4.07616529652853,105.0,GBT,1,0.8557250139848374,0.26118352627030633,0.14427498601516264
ANWE|1|1089|2026-06-16|2788,1,ANWE,2026-06-16 13:48:00,2026-06-16,13.0,3.0,0.0,-0.21666666666666667,1,1.81031746031746,network_default,1,2.0,roadworks,0.23958333333333337,1.6838541666666667,4.079091210796119,96.0,GBT,1,0.8557250139848374,0.26118352627030633,0.14427498601516264
ANWE|1|1063|2026-06-16|3044,1,ANWE,2026-06-16 11:12:00,2026-06-16,11.0,3.0,0.0,-0.21666666666666667,1,1.81031746031746,network_default,1,2.0,roadworks,0.26190476190476186,1.7055555555555562,3.879180461528091,84.0,GBT,1,0.8557250139848374,0.26118352627030633,0.14427498601516264
ANWE|1|1097|2026-06-16|2788,1,ANWE,2026-06-16 14:36:00,2026-06-16,14.0,3.0,0.0,-0.016666666666666666,1,1.81031746031746,network_default,1,2.0,roadworks,0.2376237623762376,1.7143564356435643,4.142378563701838,101.0,GBT,1,0.8557250139848374,0.26118352627030633,0.14427498601516264
ANWE|1|1103|2026-06-16|3044,1,ANWE,2026-06-16 15:12:00,2026-06-16,15.0,3.0,0.0,0.03333333333333333,1,1.81031746031746,network_default,1,2.0,roadworks,0.23076923076923073,1.6628205128205127,4.092786581271254,104.0,GBT,1,0.8557250139848374,0.26118352627030633,0.14427498601516264
ANWE|1|1087|2026-06-16|3044,1,ANWE,2026-06-16 13:36:00,2026-06-16,13.0,3.0,0.0,0.0,1,1.81031746031746,network_default,1,2.0,roadworks,0.2421052631578947,1.701578947368421,4.097012889884902,95.0,GBT,1,0.8557250139848374,0.26118352627030633,0.14427498601516264
ANWE|1|1061|2026-06-16|3163,1,ANWE,2026-06-16 11:00:00,2026-06-16,11.0,3.0,0.0,0.3333333333333333,1,1.81031746031746,network_default,1,2.0,roadworks,0.2650602409638554,1.722088353413655,3.8997838071841855,83.0,GBT,1,0.8557250139848374,0.26118352627030633,0.14427498601516264
ANWE|1|1085|2026-06-16|2788,1,ANWE,2026-06-16 13:24:00,2026-06-16,13.0,3.0,0.0,-0.2833333333333333,1,1.81031746031746,network_default,1,2.0,roadworks,0.24468085106382975,1.722695035460993,4.1137803872418095,94.0,GBT,1,0.8557250139848374,0.26118352627030633,0.14427498601516264
ANWE|1|1057|2026-06-16|3163,1,ANWE,2026-06-16 10:36:00,2026-06-16,10.0,3.0,0.0,0.08333333333333333,1,1.81031746031746,network_default,1,2.0,roadworks,0.2716049382716049,1.7627572016460908,3.9394190840121004,81.0,GBT,1,0.8557250139848374,0.26118352627030633,0.14427498601516264
ANWE|1|1091|2026-06-16|3044,1,ANWE,2026-06-16 14:00:00,2026-06-16,14.0,3.0,0.0,-0.25,1,1.81031746031746,network_default,1,2.0,roadworks,0.23711340206185572,1.6642611683848798,4.062376059142651,97.0,GBT,1,0.8557250139848374,0.26118352627030633,0.14427498601516264
ANWE|1|1109|2026-06-16|2788,1,ANWE,2026-06-16 15:48:00,2026-06-16,15.0,3.0,0.0,0.08333333333333333,1,1.81031746031746,network_default,1,2.0,roadworks,0.22429906542056077,1.6169781931464173,4.043559325573957,107.0,GBT,1,0.8557250139848374,0.26118352627030633,0.14427498601516264
ANWE|1|1075|2026-06-16|3044,1,ANWE,2026-06-16 12:24:00,2026-06-16,12.0,3.0,0.0,0.08333333333333333,1,1.81031746031746,network_default,1,2.0,roadworks,0.25274725274725274,1.7763736263736265,4.1707269594116765,91.0,GBT,1,0.8557250139848374,0.26118352627030633,0.14427498601516264
ANWE|1|1065|2026-06-16|3163,1,ANWE,2026-06-16 11:24:00,2026-06-16,11.0,3.0,0.0,-0.15,1,1.81031746031746,network_default,1,2.0,roadworks,0.2588235294117647,1.6829411764705886,3.8616534760708294,85.0,GBT,1,0.8557250139848374,0.26118352627030633,0.14427498601516264
ANWE|1|1059|2026-06-16|3044,1,ANWE,2026-06-16 10:48:00,2026-06-16,10.0,3.0,0.0,0.06666666666666667,1,1.81031746031746,network_default,1,2.0,roadworks,0.2682926829268293,1.742276422764228,3.919416506993686,82.0,GBT,1,0.8557250139848374,0.26118352627030633,0.14427498601516264
ANWE|1|1071|2026-06-16|3044,1,ANWE,2026-06-16 12:00:00,2026-06-16,12.0,3.0,0.0,-0.03333333333333333,1,1.81031746031746,network_default,1,2.0,roadworks,0.2584269662921348,1.8151685393258428,4.209618495971486,89.0,GBT,1,0.8557250139848374,0.26118352627030633,0.14427498601516264
ANWE|1|1117|2026-06-16|2788,1,ANWE,2026-06-16 16:36:00,2026-06-16,16.0,3.0,1.0,0.16666666666666666,1,1.81031746031746,network_default,1,2.0,roadworks,0.21621621621621623,1.5585585585585586,3.9810427450231347,111.0,GBT,1,0.8557250139848374,0.26118352627030633,0.14427498601516264
ANWE|1|1115|2026-06-16|3044,1,ANWE,2026-06-16 16:24:00,2026-06-16,16.0,3.0,1.0,0.18333333333333332,1,1.81031746031746,network_default,1,2.0,roadworks,0.21818181818181814,1.571060606060606,3.997073137436689,110.0,GBT,1,0.8557250139848374,0.26118352627030633,0.14427498601516264
ANWE|1|1083|2026-06-16|3044,1,ANWE,2026-06-16 13:12:00,2026-06-16,13.0,3.0,0.0,-0.11666666666666667,1,1.81031746031746,network_default,1,2.0,roadworks,0.24731182795698925,1.74247311827957,4.131581644459801,93.0,GBT,1,0.8557250139848374,0.26118352627030633,0.14427498601516264
ANWE|1|1111|2026-06-16|3044,1,ANWE,2026-06-16 16:00:00,2026-06-16,16.0,3.0,1.0,-0.1,1,1.81031746031746,network_default,1,2.0,roadworks,0.2222222222222222,1.6027777777777776,4.027324570771336,108.0,GBT,1,0.8557250139848374,0.26118352627030633,0.14427498601516264
ANWE|61|1507|2026-06-16|3206,61,ANWE,2026-06-16 06:48:00,2026-06-16,6.0,3.0,0.0,0.08333333333333333,1,1.81031746031746,network_default,0,0.0,none,0.2558139534883721,10.542635658914728,26.104604973536997,43.0,GBT,1,0.8562305698741012,0.2602683096168057,0.14376943012589882
ANWE|61|1505|2026-06-16|3161,61,ANWE,2026-06-16 05:46:00,2026-06-16,5.0,3.0,0.0,0.7166666666666667,1,1.81031746031746,network_default,0,0.0,none,0.25,10.82375,26.96962913785307,40.0,GBT,1,0.8562305698741012,0.2602683096168057,0.14376943012589882
ANWE|110|1061|2026-07-14|2968,110,ANWE,2026-07-14 20:57:00,2026-07-14,20.0,3.0,0.0,0.9,1,1.81031746031746,network_default,0,0.0,none,0.4180790960451978,7.760075329566856,16.849587501900224,177.0,GBT,1,0.856423034597382,0.25991988736775523,0.143576965402618
ANWE|110|1019|2026-06-16|3020,110,ANWE,2026-06-16 08:45:00,2026-06-16,8.0,3.0,1.0,-0.016666666666666666,1,1.81031746031746,network_default,1,2.0,roadworks,0.43529411764705883,5.27313725490196,13.291008242167734,85.0,GBT,1,0.857099615918745,0.25869506038836726,0.14290038408125505
ANWE|110|1037|2026-06-16|3136,110,ANWE,2026-06-16 13:15:00,2026-06-16,13.0,3.0,0.0,0.45,1,1.81031746031746,network_default,1,2.0,roadworks,0.4018691588785047,5.079127725856696,12.632339926562292,107.0,GBT,1,0.8579641218811065,0.2571300301501556,0.1420358781188935
ANWE|110|1035|2026-06-16|3178,110,ANWE,2026-06-16 12:45:00,2026-06-16,12.0,3.0,0.0,0.06666666666666667,1,1.81031746031746,network_default,1,2.0,roadworks,0.40384615384615385,5.241346153846152,12.776619309309597,104.0,GBT,1,0.8579641218811065,0.2571300301501556,0.1420358781188935
ANWE|110|1021|2026-06-16|3137,110,ANWE,2026-06-16 09:15:00,2026-06-16,9.0,3.0,1.0,-0.06666666666666667,1,1.81031746031746,network_default,1,2.0,roadworks,0.4252873563218391,5.154406130268199,13.158616776719013,87.0,GBT,1,0.8579641218811065,0.2571300301501556,0.1420358781188935
ANWE|110|1023|2026-06-16|3159,110,ANWE,2026-06-16 09:45:00,2026-06-16,9.0,3.0,1.0,0.8333333333333334,1,1.81031746031746,network_default,1,2.0,roadworks,0.43333333333333335,5.17462962962963,12.977683531212945,90.0,GBT,1,0.8579641218811065,0.2571300301501556,0.1420358781188935
ANWE|110|1047|2026-06-16|3136,110,ANWE,2026-06-16 15:48:00,2026-06-16,15.0,3.0,0.0,-0.18333333333333332,1,1.81031746031746,network_default,1,2.0,roadworks,0.3879310344827587,4.795545977011494,12.187777467721448,116.0,GBT,1,0.8579641218811065,0.2571300301501556,0.1420358781188935
ANWE|110|1050|2026-06-16|3020,110,ANWE,2026-06-16 17:35:00,2026-06-16,17.0,3.0,1.0,-0.16666666666666666,1,1.81031746031746,network_default,1,2.0,roadworks,0.38524590163934425,4.693989071038252,11.93762909306182,122.0,GBT,1,0.8579641218811065,0.2571300301501556,0.1420358781188935
ANWE|110|1027|2026-06-16|3136,110,ANWE,2026-06-16 10:45:00,2026-06-16,10.0,3.0,0.0,1.5,1,1.81031746031746,network_default,1,2.0,roadworks,0.41052631578947374,4.916842105263157,12.675929446046144,95.0,GBT,1,0.8579641218811065,0.2571300301501556,0.1420358781188935
ANWE|110|1039|2026-06-16|3020,110,ANWE,2026-06-16 13:45:00,2026-06-16,13.0,3.0,0.0,-0.18333333333333332,1,1.81031746031746,network_default,1,2.0,roadworks,0.39814814814814814,5.036265432098764,12.581059671360306,108.0,GBT,1,0.8579641218811065,0.2571300301501556,0.1420358781188935
ANWE|110|1026|2026-06-16|3178,110,ANWE,2026-06-16 11:25:00,2026-06-16,11.0,3.0,0.0,-0.08333333333333333,1,1.81031746031746,network_default,1,2.0,roadworks,0.41414141414141414,5.216666666666666,12.843444201495021,99.0,GBT,1,0.8579641218811065,0.2571300301501556,0.1420358781188935
ANWE|110|1022|2026-06-16|3137,110,ANWE,2026-06-16 10:25:00,2026-06-16,10.0,3.0,0.0,-0.21666666666666667,1,1.81031746031746,network_default,1,2.0,roadworks,0.4148936170212766,4.9714539007092196,12.732656492346493,94.0,GBT,1,0.8579641218811065,0.2571300301501556,0.1420358781188935
ANWE|110|1032|2026-06-16|3137,110,ANWE,2026-06-16 13:00:00,2026-06-16,13.0,3.0,0.0,0.36666666666666664,1,1.81031746031746,network_default,1,2.0,roadworks,0.4056603773584906,5.123584905660375,12.683938280616118,106.0,GBT,1,0.8579641218811065,0.2571300301501556,0.1420358781188935
ANWE|110|1045|2026-06-16|3178,110,ANWE,2026-06-16 15:15:00,2026-06-16,15.0,3.0,0.0,0.11666666666666667,1,1.81031746031746,network_default,1,2.0,roadworks,0.38596491228070173,4.81359649122807,12.28479217606839,114.0,GBT,1,0.8579641218811065,0.2571300301501556,0.1420358781188935
ANWE|2|1027|2026-06-16|3177,2,ANWE,2026-06-16 07:18:00,2026-06-16,7.0,3.0,1.0,2.5833333333333335,0,1.81031746031746,network_default,1,2.0,roadworks,0.13636363636363635,1.1565656565656568,4.0959651595113185,66.0,GBT,1,0.8609112037482322,0.251794876389113,0.13908879625176784
ANWE|2|1033|2026-06-16|3105,2,ANWE,2026-06-16 07:54:00,2026-06-16,7.0,3.0,1.0,0.25,1,1.81031746031746,network_default,1,4.0,roadworks,0.14492753623188404,1.13768115942029,4.015156794745153,69.0,GBT,1,0.8609112037482322,0.251794876389113,0.13908879625176784
ANWE|2|1045|2026-06-16|3105,2,ANWE,2026-06-16 09:06:00,2026-06-16,9.0,3.0,1.0,-0.3,1,1.81031746031746,network_default,1,4.0,roadworks,0.1466666666666666,1.0842222222222226,3.866925757603165,75.0,GBT,1,0.8609112037482322,0.251794876389113,0.13908879625176784
ANWE|2|1043|2026-06-16|3177,2,ANWE,2026-06-16 08:54:00,2026-06-16,8.0,3.0,1.0,2.966666666666667,0,1.81031746031746,network_default,1,4.0,roadworks,0.1351351351351351,1.0587837837837841,3.886998018971697,74.0,GBT,1,0.8609112037482322,0.251794876389113,0.13908879625176784
ANWE|2|1029|2026-06-16|3105,2,ANWE,2026-06-16 07:30:00,2026-06-16,7.0,3.0,1.0,-0.31666666666666665,1,1.81031746031746,network_default,1,2.0,roadworks,0.14925373134328357,1.177860696517413,4.068552291001097,67.0,GBT,1,0.8609112037482322,0.251794876389113,0.13908879625176784
ANWE|2|1035|2026-06-16|3177,2,ANWE,2026-06-16 08:06:00,2026-06-16,8.0,3.0,1.0,-0.21666666666666667,1,1.81031746031746,network_default,1,4.0,roadworks,0.1428571428571429,1.1250000000000002,3.987367078133263,70.0,GBT,1,0.8609112037482322,0.251794876389113,0.13908879625176784
ANWE|2|1041|2026-06-16|3105,2,ANWE,2026-06-16 08:42:00,2026-06-16,8.0,3.0,1.0,-0.35,1,1.81031746031746,network_default,1,4.0,roadworks,0.136986301369863,1.078082191780822,3.9103267015562477,73.0,GBT,1,0.8609112037482322,0.251794876389113,0.13908879625176784
ANWE|2|1039|2026-06-16|3177,2,ANWE,2026-06-16 08:30:00,2026-06-16,8.0,3.0,1.0,0.2833333333333333,1,1.81031746031746,network_default,1,4.0,roadworks,0.13888888888888884,1.0891203703703707,3.936622480623073,72.0,GBT,1,0.8609112037482322,0.251794876389113,0.13908879625176784
ANWE|X4|1025|2026-06-16|2792,X4,ANWE,2026-06-16 16:06:00,2026-06-16,16.0,3.0,1.0,0.18333333333333332,1,1.81031746031746,network_default,1,7.0,roadworks,0.265625,3.057552083333333,9.689074070645276,64.0,GBT,1,0.8609112037482322,0.251794876389113,0.13908879625176784
ANWE|2|1031|2026-06-16|3177,2,ANWE,2026-06-16 07:42:00,2026-06-16,7.0,3.0,1.0,-0.1,1,1.81031746031746,network_default,1,4.0,roadworks,0.1470588235294118,1.1558823529411766,4.042140957661873,68.0,GBT,1,0.8609112037482322,0.251794876389113,0.13908879625176784
ANWE|2|1037|2026-06-16|3105,2,ANWE,2026-06-16 08:18:00,2026-06-16,8.0,3.0,1.0,-0.11666666666666667,1,1.81031746031746,network_default,1,4.0,roadworks,0.14084507042253525,1.1061032863849767,3.9619842706159356,71.0,GBT,1,0.8609112037482322,0.251794876389113,0.13908879625176784
ANWE|2|1047|2026-06-16|3177,2,ANWE,2026-06-16 09:18:00,2026-06-16,9.0,3.0,1.0,0.15,1,1.81031746031746,network_default,1,4.0,roadworks,0.14473684210526316,1.066008771929825,3.844340179179693,76.0,GBT,1,0.8609112037482322,0.251794876389113,0.13908879625176784
ANWE|82A|1062|2026-06-15|3138,82A,ANWE,2026-06-15 19:42:00,2026-06-15,19.0,2.0,0.0,0.9333333333333333,1,1.81031746031746,network_default,1,3.0,roadClosed,0.43243243243243246,18.01734234234234,38.02069085809939,74.0,GBT,1,0.8612158786808828,0.25124331803881456,0.13878412131911722
ANWE|79C|1020|2026-06-16|3053,79C,ANWE,2026-06-16 06:05:00,2026-06-16,6.0,3.0,0.0,-0.06666666666666667,1,1.81031746031746,network_default,0,0.0,none,0.40625,6.622526041666663,21.529022872678976,128.0,GBT,1,0.8614371163082872,0.25084280769904505,0.13856288369171277
ANWE|82A|1064|2026-06-15|3162,82A,ANWE,2026-06-15 20:12:00,2026-06-15,20.0,2.0,0.0,0.9833333333333333,1,1.81031746031746,network_default,1,3.0,roadClosed,0.42105263157894735,17.56754385964912,37.6113004979381,76.0,GBT,1,0.8618585173716601,0.25007993799622485,0.13814148262833992
ANWE|X4|1038|2026-06-15|2795,X4,ANWE,2026-06-15 23:15:00,2026-06-15,23.0,2.0,0.0,0.8166666666666667,1,1.81031746031746,network_default,1,5.0,maintenanceWork,0.32432432432432434,1.441891891891892,2.1909417249915557,37.0,GBT,1,0.8624262352320533,0.24905218844102092,0.1375737647679467
ANWE|X4|1007|2026-06-16|2792,X4,ANWE,2026-06-16 06:46:00,2026-06-16,6.0,3.0,0.0,-0.38333333333333336,1,1.81031746031746,network_default,1,7.0,roadworks,0.31818181818181823,3.1587121212121216,10.623334031808199,44.0,GBT,1,0.863615481364226,0.24689927540333378,0.13638451863577405
ANWE|110|1061|2026-06-16|3020,110,ANWE,2026-06-16 20:57:00,2026-06-16,20.0,3.0,0.0,1.45,1,1.81031746031746,network_default,1,2.0,roadworks,0.36923076923076925,4.3702564102564105,11.634451828799476,130.0,GBT,1,0.8647117314333088,0.24491471476239884,0.13528826856669118
ANWE|2|1121|2026-07-14|3077,2,ANWE,2026-07-14 16:42:00,2026-07-14,16.0,3.0,1.0,0.016666666666666666,1,1.81031746031746,network_default,0,0.0,none,0.19685039370078738,4.875590551181102,22.741038004079293,127.0,GBT,1,0.8658267230663311,0.2428962259410307,0.13417327693366887
ANWE|110|1059|2026-07-14|3206,110,ANWE,2026-07-14 19:55:00,2026-07-14,19.0,3.0,0.0,0.03333333333333333,1,1.81031746031746,network_default,0,0.0,none,0.42441860465116277,7.903875968992248,17.058869360991206,172.0,GBT,1,0.8659566134159102,0.24266108317326088,0.13404338658408976
ANWE|110|1016|2026-06-16|3178,110,ANWE,2026-06-16 08:55:00,2026-06-16,8.0,3.0,1.0,0.23333333333333334,1,1.81031746031746,network_default,1,2.0,roadworks,0.43023255813953487,5.2116279069767435,13.22490176144183,86.0,GBT,1,0.8660757300742922,0.2424454442067774,0.13392426992570783
ANWE|110|1014|2026-06-16|3159,110,ANWE,2026-06-16 08:25:00,2026-06-16,8.0,3.0,1.0,0.016666666666666666,1,1.81031746031746,network_default,1,2.0,roadworks,0.44047619047619047,5.3357142857142845,13.358232058946909,84.0,GBT,1,0.8660757300742922,0.2424454442067774,0.13392426992570783
ANWE|X4|1037|2026-07-14|2789,X4,ANWE,2026-07-14 21:50:00,2026-07-14,21.0,3.0,0.0,1.2,1,1.81031746031746,network_default,0,0.0,none,0.3271028037383178,9.139096573208723,20.890834997959498,107.0,GBT,1,0.8672255904179534,0.24036383194972077,0.13277440958204656
ANWE|X4|1035|2026-07-14|2795,X4,ANWE,2026-07-14 20:50:00,2026-07-14,20.0,3.0,0.0,1.3,1,1.81031746031746,network_default,0,0.0,none,0.33333333333333337,9.297460317460317,21.058509986391915,105.0,GBT,1,0.8672255904179534,0.24036383194972077,0.13277440958204656
ANWE|X4|1033|2026-07-14|2790,X4,ANWE,2026-07-14 19:50:00,2026-07-14,19.0,3.0,0.0,0.26666666666666666,1,1.81031746031746,network_default,0,0.0,none,0.3398058252427184,9.456472491909384,21.232093472102886,103.0,GBT,1,0.8672255904179534,0.24036383194972077,0.13277440958204656
ANWE|X4|1031|2026-07-14|2794,X4,ANWE,2026-07-14 19:00:00,2026-07-14,19.0,3.0,0.0,0.0,1,1.81031746031746,network_default,0,0.0,none,0.3434343434343434,9.796632996632997,21.5901563795445,99.0,GBT,1,0.8672255904179534,0.24036383194972077,0.13277440958204656
ANWE|1|1013|2026-06-16|3163,1,ANWE,2026-06-16 06:07:00,2026-06-16,6.0,3.0,0.0,0.08333333333333333,1,1.81031746031746,network_default,1,5.0,roadworks,0.27586206896551724,1.5729885057471265,3.0947415433503433,58.0,GBT,1,0.8675611578522306,0.23975634836433482,0.13243884214776935
ANWE|2|1121|2026-06-16|3101,2,ANWE,2026-06-16 16:42:00,2026-06-16,16.0,3.0,1.0,-0.13333333333333333,1,1.81031746031746,network_default,1,4.0,roadworks,0.13761467889908252,1.017125382262997,3.6672870257447063,109.0,GBT,1,0.8677061543003701,0.2394938587625839,0.13229384569962988
ANWE|1|1119|2026-06-16|3044,1,ANWE,2026-06-16 16:48:00,2026-06-16,16.0,3.0,1.0,-0.1,1,1.81031746031746,network_default,1,2.0,roadworks,0.2142857142857143,1.5461309523809523,3.9652513323676124,112.0,GBT,1,0.8677061543003701,0.2394938587625839,0.13229384569962988
ANWE|82A|1069|2026-06-16|3160,82A,ANWE,2026-06-16 21:07:00,2026-06-16,21.0,3.0,0.0,0.016666666666666666,1,1.81031746031746,network_default,0,0.0,none,0.3012820512820513,11.25918803418803,29.177165563231114,156.0,GBT,1,0.8687163757554639,0.23766503722364032,0.1312836242445361
ANWE|79C|1012|2026-06-16|2795,79C,ANWE,2026-06-16 05:00:00,2026-06-16,5.0,3.0,0.0,-0.23333333333333334,1,1.81031746031746,network_default,1,2.0,roadworks,0.423728813559322,6.724858757062144,22.166522260926996,118.0,GBT,1,0.868782531513972,0.23754527429891256,0.131217468486028
ANWE|79C|1006|2026-06-16|3077,79C,ANWE,2026-06-16 04:15:00,2026-06-16,4.0,3.0,0.0,1.5,1,1.81031746031746,network_default,1,2.0,roadworks,0.4347826086956522,6.885072463768113,22.433356835262337,115.0,GBT,1,0.868782531513972,0.23754527429891256,0.131217468486028
ANWE|79C|1098|2026-06-16|3018,79C,ANWE,2026-06-16 20:22:00,2026-06-16,20.0,3.0,0.0,-0.05,1,1.81031746031746,network_default,0,0.0,none,0.3853211009174312,6.476605504587152,19.818314689419434,218.0,GBT,1,0.8693024759018548,0.2366040098951342,0.13069752409814517
ANWE|110|1055|2026-06-16|3178,110,ANWE,2026-06-16 18:01:00,2026-06-16,18.0,3.0,1.0,-0.08333333333333333,1,1.81031746031746,network_default,1,2.0,roadworks,0.38211382113821135,4.654471544715448,11.896679342826022,123.0,GBT,1,0.8697876125930784,0.23572575847237162,0.13021238740692165
ANWE|110|1048|2026-06-16|3136,110,ANWE,2026-06-16 17:05:00,2026-06-16,17.0,3.0,1.0,-0.08333333333333333,1,1.81031746031746,network_default,1,2.0,roadworks,0.3833333333333333,4.664444444444445,12.005303825818084,120.0,GBT,1,0.8697876125930784,0.23572575847237162,0.13021238740692165
ANWE|79C|1022|2026-06-16|3077,79C,ANWE,2026-06-16 06:28:00,2026-06-16,6.0,3.0,0.0,0.03333333333333333,1,1.81031746031746,network_default,0,0.0,none,0.40458015267175573,6.497328244274804,21.296378631279335,131.0,GBT,1,0.8701820421740462,0.23501171571507992,0.12981795782595384
ANWE|82A|1007|2026-06-16|3162,82A,ANWE,2026-06-16 04:44:00,2026-06-16,4.0,3.0,0.0,-0.2,1,1.81031746031746,network_default,1,3.0,roadClosed,0.3902439024390244,16.30711382113821,36.47202208914163,82.0,GBT,1,0.8703280107330511,0.23474746628405588,0.1296719892669489
ANWE|82A|1003|2026-06-16|3045,82A,ANWE,2026-06-16 04:14:00,2026-06-16,4.0,3.0,0.0,0.13333333333333333,1,1.81031746031746,network_default,1,3.0,roadClosed,0.4,16.711875,36.83859969546691,80.0,GBT,1,0.8703280107330511,0.23474746628405588,0.1296719892669489
ANWE|82A|1011|2026-06-16|3101,82A,ANWE,2026-06-16 05:14:00,2026-06-16,5.0,3.0,0.0,-0.15,1,1.81031746031746,network_default,1,3.0,roadClosed,0.388235294117647,15.79941176470588,35.9189003694488,85.0,GBT,1,0.8703280107330511,0.23474746628405588,0.1296719892669489
ANWE|1|1011|2026-06-16|3044,1,ANWE,2026-06-16 05:55:00,2026-06-16,5.0,3.0,0.0,0.25,1,1.81031746031746,network_default,1,3.0,roadClosed,0.2807017543859649,1.5961988304093568,3.117153669526584,57.0,GBT,1,0.870352938919261,0.234702338353306,0.12964706108073898
ANWE|X4|1036|2026-07-14|2795,X4,ANWE,2026-07-14 22:15:00,2026-07-14,22.0,3.0,0.0,-0.55,1,1.81031746031746,network_default,0,0.0,none,0.32407407407407407,9.065586419753087,20.80701406334742,108.0,GBT,1,0.8705410772961693,0.23436174816463326,0.12945892270383075
ANWE|X4|1034|2026-07-14|2790,X4,ANWE,2026-07-14 21:15:00,2026-07-14,21.0,3.0,0.0,0.35,1,1.81031746031746,network_default,0,0.0,none,0.33018867924528306,9.222012578616352,20.97238175663108,106.0,GBT,1,0.8705410772961693,0.23436174816463326,0.12945892270383075
ANWE|2|1067|2026-06-16|3177,2,ANWE,2026-06-16 11:18:00,2026-06-16,11.0,3.0,0.0,0.05,1,1.81031746031746,network_default,1,4.0,roadworks,0.13953488372093026,1.1162790697674423,3.974099130657009,86.0,GBT,1,0.8711554756744752,0.23324949205279535,0.12884452432552485
ANWE|2|1057|2026-06-16|3105,2,ANWE,2026-06-16 10:18:00,2026-06-16,10.0,3.0,0.0,0.11666666666666667,1,1.81031746031746,network_default,1,4.0,roadworks,0.14634146341463417,1.1853658536585372,4.056655009302448,82.0,GBT,1,0.8711554756744752,0.23324949205279535,0.12884452432552485
ANWE|2|1087|2026-06-16|3177,2,ANWE,2026-06-16 13:18:00,2026-06-16,13.0,3.0,0.0,0.2,1,1.81031746031746,network_default,1,4.0,roadworks,0.14130434782608692,1.1423913043478262,3.9583395319353647,92.0,GBT,1,0.8711554756744752,0.23324949205279535,0.12884452432552485
ANWE|2|1063|2026-06-16|3177,2,ANWE,2026-06-16 10:54:00,2026-06-16,10.0,3.0,0.0,0.05,1,1.81031746031746,network_default,1,4.0,roadworks,0.14117647058823535,1.128823529411765,3.9959713411419924,85.0,GBT,1,0.8711554756744752,0.23324949205279535,0.12884452432552485
ANWE|2|1119|2026-06-16|3177,2,ANWE,2026-06-16 16:30:00,2026-06-16,16.0,3.0,1.0,0.2,1,1.81031746031746,network_default,1,4.0,roadworks,0.13888888888888884,1.0246913580246915,3.6835292525398984,108.0,GBT,1,0.8711554756744752,0.23324949205279535,0.12884452432552485
ANWE|2|1111|2026-06-16|3177,2,ANWE,2026-06-16 15:42:00,2026-06-16,15.0,3.0,0.0,3.033333333333333,0,1.81031746031746,network_default,1,4.0,roadworks,0.13461538461538458,1.032852564102564,3.745351996663947,104.0,GBT,1,0.8711554756744752,0.23324949205279535,0.12884452432552485
ANWE|2|1109|2026-06-16|3101,2,ANWE,2026-06-16 15:30:00,2026-06-16,15.0,3.0,0.0,-0.31666666666666665,1,1.81031746031746,network_default,1,4.0,roadworks,0.13592233009708743,1.0459546925566343,3.76127098212522,103.0,GBT,1,0.8711554756744752,0.23324949205279535,0.12884452432552485
ANWE|2|1059|2026-06-16|3177,2,ANWE,2026-06-16 10:30:00,2026-06-16,10.0,3.0,0.0,-0.2,1,1.81031746031746,network_default,1,4.0,roadworks,0.14457831325301207,1.1724899598393579,4.033549542124567,83.0,GBT,1,0.8711554756744752,0.23324949205279535,0.12884452432552485
ANWE|2|1055|2026-06-16|3177,2,ANWE,2026-06-16 10:06:00,2026-06-16,10.0,3.0,0.0,0.1,1,1.81031746031746,network_default,1,4.0,roadworks,0.14814814814814814,1.198765432098766,4.080103976222925,81.0,GBT,1,0.8711554756744752,0.23324949205279535,0.12884452432552485
ANWE|2|1051|2026-06-16|3177,2,ANWE,2026-06-16 09:42:00,2026-06-16,9.0,3.0,1.0,0.15,1,1.81031746031746,network_default,1,4.0,roadworks,0.15189873417721522,1.2280590717299584,4.127783999061062,79.0,GBT,1,0.8711554756744752,0.23324949205279535,0.12884452432552485
ANWE|2|1079|2026-06-16|3177,2,ANWE,2026-06-16 12:30:00,2026-06-16,12.0,3.0,0.0,0.05,1,1.81031746031746,network_default,1,4.0,roadworks,0.1348314606741573,1.0747191011235957,3.9122404973800617,89.0,GBT,1,0.8711554756744752,0.23324949205279535,0.12884452432552485
ANWE|2|1053|2026-06-16|3105,2,ANWE,2026-06-16 09:54:00,2026-06-16,9.0,3.0,1.0,-0.06666666666666667,1,1.81031746031746,network_default,1,4.0,roadworks,0.15000000000000002,1.214583333333334,4.103346182631288,80.0,GBT,1,0.8711554756744752,0.23324949205279535,0.12884452432552485
ANWE|2|1083|2026-06-16|3177,2,ANWE,2026-06-16 12:54:00,2026-06-16,12.0,3.0,0.0,-0.4,1,1.81031746031746,network_default,1,4.0,roadworks,0.1333333333333333,1.0633333333333335,3.891698806498182,90.0,GBT,1,0.8711554756744752,0.23324949205279535,0.12884452432552485
ANWE|2|1099|2026-06-16|3177,2,ANWE,2026-06-16 14:30:00,2026-06-16,14.0,3.0,0.0,-0.23333333333333334,1,1.81031746031746,network_default,1,4.0,roadworks,0.13265306122448983,1.0721088435374149,3.8446462198993983,98.0,GBT,1,0.8711554756744752,0.23324949205279535,0.12884452432552485
ANWE|2|1049|2026-06-16|3105,2,ANWE,2026-06-16 09:30:00,2026-06-16,9.0,3.0,1.0,-0.06666666666666667,1,1.81031746031746,network_default,1,4.0,roadworks,0.1428571428571429,1.0541125541125544,3.82039115354858,77.0,GBT,1,0.8711554756744752,0.23324949205279535,0.12884452432552485
ANWE|2|1093|2026-06-16|3101,2,ANWE,2026-06-16 13:54:00,2026-06-16,13.0,3.0,0.0,-0.15,1,1.81031746031746,network_default,1,4.0,roadworks,0.13684210526315788,1.1140350877192984,3.8980130082475783,95.0,GBT,1,0.8711554756744752,0.23324949205279535,0.12884452432552485
ANWE|2|1117|2026-06-16|3101,2,ANWE,2026-06-16 16:18:00,2026-06-16,16.0,3.0,1.0,-0.21666666666666667,1,1.81031746031746,network_default,1,4.0,roadworks,0.14018691588785048,1.0362928348909657,3.6988806547285513,107.0,GBT,1,0.8711554756744752,0.23324949205279535,0.12884452432552485
ANWE|2|1095|2026-06-16|3177,2,ANWE,2026-06-16 14:06:00,2026-06-16,14.0,3.0,0.0,-0.18333333333333332,1,1.81031746031746,network_default,1,4.0,roadworks,0.13541666666666663,1.1008680555555557,3.879588488601199,96.0,GBT,1,0.8711554756744752,0.23324949205279535,0.12884452432552485
ANWE|2|1113|2026-06-16|3101,2,ANWE,2026-06-16 15:54:00,2026-06-16,15.0,3.0,0.0,0.016666666666666666,1,1.81031746031746,network_default,1,4.0,roadworks,0.1428571428571429,1.051904761904762,3.732411254523511,105.0,GBT,1,0.8711554756744752,0.23324949205279535,0.12884452432552485
ANWE|2|1091|2026-06-16|3177,2,ANWE,2026-06-16 13:42:00,2026-06-16,13.0,3.0,0.0,0.5,1,1.81031746031746,network_default,1,4.0,roadworks,0.13829787234042556,1.1205673758865249,3.918391235919338,94.0,GBT,1,0.8711554756744752,0.23324949205279535,0.12884452432552485
ANWE|2|1107|2026-06-16|3177,2,ANWE,2026-06-16 15:18:00,2026-06-16,15.0,3.0,0.0,3.033333333333333,0,1.81031746031746,network_default,1,4.0,roadworks,0.12745098039215685,1.0264705882352942,3.7746180224359125,102.0,GBT,1,0.8711554756744752,0.23324949205279535,0.12884452432552485
ANWE|2|1075|2026-06-16|3177,2,ANWE,2026-06-16 12:06:00,2026-06-16,12.0,3.0,0.0,-0.16666666666666666,1,1.81031746031746,network_default,1,4.0,roadworks,0.13636363636363635,1.0888257575757578,3.932383255597992,88.0,GBT,1,0.8711554756744752,0.23324949205279535,0.12884452432552485
ANWE|2|1071|2026-06-16|3177,2,ANWE,2026-06-16 11:42:00,2026-06-16,11.0,3.0,0.0,-0.23333333333333334,1,1.81031746031746,network_default,1,4.0,roadworks,0.13793103448275867,1.1040229885057473,3.9525798377948527,87.0,GBT,1,0.8711554756744752,0.23324949205279535,0.12884452432552485
ANWE|2|1097|2026-06-16|3101,2,ANWE,2026-06-16 14:18:00,2026-06-16,14.0,3.0,0.0,-0.43333333333333335,1,1.81031746031746,network_default,1,4.0,roadworks,0.134020618556701,1.0876288659793814,3.8615314606948177,97.0,GBT,1,0.8711554756744752,0.23324949205279535,0.12884452432552485
ANWE|2|1103|2026-06-16|3177,2,ANWE,2026-06-16 14:54:00,2026-06-16,14.0,3.0,0.0,0.0,1,1.81031746031746,network_default,1,4.0,roadworks,0.13,1.0478333333333334,3.8094657747954397,100.0,GBT,1,0.8711554756744752,0.23324949205279535,0.12884452432552485
ANWE|2|1115|2026-06-16|3177,2,ANWE,2026-06-16 16:06:00,2026-06-16,16.0,3.0,1.0,0.4166666666666667,1,1.81031746031746,network_default,1,4.0,roadworks,0.14150943396226412,1.0421383647798743,3.7159560197156822,106.0,GBT,1,0.8711554756744752,0.23324949205279535,0.12884452432552485
ANWE|2|1089|2026-06-16|3101,2,ANWE,2026-06-16 13:30:00,2026-06-16,13.0,3.0,0.0,0.03333333333333333,1,1.81031746031746,network_default,1,4.0,roadworks,0.13978494623655913,1.132258064516129,3.9379807094429142,93.0,GBT,1,0.8711554756744752,0.23324949205279535,0.12884452432552485
ANWE|2|1101|2026-06-16|3101,2,ANWE,2026-06-16 14:42:00,2026-06-16,14.0,3.0,0.0,-0.05,1,1.81031746031746,network_default,1,4.0,roadworks,0.13131313131313127,1.0589225589225588,3.827229918616172,99.0,GBT,1,0.8711554756744752,0.23324949205279535,0.12884452432552485
ANWE|61|1508|2026-06-16|3203,61,ANWE,2026-06-16 06:16:00,2026-06-16,6.0,3.0,0.0,1.0833333333333333,1,1.81031746031746,network_default,0,0.0,none,0.24390243902439024,10.577235772357724,26.677114035801036,41.0,GBT,1,0.8716150736452014,0.23241747382166314,0.1283849263547986
ANWE|61|1506|2026-06-16|3041,61,ANWE,2026-06-16 05:11:00,2026-06-16,5.0,3.0,0.0,0.1,1,1.81031746031746,network_default,0,0.0,none,0.26315789473684215,11.392105263157896,27.568863474686754,38.0,GBT,1,0.8716150736452014,0.23241747382166314,0.1283849263547986
ANWE|2|1123|2026-06-15|3105,2,ANWE,2026-06-15 16:54:00,2026-06-15,16.0,2.0,1.0,-1.0166666666666666,1,1.81031746031746,network_default,1,2.0,roadworks,0.13793103448275867,1.1614942528735634,4.187409429233851,58.0,GBT,1,0.8725258201792462,0.23076873346915827,0.12747417982075382
ANWE|2|1121|2026-06-15|3043,2,ANWE,2026-06-15 16:42:00,2026-06-15,16.0,2.0,1.0,1.0666666666666667,1,1.81031746031746,network_default,1,2.0,roadworks,0.14035087719298245,1.1631578947368424,4.224612240168651,57.0,GBT,1,0.8725258201792462,0.23076873346915827,0.12747417982075382
ANWE|1|1019|2026-06-16|3044,1,ANWE,2026-06-16 06:43:00,2026-06-16,6.0,3.0,0.0,0.11666666666666667,1,1.81031746031746,network_default,1,5.0,roadworks,0.2622950819672131,1.5366120218579236,3.026184830210112,61.0,GBT,1,0.8729602953099581,0.22998219555395674,0.1270397046900419
ANWE|1|1021|2026-06-16|3163,1,ANWE,2026-06-16 06:58:00,2026-06-16,6.0,3.0,0.0,0.06666666666666667,1,1.81031746031746,network_default,1,5.0,roadworks,0.25806451612903225,1.5137096774193548,3.0066903604193276,62.0,GBT,1,0.8729602953099581,0.22998219555395674,0.1270397046900419
ANWE|79C|1102|2026-06-16|3106,79C,ANWE,2026-06-16 22:22:00,2026-06-16,22.0,3.0,0.0,-0.016666666666666666,1,1.81031746031746,network_default,0,0.0,none,0.3761061946902655,6.314528023598816,19.50382435681987,226.0,GBT,1,0.8748040477505823,0.22664441831819188,0.1251959522494177
ANWE|2|1015|2026-06-16|3177,2,ANWE,2026-06-16 06:01:00,2026-06-16,6.0,3.0,0.0,0.05,1,1.81031746031746,network_default,0,0.0,none,0.1333333333333333,1.1038888888888891,4.128527558236852,60.0,GBT,1,0.8748977404427891,0.22647480480158572,0.12510225955721088
ANWE|2|1011|2026-06-16|3177,2,ANWE,2026-06-16 05:37:00,2026-06-16,5.0,3.0,0.0,-0.11666666666666667,1,1.81031746031746,network_default,0,0.0,none,0.13559322033898302,1.1245762711864409,4.160828502926818,59.0,GBT,1,0.8748977404427891,0.22647480480158572,0.12510225955721088
ANWE|79C|1002|2026-06-16|3106,79C,ANWE,2026-06-16 03:50:00,2026-06-16,3.0,3.0,0.0,0.3333333333333333,1,1.81031746031746,network_default,1,2.0,roadworks,0.4424778761061947,7.00412979351032,22.614582418237504,113.0,GBT,1,0.8750398117063666,0.22621761071252205,0.12496018829363342
ANWE|110|1106|2026-06-16|3163,110,ANWE,2026-06-16 21:00:00,2026-06-16,21.0,3.0,0.0,-0.35,1,1.81031746031746,network_default,1,2.0,roadworks,0.36641221374045807,4.347964376590331,11.592425692287181,131.0,GBT,1,0.87510491365694,0.2260997555146983,0.12489508634306001
ANWE|X4|1030|2026-06-16|2791,X4,ANWE,2026-06-16 19:25:00,2026-06-16,19.0,3.0,0.0,0.11666666666666667,1,1.81031746031746,network_default,1,7.0,roadworks,0.26388888888888884,3.078240740740741,9.453680688047182,72.0,GBT,1,0.8761497201114077,0.22420832414752306,0.12385027988859232
ANWE|79C|1024|2026-06-16|3101,79C,ANWE,2026-06-16 06:50:00,2026-06-16,6.0,3.0,0.0,0.43333333333333335,1,1.81031746031746,network_default,0,0.0,none,0.3984962406015038,6.398621553884707,21.149636934135785,133.0,GBT,1,0.8764391959130043,0.22368428104955324,0.12356080408699566
ANWE|82A|1069|2026-07-14|3048,82A,ANWE,2026-07-14 21:07:00,2026-07-14,21.0,3.0,0.0,-1.5333333333333334,1,1.81031746031746,network_default,0,0.0,none,0.43999999999999995,23.93962962962962,40.261797709155104,225.0,GBT,1,0.8770483375352512,0.22258154133499355,0.12295166246474876
ANWE|X4|1038|2026-07-14|2789,X4,ANWE,2026-07-14 23:15:00,2026-07-14,23.0,3.0,0.0,-0.03333333333333333,1,1.81031746031746,network_default,0,0.0,none,0.3211009174311926,8.97737003058104,20.730929994848662,109.0,GBT,1,0.8779997343866669,0.22085921100318473,0.1220002656133331
ANWE|82A|1066|2026-06-15|3053,82A,ANWE,2026-06-15 22:20:00,2026-06-15,22.0,2.0,0.0,0.18333333333333332,1,1.81031746031746,network_default,1,3.0,roadClosed,0.41025641025641024,17.14017094017094,37.21421418803221,78.0,GBT,1,0.878855082470528,0.21931075943232187,0.12114491752947198
ANWE|82A|1015|2026-06-16|2790,82A,ANWE,2026-06-16 05:50:00,2026-06-16,5.0,3.0,0.0,0.08333333333333333,1,1.81031746031746,network_default,1,3.0,roadClosed,0.375,15.268560606060602,35.40856205955384,88.0,GBT,1,0.8804414823419728,0.21643887204599993,0.11955851765802716
ANWE|82A|1001|2026-06-16|3078,82A,ANWE,2026-06-16 03:57:00,2026-06-16,3.0,3.0,0.0,-0.16666666666666666,1,1.81031746031746,network_default,1,3.0,roadClosed,0.40506329113924056,16.925527426160336,37.02407748537101,79.0,GBT,1,0.8804414823419728,0.21643887204599993,0.11955851765802716
ANWE|82A|1019|2026-06-16|3045,82A,ANWE,2026-06-16 06:57:00,2026-06-16,6.0,3.0,0.0,0.13333333333333333,1,1.81031746031746,network_default,1,3.0,roadClosed,0.35789473684210527,14.262982456140346,34.26811794769292,95.0,GBT,1,0.8804414823419728,0.21643887204599993,0.11955851765802716
ANWE|2|1017|2026-06-16|3105,2,ANWE,2026-06-16 06:13:00,2026-06-16,6.0,3.0,0.0,0.016666666666666666,1,1.81031746031746,network_default,1,2.0,roadworks,0.1311475409836066,1.0866120218579236,4.096201740718818,61.0,GBT,1,0.8817214985904926,0.21412163628181446,0.11827850140950735
ANWE|2|1123|2026-06-16|3177,2,ANWE,2026-06-16 16:54:00,2026-06-16,16.0,3.0,1.0,-0.06666666666666667,1,1.81031746031746,network_default,1,4.0,roadworks,0.13636363636363635,1.0066666666666666,3.652073545599386,110.0,GBT,1,0.882031863285102,0.21355977765609713,0.11796813671489803
ANWE|79C|1100|2026-06-16|3077,79C,ANWE,2026-06-16 21:22:00,2026-06-16,21.0,3.0,0.0,-0.2,1,1.81031746031746,network_default,0,0.0,none,0.38009049773755654,6.390573152337855,19.69645760781023,221.0,GBT,1,0.882244076922452,0.2131756036030849,0.11775592307754801
ANWE|82A|1067|2026-07-14|3178,82A,ANWE,2026-07-14 20:07:00,2026-07-14,20.0,3.0,0.0,0.06666666666666667,1,1.81031746031746,network_default,0,0.0,none,0.4414414414414415,24.275675675675668,40.428742798439345,222.0,GBT,1,0.882244076922452,0.2131756036030849,0.11775592307754801
ANWE|79C|1008|2026-06-16|3049,79C,ANWE,2026-06-16 04:30:00,2026-06-16,4.0,3.0,0.0,0.06666666666666667,1,1.81031746031746,network_default,1,2.0,roadworks,0.43103448275862066,6.838649425287353,22.34120309095709,116.0,GBT,1,0.8826828336134269,0.21238131470458188,0.11731716638657308
ANWE|79C|1010|2026-06-16|3001,79C,ANWE,2026-06-16 04:50:00,2026-06-16,4.0,3.0,0.0,0.18333333333333332,1,1.81031746031746,network_default,1,2.0,roadworks,0.4273504273504274,6.780769230769228,22.2535048915612,117.0,GBT,1,0.8826828336134269,0.21238131470458188,0.11731716638657308
ANWE|79C|1004|2026-06-16|3164,79C,ANWE,2026-06-16 04:10:00,2026-06-16,4.0,3.0,0.0,-0.016666666666666666,1,1.81031746031746,network_default,1,2.0,roadworks,0.4385964912280702,6.945614035087716,22.52296272288086,114.0,GBT,1,0.8826828336134269,0.21238131470458188,0.11731716638657308
ANWE|79C|1014|2026-06-16|3104,79C,ANWE,2026-06-16 05:10:00,2026-06-16,5.0,3.0,0.0,-0.25,1,1.81031746031746,network_default,1,2.0,roadworks,0.4201680672268907,6.6663865546218455,22.081611059926114,119.0,GBT,1,0.8826828336134269,0.21238131470458188,0.11731716638657308
ANWE|79C|1016|2026-06-16|3018,79C,ANWE,2026-06-16 05:30:00,2026-06-16,5.0,3.0,0.0,0.55,1,1.81031746031746,network_default,1,2.0,roadworks,0.4132231404958677,6.561432506887049,21.912032044089234,121.0,GBT,1,0.8826828336134269,0.21238131470458188,0.11731716638657308
ANWE|110|1056|2026-07-14|2968,110,ANWE,2026-07-14 19:55:00,2026-07-14,19.0,3.0,0.0,-0.03333333333333333,1,1.81031746031746,network_default,0,0.0,none,0.4228571428571428,7.840857142857144,16.92882248918333,175.0,GBT,1,0.8828201198112176,0.2121327831036609,0.11717988018878245
ANWE|110|1106|2026-07-14|3206,110,ANWE,2026-07-14 21:00:00,2026-07-14,21.0,3.0,0.0,0.18333333333333332,1,1.81031746031746,network_default,0,0.0,none,0.4157303370786517,7.721535580524346,16.809788255112405,178.0,GBT,1,0.8828201198112176,0.2121327831036609,0.11717988018878245
ANWE|82A|1009|2026-06-16|2968,82A,ANWE,2026-06-16 04:57:00,2026-06-16,4.0,3.0,0.0,-0.3,1,1.81031746031746,network_default,1,3.0,roadClosed,0.3855421686746988,16.108232931726906,36.294204649617726,83.0,GBT,1,0.8828507767048626,0.21207728439381623,0.11714922329513744
ANWE|82A|1005|2026-06-16|3138,82A,ANWE,2026-06-16 04:27:00,2026-06-16,4.0,3.0,0.0,0.1,1,1.81031746031746,network_default,1,3.0,roadClosed,0.3950617283950617,16.507201646090532,36.65395044063687,81.0,GBT,1,0.8828507767048626,0.21207728439381623,0.11714922329513744
ANWE|110|1059|2026-06-16|3163,110,ANWE,2026-06-16 19:55:00,2026-06-16,19.0,3.0,0.0,0.0,1,1.81031746031746,network_default,1,2.0,roadworks,0.3671875,4.466276041666666,11.697799380434697,128.0,GBT,1,0.8829695904876066,0.21186219372838835,0.11703040951239341
ANWE|79C|1099|2026-06-15|3164,79C,ANWE,2026-06-15 22:17:00,2026-06-15,22.0,2.0,0.0,0.75,1,1.81031746031746,network_default,1,2.0,roadworks,0.4504504504504504,7.117417417417414,22.803204451778985,111.0,GBT,1,0.8836119456286273,0.21069932700087385,0.11638805437137267
ANWE|79C|1097|2026-06-15|3203,79C,ANWE,2026-06-15 21:47:00,2026-06-15,21.0,2.0,0.0,8.033333333333333,0,1.81031746031746,network_default,1,2.0,roadworks,0.4495412844036697,7.179969418960241,23.001085564359208,109.0,GBT,1,0.8836119456286273,0.21069932700087385,0.11638805437137267
ANWE|79C|1093|2026-06-15|3001,79C,ANWE,2026-06-15 21:17:00,2026-06-15,21.0,2.0,0.0,0.75,1,1.81031746031746,network_default,1,2.0,roadworks,0.4528301886792453,7.311320754716978,23.31042373589399,106.0,GBT,1,0.8836119456286273,0.21069932700087385,0.11638805437137267
ANWE|X4|1034|2026-06-16|2794,X4,ANWE,2026-06-16 21:15:00,2026-06-16,21.0,3.0,0.0,-0.08333333333333333,1,1.81031746031746,network_default,1,4.0,roadworks,0.25,2.915350877192983,9.224521974228336,76.0,GBT,1,0.8866593696964732,0.20518252200186082,0.11334063030352681
ANWE|79C|1102|2026-06-15|3020,79C,ANWE,2026-06-15 22:22:00,2026-06-15,22.0,2.0,0.0,0.6833333333333333,1,1.81031746031746,network_default,1,2.0,roadworks,0.4464285714285714,7.060565476190473,22.70822700149066,112.0,GBT,1,0.8898991339576412,0.19931752019255589,0.1101008660423588
ANWE|82A|1067|2026-06-16|3045,82A,ANWE,2026-06-16 20:07:00,2026-06-16,20.0,3.0,0.0,0.08333333333333333,1,1.81031746031746,network_default,0,0.0,none,0.30519480519480524,11.39588744588744,29.342163722838603,154.0,GBT,1,0.8906080479264821,0.1980341608569003,0.10939195207351793
ANWE|110|1060|2026-06-16|3020,110,ANWE,2026-06-16 22:05:00,2026-06-16,22.0,3.0,0.0,-0.03333333333333333,1,1.81031746031746,network_default,0,0.0,none,0.368421052631579,4.299248120300752,11.512473996114055,133.0,GBT,1,0.8924192136012661,0.19475537601231113,0.10758078639873392
ANWE|79C|1094|2026-06-16|3164,79C,ANWE,2026-06-16 19:22:00,2026-06-16,19.0,3.0,0.0,-0.06666666666666667,1,1.81031746031746,network_default,0,0.0,none,0.39252336448598135,6.5994548286604315,19.98286592516144,214.0,GBT,1,0.893625749035126,0.19257116384990275,0.10637425096487396
ANWE|79C|1096|2026-06-16|3001,79C,ANWE,2026-06-16 19:52:00,2026-06-16,19.0,3.0,0.0,0.03333333333333333,1,1.81031746031746,network_default,0,0.0,none,0.38888888888888884,6.537499999999996,19.900075328048764,216.0,GBT,1,0.893625749035126,0.19257116384990275,0.10637425096487396
ANWE|82A|1017|2026-06-16|3043,82A,ANWE,2026-06-16 06:27:00,2026-06-16,6.0,3.0,0.0,0.5166666666666667,1,1.81031746031746,network_default,1,3.0,roadClosed,0.3655913978494624,14.564516129032253,34.57549485341799,93.0,GBT,1,0.8938716301832343,0.1921260409143194,0.10612836981676566
ANWE|82A|1013|2026-06-16|3140,82A,ANWE,2026-06-16 05:27:00,2026-06-16,5.0,3.0,0.0,1.0333333333333334,1,1.81031746031746,network_default,1,3.0,roadClosed,0.3793103448275862,15.432183908045973,35.58035359536147,87.0,GBT,1,0.8938716301832343,0.1921260409143194,0.10612836981676566
ANWE|2|1019|2026-06-16|3177,2,ANWE,2026-06-16 06:25:00,2026-06-16,6.0,3.0,0.0,0.11666666666666667,1,1.81031746031746,network_default,1,2.0,roadworks,0.12903225806451613,1.0693548387096776,4.064759466721076,62.0,GBT,1,0.8947136807308386,0.1906016621055216,0.10528631926916143
ANWE|2|1023|2026-06-16|3177,2,ANWE,2026-06-16 06:49:00,2026-06-16,6.0,3.0,0.0,0.03333333333333333,1,1.81031746031746,network_default,1,2.0,roadworks,0.125,1.0359375000000002,4.004166941953092,64.0,GBT,1,0.8947136807308386,0.1906016621055216,0.10528631926916143
ANWE|2|1021|2026-06-16|3105,2,ANWE,2026-06-16 06:37:00,2026-06-16,6.0,3.0,0.0,-0.11666666666666667,1,1.81031746031746,network_default,1,2.0,roadworks,0.12698412698412698,1.0542328042328044,4.033632096210605,63.0,GBT,1,0.8947136807308386,0.1906016621055216,0.10528631926916143
ANWE|110|1056|2026-06-16|3020,110,ANWE,2026-06-16 19:55:00,2026-06-16,19.0,3.0,0.0,0.016666666666666666,1,1.81031746031746,network_default,1,2.0,roadworks,0.3700787401574803,4.501312335958005,11.737382922785594,127.0,GBT,1,0.8961492499242367,0.18800282612921906,0.10385075007576328
ANWE|X4|1035|2026-06-16|2791,X4,ANWE,2026-06-16 20:50:00,2026-06-16,20.0,3.0,0.0,0.15,1,1.81031746031746,network_default,1,7.0,roadworks,0.2533333333333333,2.9522222222222223,9.281000860735709,75.0,GBT,1,0.8983978598653724,0.18393212829133782,0.10160214013462765
ANWE|X4|1033|2026-06-16|2794,X4,ANWE,2026-06-16 19:50:00,2026-06-16,19.0,3.0,0.0,-0.36666666666666664,1,1.81031746031746,network_default,1,7.0,roadworks,0.26027397260273977,3.0376712328767126,9.39419763925971,73.0,GBT,1,0.8983978598653724,0.18393212829133782,0.10160214013462765
ANWE|X4|1031|2026-06-16|2792,X4,ANWE,2026-06-16 19:00:00,2026-06-16,19.0,3.0,0.0,-0.1,1,1.81031746031746,network_default,1,7.0,roadworks,0.2676056338028169,3.123004694835681,9.513279509890948,71.0,GBT,1,0.8983978598653724,0.18393212829133782,0.10160214013462765
ANWE|82A|1067|2026-06-15|3106,82A,ANWE,2026-06-15 20:07:00,2026-06-15,20.0,2.0,0.0,0.9166666666666666,1,1.81031746031746,network_default,1,3.0,roadClosed,0.42666666666666664,17.789555555555552,37.81441094973549,75.0,GBT,1,0.8986500664120607,0.18347555437626153,0.10134993358793931
ANWE|110|1060|2026-07-14|2968,110,ANWE,2026-07-14 22:05:00,2026-07-14,22.0,3.0,0.0,-0.18333333333333332,1,1.81031746031746,network_default,0,0.0,none,0.4111111111111111,7.646944444444446,16.730730364570693,180.0,GBT,1,0.9044236746673533,0.1730234905426723,0.0955763253326467
ANWE|X4|1037|2026-06-16|2793,X4,ANWE,2026-06-16 21:50:00,2026-06-16,21.0,3.0,0.0,-0.26666666666666666,1,1.81031746031746,network_default,1,4.0,roadworks,0.24675324675324672,2.8764069264069265,9.170003121132993,77.0,GBT,1,0.9061820166363479,0.1698403333749924,0.0938179833636521
